  0
SECTION
  2
HEADER
  9
$ANGBASE
  50
0.0
  9
$ANGDIR
  70
1
  9
$MEASUREMENT
  70
1
  0
ENDSEC
  0
SECTION
  2
TABLES
  0
TABLE
  2
LTYPE
  70
4
  0
LTYPE
  5
40F
  2
CONTINUOUS
  70
0
  3
Solid line
  72
65
  73
0
  40
0.0
  0
LTYPE
  5
410
  2
DASHDOT
 70
0
  3
Dash Dot ____ _ ____ _
 72
65
 73
4
 40
2.0
 49
1.25
 49
-0.25
 49
0.25
 49
-0.25
  0
LTYPE
  5
411
  2
DASHED
 70
0
  3
Dashed __ __ __ __ __
 72
65
 73
2
 40
0.75
 49
0.5
 49
-0.25
  0
LTYPE
  5
43B
  2
DOTTED
 70
0
  3
Dotted .  .  .  .
 72
65
 73
2
 40
0.2
 49
0.0
 49
-0.2
  0
ENDTAB
  0
TABLE
  2
STYLE
  70
4
  0
STYLE
  2
KICAD
  70
0
  40
0
  41
1
  42
1
  50
0
  71
0
  3
isocp.shx
  0
STYLE
  2
KICADB
  70
0
  40
0
  41
1
  42
1
  50
0
  71
0
  3
isocp.shx
  0
STYLE
  2
KICADI
  70
0
  40
0
  41
1
  42
1
  50
15
  71
0
  3
isocp.shx
  0
STYLE
  2
KICADBI
  70
0
  40
0
  41
1
  42
1
  50
15
  71
0
  3
isocp.shx
  0
ENDTAB
  0
TABLE
  2
LAYER
  70
1
  0
LAYER
  2
BLACK
  70
0
  62
7
  6
CONTINUOUS
  0
ENDTAB
  0
ENDSEC
  0
SECTION
  2
ENTITIES
0
LINE
8
BLACK
6
CONTINUOUS
10
57.3999999999999986
20
-153.5
11
105.5999999999999943
21
-153.5
0
LINE
8
BLACK
6
CONTINUOUS
10
112.5
20
-159.5
11
105.5999999999999943
21
-153.5
0
LINE
8
BLACK
6
CONTINUOUS
10
121.5
20
-159.5
11
112.5
21
-159.5
0
LINE
8
BLACK
6
CONTINUOUS
10
121.5
20
-153.5
11
121.5
21
-159.5
0
LINE
8
BLACK
6
CONTINUOUS
10
50.5
20
-159.5
11
57.3999999999999986
21
-153.5
0
LINE
8
BLACK
6
CONTINUOUS
10
41.5
20
-159.5
11
50.5
21
-159.5
0
LINE
8
BLACK
6
CONTINUOUS
10
41.5
20
-153.5
11
41.5
21
-159.5
0
LINE
8
BLACK
6
CONTINUOUS
10
92.
20
-104.
11
92.
21
-87.
0
LINE
8
BLACK
6
CONTINUOUS
10
71.
20
-87.
11
71.
21
-104.
0
LINE
8
BLACK
6
CONTINUOUS
10
105.
20
-104.
11
121.5
21
-107.5
0
LINE
8
BLACK
6
CONTINUOUS
10
92.
20
-104.
11
105.
21
-104.
0
LINE
8
BLACK
6
CONTINUOUS
10
58.
20
-104.
11
41.5
21
-107.5
0
LINE
8
BLACK
6
CONTINUOUS
10
71.
20
-104.
11
58.
21
-104.
0
LINE
8
BLACK
6
CONTINUOUS
10
114.
20
-87.
11
92.
21
-87.
0
LINE
8
BLACK
6
CONTINUOUS
10
49.
20
-87.
11
71.
21
-87.
0
LINE
8
BLACK
6
CONTINUOUS
10
49.
20
-69.
11
49.
21
-87.
0
LINE
8
BLACK
6
CONTINUOUS
10
114.
20
-69.
11
114.
21
-87.
0
LINE
8
BLACK
6
CONTINUOUS
10
49.
20
-69.
11
114.
21
-69.
0
LINE
8
BLACK
6
CONTINUOUS
10
41.5
20
-107.5
11
41.5
21
-153.5
0
LINE
8
BLACK
6
CONTINUOUS
10
121.5
20
-153.5
11
121.5
21
-107.5
0
LINE
8
BLACK
6
CONTINUOUS
10
92.8999999999999915
20
-125.5
11
93.0999999999999943
21
-125.6999999999999886
0
LINE
8
BLACK
6
CONTINUOUS
10
93.0999999999999943
20
-125.5
11
92.8999999999999915
21
-125.6999999999999886
0
LINE
8
BLACK
6
CONTINUOUS
10
92.8999999999999915
20
-126.8999999999999915
11
93.0999999999999943
21
-127.0999999999999943
0
LINE
8
BLACK
6
CONTINUOUS
10
93.0999999999999943
20
-126.8999999999999915
11
92.8999999999999915
21
-127.0999999999999943
0
LINE
8
BLACK
6
CONTINUOUS
10
93.5999999999999943
20
-124.7999999999999972
11
93.7999999999999972
21
-125.
0
LINE
8
BLACK
6
CONTINUOUS
10
93.7999999999999972
20
-124.7999999999999972
11
93.5999999999999943
21
-125.
0
LINE
8
BLACK
6
CONTINUOUS
10
93.5999999999999943
20
-126.1999999999999886
11
93.7999999999999972
21
-126.3999999999999915
0
LINE
8
BLACK
6
CONTINUOUS
10
93.7999999999999972
20
-126.1999999999999886
11
93.5999999999999943
21
-126.3999999999999915
0
LINE
8
BLACK
6
CONTINUOUS
10
93.5999999999999943
20
-127.5999999999999943
11
93.7999999999999972
21
-127.7999999999999972
0
LINE
8
BLACK
6
CONTINUOUS
10
93.7999999999999972
20
-127.5999999999999943
11
93.5999999999999943
21
-127.7999999999999972
0
LINE
8
BLACK
6
CONTINUOUS
10
94.2999999999999972
20
-125.5
11
94.5
21
-125.6999999999999886
0
LINE
8
BLACK
6
CONTINUOUS
10
94.5
20
-125.5
11
94.2999999999999972
21
-125.6999999999999886
0
LINE
8
BLACK
6
CONTINUOUS
10
94.2999999999999972
20
-126.8999999999999915
11
94.5
21
-127.0999999999999943
0
LINE
8
BLACK
6
CONTINUOUS
10
94.5
20
-126.8999999999999915
11
94.2999999999999972
21
-127.0999999999999943
0
LINE
8
BLACK
6
CONTINUOUS
10
95.
20
-124.7999999999999972
11
95.1999999999999886
21
-125.
0
LINE
8
BLACK
6
CONTINUOUS
10
95.1999999999999886
20
-124.7999999999999972
11
95.
21
-125.
0
LINE
8
BLACK
6
CONTINUOUS
10
95.
20
-126.1999999999999886
11
95.1999999999999886
21
-126.3999999999999915
0
LINE
8
BLACK
6
CONTINUOUS
10
95.1999999999999886
20
-126.1999999999999886
11
95.
21
-126.3999999999999915
0
LINE
8
BLACK
6
CONTINUOUS
10
95.
20
-127.5999999999999943
11
95.1999999999999886
21
-127.7999999999999972
0
LINE
8
BLACK
6
CONTINUOUS
10
95.1999999999999886
20
-127.5999999999999943
11
95.
21
-127.7999999999999972
0
LINE
8
BLACK
6
CONTINUOUS
10
95.6999999999999886
20
-125.5
11
95.8999999999999915
21
-125.6999999999999886
0
LINE
8
BLACK
6
CONTINUOUS
10
95.8999999999999915
20
-125.5
11
95.6999999999999886
21
-125.6999999999999886
0
LINE
8
BLACK
6
CONTINUOUS
10
95.6999999999999886
20
-126.8999999999999915
11
95.8999999999999915
21
-127.0999999999999943
0
LINE
8
BLACK
6
CONTINUOUS
10
95.8999999999999915
20
-126.8999999999999915
11
95.6999999999999886
21
-127.0999999999999943
0
CIRCLE
8
BLACK
10
56.8999999999999986
20
-83.
40
0.15
0
CIRCLE
8
BLACK
10
63.
20
-126.
40
0.15
0
CIRCLE
8
BLACK
10
63.5
20
-141.5
40
0.15
0
CIRCLE
8
BLACK
10
64.7999999999999972
20
-82.7000000000000028
40
0.15
0
CIRCLE
8
BLACK
10
66.3710640000000041
20
-126.1856979999999879
40
0.15
0
CIRCLE
8
BLACK
10
66.5
20
-116.
40
0.15
0
CIRCLE
8
BLACK
10
70.
20
-126.
40
0.15
0
CIRCLE
8
BLACK
10
72.7999999999999972
20
-82.7000000000000028
40
0.15
0
CIRCLE
8
BLACK
10
73.0081749999999943
20
-137.4255660000000034
40
0.15
0
CIRCLE
8
BLACK
10
73.0327369999999974
20
-139.4249999999999829
40
0.15
0
CIRCLE
8
BLACK
10
73.5
20
-126.
40
0.15
0
CIRCLE
8
BLACK
10
75.5999999999999943
20
-146.
40
0.15
0
CIRCLE
8
BLACK
10
75.75
20
-139.5
40
0.15
0
CIRCLE
8
BLACK
10
77.
20
-139.75
40
0.15
0
CIRCLE
8
BLACK
10
78.5
20
-138.5
40
0.15
0
CIRCLE
8
BLACK
10
79.
20
-133.25
40
0.15
0
CIRCLE
8
BLACK
10
79.
20
-139.25
40
0.15
0
CIRCLE
8
BLACK
10
79.75
20
-139.75
40
0.15
0
CIRCLE
8
BLACK
10
80.0999999999999943
20
-82.5999999999999943
40
0.15
0
CIRCLE
8
BLACK
10
80.3999999999999915
20
-146.
40
0.15
0
CIRCLE
8
BLACK
10
80.7999999999999972
20
-109.7999999999999972
40
0.15
0
CIRCLE
8
BLACK
10
83.2000000000000028
20
-110.5999999999999943
40
0.15
0
CIRCLE
8
BLACK
10
85.75
20
-129.75
40
0.15
0
CIRCLE
8
BLACK
10
86.
20
-135.5
40
0.15
0
CIRCLE
8
BLACK
10
86.75
20
-129.75
40
0.15
0
CIRCLE
8
BLACK
10
87.5
20
-127.5
40
0.15
0
CIRCLE
8
BLACK
10
87.5
20
-129.
40
0.15
0
CIRCLE
8
BLACK
10
88.8999999999999915
20
-82.7999999999999972
40
0.15
0
CIRCLE
8
BLACK
10
91.
20
-114.3999999999999915
40
0.15
0
CIRCLE
8
BLACK
10
92.2999999999999972
20
-114.3999999999999915
40
0.15
0
CIRCLE
8
BLACK
10
93.5999999999999943
20
-114.3999999999999915
40
0.15
0
CIRCLE
8
BLACK
10
94.7999999999999972
20
-114.3999999999999915
40
0.15
0
CIRCLE
8
BLACK
10
95.25
20
-119.75
40
0.15
0
CIRCLE
8
BLACK
10
96.
20
-147.
40
0.15
0
CIRCLE
8
BLACK
10
96.0999999999999943
20
-114.3999999999999915
40
0.15
0
CIRCLE
8
BLACK
10
96.6999999999999886
20
-82.7000000000000028
40
0.15
0
CIRCLE
8
BLACK
10
97.
20
-118.
40
0.15
0
CIRCLE
8
BLACK
10
97.
20
-120.0999999999999943
40
0.15
0
CIRCLE
8
BLACK
10
97.2999999999999972
20
-114.3999999999999915
40
0.15
0
CIRCLE
8
BLACK
10
98.5
20
-144.25
40
0.15
0
CIRCLE
8
BLACK
10
98.6999999999999886
20
-111.0999999999999943
40
0.15
0
CIRCLE
8
BLACK
10
99.8999999999999915
20
-113.7999999999999972
40
0.15
0
CIRCLE
8
BLACK
10
103.5
20
-134.
40
0.15
0
CIRCLE
8
BLACK
10
104.
20
-130.5
40
0.15
0
CIRCLE
8
BLACK
10
104.5
20
-82.7000000000000028
40
0.15
0
CIRCLE
8
BLACK
10
106.0999999999999943
20
-85.2999999999999972
40
0.15
0
CIRCLE
8
BLACK
10
108.75
20
-120.75
40
0.15
0
CIRCLE
8
BLACK
10
108.75
20
-126.75
40
0.15
0
CIRCLE
8
BLACK
10
112.5
20
-82.7000000000000028
40
0.15
0
CIRCLE
8
BLACK
10
114.
20
-121.5
40
0.15
0
CIRCLE
8
BLACK
10
116.6187499999999915
20
-119.6999999999999886
40
0.15
0
CIRCLE
8
BLACK
10
118.6999999999999886
20
-133.
40
0.15
0
LINE
8
BLACK
6
CONTINUOUS
10
73.6799999999999926
20
-147.5749999999999886
11
73.6799999999999926
21
-148.1749999999999829
0
LINE
8
BLACK
6
CONTINUOUS
10
73.3799999999999955
20
-147.875
11
73.9799999999999898
21
-147.875
0
LINE
8
BLACK
6
CONTINUOUS
10
73.3799999999999955
20
-147.3249999999999886
11
73.3799999999999955
21
-148.4249999999999829
0
ARC
8
BLACK
10
73.6799999999999926
20
-148.4249999999999829
40
0.3
50
-180.00000000
51
0.00000000
0
LINE
8
BLACK
6
CONTINUOUS
10
73.9799999999999898
20
-148.4249999999999829
11
73.9799999999999898
21
-147.3249999999999886
0
ARC
8
BLACK
10
73.6799999999999926
20
-147.3249999999999886
40
0.3
50
0.00000000
51
180.00000000
0
LINE
8
BLACK
6
CONTINUOUS
10
73.6799999999999926
20
-151.7750000000000057
11
73.6799999999999926
21
-152.375
0
LINE
8
BLACK
6
CONTINUOUS
10
73.3799999999999955
20
-152.0749999999999886
11
73.9799999999999898
21
-152.0749999999999886
0
LINE
8
BLACK
6
CONTINUOUS
10
73.3799999999999955
20
-151.6749999999999829
11
73.3799999999999955
21
-152.4749999999999943
0
ARC
8
BLACK
10
73.6799999999999926
20
-152.4749999999999943
40
0.3
50
-180.00000000
51
0.00000000
0
LINE
8
BLACK
6
CONTINUOUS
10
73.9799999999999898
20
-152.4749999999999943
11
73.9799999999999898
21
-151.6749999999999829
0
ARC
8
BLACK
10
73.6799999999999926
20
-151.6749999999999829
40
0.3
50
0.00000000
51
180.00000000
0
LINE
8
BLACK
6
CONTINUOUS
10
82.3199999999999932
20
-147.5749999999999886
11
82.3199999999999932
21
-148.1749999999999829
0
LINE
8
BLACK
6
CONTINUOUS
10
82.019999999999996
20
-147.875
11
82.6199999999999903
21
-147.875
0
LINE
8
BLACK
6
CONTINUOUS
10
82.019999999999996
20
-147.3249999999999886
11
82.019999999999996
21
-148.4249999999999829
0
ARC
8
BLACK
10
82.3199999999999932
20
-148.4249999999999829
40
0.3
50
-180.00000000
51
0.00000000
0
LINE
8
BLACK
6
CONTINUOUS
10
82.6199999999999903
20
-148.4249999999999829
11
82.6199999999999903
21
-147.3249999999999886
0
ARC
8
BLACK
10
82.3199999999999932
20
-147.3249999999999886
40
0.3
50
0.00000000
51
180.00000000
0
LINE
8
BLACK
6
CONTINUOUS
10
82.3199999999999932
20
-151.7750000000000057
11
82.3199999999999932
21
-152.375
0
LINE
8
BLACK
6
CONTINUOUS
10
82.019999999999996
20
-152.0749999999999886
11
82.6199999999999903
21
-152.0749999999999886
0
LINE
8
BLACK
6
CONTINUOUS
10
82.019999999999996
20
-151.6749999999999829
11
82.019999999999996
21
-152.4749999999999943
0
ARC
8
BLACK
10
82.3199999999999932
20
-152.4749999999999943
40
0.3
50
-180.00000000
51
0.00000000
0
LINE
8
BLACK
6
CONTINUOUS
10
82.6199999999999903
20
-152.4749999999999943
11
82.6199999999999903
21
-151.6749999999999829
0
ARC
8
BLACK
10
82.3199999999999932
20
-151.6749999999999829
40
0.3
50
0.00000000
51
180.00000000
0
LINE
8
BLACK
6
CONTINUOUS
10
50.853556999999995
20
-114.6535569999999922
11
50.853556999999995
21
-113.9464429999999879
0
LINE
8
BLACK
6
CONTINUOUS
10
50.853556999999995
20
-113.9464429999999879
11
50.1464429999999979
21
-113.9464429999999879
0
LINE
8
BLACK
6
CONTINUOUS
10
50.1464429999999979
20
-113.9464429999999879
11
50.1464429999999979
21
-114.6535569999999922
0
LINE
8
BLACK
6
CONTINUOUS
10
50.1464429999999979
20
-114.6535569999999922
11
50.853556999999995
21
-114.6535569999999922
0
LINE
8
BLACK
6
CONTINUOUS
10
50.853556999999995
20
-117.1935569999999984
11
50.853556999999995
21
-116.4864429999999942
0
LINE
8
BLACK
6
CONTINUOUS
10
50.853556999999995
20
-116.4864429999999942
11
50.1464429999999979
21
-116.4864429999999942
0
LINE
8
BLACK
6
CONTINUOUS
10
50.1464429999999979
20
-116.4864429999999942
11
50.1464429999999979
21
-117.1935569999999984
0
LINE
8
BLACK
6
CONTINUOUS
10
50.1464429999999979
20
-117.1935569999999984
11
50.853556999999995
21
-117.1935569999999984
0
LINE
8
BLACK
6
CONTINUOUS
10
50.853556999999995
20
-119.7335569999999905
11
50.853556999999995
21
-119.0264430000000004
0
LINE
8
BLACK
6
CONTINUOUS
10
50.853556999999995
20
-119.0264430000000004
11
50.1464429999999979
21
-119.0264430000000004
0
LINE
8
BLACK
6
CONTINUOUS
10
50.1464429999999979
20
-119.0264430000000004
11
50.1464429999999979
21
-119.7335569999999905
0
LINE
8
BLACK
6
CONTINUOUS
10
50.1464429999999979
20
-119.7335569999999905
11
50.853556999999995
21
-119.7335569999999905
0
LINE
8
BLACK
6
CONTINUOUS
10
50.853556999999995
20
-122.2735569999999967
11
50.853556999999995
21
-121.5664429999999925
0
LINE
8
BLACK
6
CONTINUOUS
10
50.853556999999995
20
-121.5664429999999925
11
50.1464429999999979
21
-121.5664429999999925
0
LINE
8
BLACK
6
CONTINUOUS
10
50.1464429999999979
20
-121.5664429999999925
11
50.1464429999999979
21
-122.2735569999999967
0
LINE
8
BLACK
6
CONTINUOUS
10
50.1464429999999979
20
-122.2735569999999967
11
50.853556999999995
21
-122.2735569999999967
0
LINE
8
BLACK
6
CONTINUOUS
10
50.853556999999995
20
-124.8135569999999888
11
50.853556999999995
21
-124.1064429999999987
0
LINE
8
BLACK
6
CONTINUOUS
10
50.853556999999995
20
-124.1064429999999987
11
50.1464429999999979
21
-124.1064429999999987
0
LINE
8
BLACK
6
CONTINUOUS
10
50.1464429999999979
20
-124.1064429999999987
11
50.1464429999999979
21
-124.8135569999999888
0
LINE
8
BLACK
6
CONTINUOUS
10
50.1464429999999979
20
-124.8135569999999888
11
50.853556999999995
21
-124.8135569999999888
0
LINE
8
BLACK
6
CONTINUOUS
10
50.853556999999995
20
-127.353556999999995
11
50.853556999999995
21
-126.6464429999999908
0
LINE
8
BLACK
6
CONTINUOUS
10
50.853556999999995
20
-126.6464429999999908
11
50.1464429999999979
21
-126.6464429999999908
0
LINE
8
BLACK
6
CONTINUOUS
10
50.1464429999999979
20
-126.6464429999999908
11
50.1464429999999979
21
-127.353556999999995
0
LINE
8
BLACK
6
CONTINUOUS
10
50.1464429999999979
20
-127.353556999999995
11
50.853556999999995
21
-127.353556999999995
0
LINE
8
BLACK
6
CONTINUOUS
10
50.853556999999995
20
-129.8935569999999871
11
50.853556999999995
21
-129.186442999999997
0
LINE
8
BLACK
6
CONTINUOUS
10
50.853556999999995
20
-129.186442999999997
11
50.1464429999999979
21
-129.186442999999997
0
LINE
8
BLACK
6
CONTINUOUS
10
50.1464429999999979
20
-129.186442999999997
11
50.1464429999999979
21
-129.8935569999999871
0
LINE
8
BLACK
6
CONTINUOUS
10
50.1464429999999979
20
-129.8935569999999871
11
50.853556999999995
21
-129.8935569999999871
0
LINE
8
BLACK
6
CONTINUOUS
10
52.353556999999995
20
-74.853556999999995
11
52.353556999999995
21
-74.1464429999999908
0
LINE
8
BLACK
6
CONTINUOUS
10
52.353556999999995
20
-74.1464429999999908
11
51.6464429999999979
21
-74.1464429999999908
0
LINE
8
BLACK
6
CONTINUOUS
10
51.6464429999999979
20
-74.1464429999999908
11
51.6464429999999979
21
-74.853556999999995
0
LINE
8
BLACK
6
CONTINUOUS
10
51.6464429999999979
20
-74.853556999999995
11
52.353556999999995
21
-74.853556999999995
0
LINE
8
BLACK
6
CONTINUOUS
10
52.353556999999995
20
-80.353556999999995
11
52.353556999999995
21
-79.6464429999999908
0
LINE
8
BLACK
6
CONTINUOUS
10
52.353556999999995
20
-79.6464429999999908
11
51.6464429999999979
21
-79.6464429999999908
0
LINE
8
BLACK
6
CONTINUOUS
10
51.6464429999999979
20
-79.6464429999999908
11
51.6464429999999979
21
-80.353556999999995
0
LINE
8
BLACK
6
CONTINUOUS
10
51.6464429999999979
20
-80.353556999999995
11
52.353556999999995
21
-80.353556999999995
0
LINE
8
BLACK
6
CONTINUOUS
10
54.8935569999999942
20
-74.853556999999995
11
54.8935569999999942
21
-74.1464429999999908
0
LINE
8
BLACK
6
CONTINUOUS
10
54.8935569999999942
20
-74.1464429999999908
11
54.186442999999997
21
-74.1464429999999908
0
LINE
8
BLACK
6
CONTINUOUS
10
54.186442999999997
20
-74.1464429999999908
11
54.186442999999997
21
-74.853556999999995
0
LINE
8
BLACK
6
CONTINUOUS
10
54.186442999999997
20
-74.853556999999995
11
54.8935569999999942
21
-74.853556999999995
0
LINE
8
BLACK
6
CONTINUOUS
10
54.8935569999999942
20
-80.353556999999995
11
54.8935569999999942
21
-79.6464429999999908
0
LINE
8
BLACK
6
CONTINUOUS
10
54.8935569999999942
20
-79.6464429999999908
11
54.186442999999997
21
-79.6464429999999908
0
LINE
8
BLACK
6
CONTINUOUS
10
54.186442999999997
20
-79.6464429999999908
11
54.186442999999997
21
-80.353556999999995
0
LINE
8
BLACK
6
CONTINUOUS
10
54.186442999999997
20
-80.353556999999995
11
54.8935569999999942
21
-80.353556999999995
0
LINE
8
BLACK
6
CONTINUOUS
10
55.9335570000000004
20
-113.3835569999999962
11
55.9335570000000004
21
-112.6764429999999919
0
LINE
8
BLACK
6
CONTINUOUS
10
55.9335570000000004
20
-112.6764429999999919
11
55.2264429999999962
21
-112.6764429999999919
0
LINE
8
BLACK
6
CONTINUOUS
10
55.2264429999999962
20
-112.6764429999999919
11
55.2264429999999962
21
-113.3835569999999962
0
LINE
8
BLACK
6
CONTINUOUS
10
55.2264429999999962
20
-113.3835569999999962
11
55.9335570000000004
21
-113.3835569999999962
0
LINE
8
BLACK
6
CONTINUOUS
10
55.9335570000000004
20
-115.9235569999999882
11
55.9335570000000004
21
-115.2164429999999982
0
LINE
8
BLACK
6
CONTINUOUS
10
55.9335570000000004
20
-115.2164429999999982
11
55.2264429999999962
21
-115.2164429999999982
0
LINE
8
BLACK
6
CONTINUOUS
10
55.2264429999999962
20
-115.2164429999999982
11
55.2264429999999962
21
-115.9235569999999882
0
LINE
8
BLACK
6
CONTINUOUS
10
55.2264429999999962
20
-115.9235569999999882
11
55.9335570000000004
21
-115.9235569999999882
0
LINE
8
BLACK
6
CONTINUOUS
10
55.9335570000000004
20
-118.4635569999999944
11
55.9335570000000004
21
-117.7564429999999902
0
LINE
8
BLACK
6
CONTINUOUS
10
55.9335570000000004
20
-117.7564429999999902
11
55.2264429999999962
21
-117.7564429999999902
0
LINE
8
BLACK
6
CONTINUOUS
10
55.2264429999999962
20
-117.7564429999999902
11
55.2264429999999962
21
-118.4635569999999944
0
LINE
8
BLACK
6
CONTINUOUS
10
55.2264429999999962
20
-118.4635569999999944
11
55.9335570000000004
21
-118.4635569999999944
0
LINE
8
BLACK
6
CONTINUOUS
10
55.9335570000000004
20
-121.0035570000000007
11
55.9335570000000004
21
-120.2964429999999965
0
LINE
8
BLACK
6
CONTINUOUS
10
55.9335570000000004
20
-120.2964429999999965
11
55.2264429999999962
21
-120.2964429999999965
0
LINE
8
BLACK
6
CONTINUOUS
10
55.2264429999999962
20
-120.2964429999999965
11
55.2264429999999962
21
-121.0035570000000007
0
LINE
8
BLACK
6
CONTINUOUS
10
55.2264429999999962
20
-121.0035570000000007
11
55.9335570000000004
21
-121.0035570000000007
0
LINE
8
BLACK
6
CONTINUOUS
10
55.9335570000000004
20
-123.5435569999999927
11
55.9335570000000004
21
-122.8364429999999885
0
LINE
8
BLACK
6
CONTINUOUS
10
55.9335570000000004
20
-122.8364429999999885
11
55.2264429999999962
21
-122.8364429999999885
0
LINE
8
BLACK
6
CONTINUOUS
10
55.2264429999999962
20
-122.8364429999999885
11
55.2264429999999962
21
-123.5435569999999927
0
LINE
8
BLACK
6
CONTINUOUS
10
55.2264429999999962
20
-123.5435569999999927
11
55.9335570000000004
21
-123.5435569999999927
0
LINE
8
BLACK
6
CONTINUOUS
10
55.9335570000000004
20
-126.083556999999999
11
55.9335570000000004
21
-125.3764429999999948
0
LINE
8
BLACK
6
CONTINUOUS
10
55.9335570000000004
20
-125.3764429999999948
11
55.2264429999999962
21
-125.3764429999999948
0
LINE
8
BLACK
6
CONTINUOUS
10
55.2264429999999962
20
-125.3764429999999948
11
55.2264429999999962
21
-126.083556999999999
0
LINE
8
BLACK
6
CONTINUOUS
10
55.2264429999999962
20
-126.083556999999999
11
55.9335570000000004
21
-126.083556999999999
0
LINE
8
BLACK
6
CONTINUOUS
10
55.9335570000000004
20
-128.6235570000000052
11
55.9335570000000004
21
-127.916443000000001
0
LINE
8
BLACK
6
CONTINUOUS
10
55.9335570000000004
20
-127.916443000000001
11
55.2264429999999962
21
-127.916443000000001
0
LINE
8
BLACK
6
CONTINUOUS
10
55.2264429999999962
20
-127.916443000000001
11
55.2264429999999962
21
-128.6235570000000052
0
LINE
8
BLACK
6
CONTINUOUS
10
55.2264429999999962
20
-128.6235570000000052
11
55.9335570000000004
21
-128.6235570000000052
0
LINE
8
BLACK
6
CONTINUOUS
10
55.9335570000000004
20
-131.1635569999999973
11
55.9335570000000004
21
-130.4564430000000073
0
LINE
8
BLACK
6
CONTINUOUS
10
55.9335570000000004
20
-130.4564430000000073
11
55.2264429999999962
21
-130.4564430000000073
0
LINE
8
BLACK
6
CONTINUOUS
10
55.2264429999999962
20
-130.4564430000000073
11
55.2264429999999962
21
-131.1635569999999973
0
LINE
8
BLACK
6
CONTINUOUS
10
55.2264429999999962
20
-131.1635569999999973
11
55.9335570000000004
21
-131.1635569999999973
0
LINE
8
BLACK
6
CONTINUOUS
10
60.353556999999995
20
-74.853556999999995
11
60.353556999999995
21
-74.1464429999999908
0
LINE
8
BLACK
6
CONTINUOUS
10
60.353556999999995
20
-74.1464429999999908
11
59.6464429999999979
21
-74.1464429999999908
0
LINE
8
BLACK
6
CONTINUOUS
10
59.6464429999999979
20
-74.1464429999999908
11
59.6464429999999979
21
-74.853556999999995
0
LINE
8
BLACK
6
CONTINUOUS
10
59.6464429999999979
20
-74.853556999999995
11
60.353556999999995
21
-74.853556999999995
0
LINE
8
BLACK
6
CONTINUOUS
10
60.353556999999995
20
-80.353556999999995
11
60.353556999999995
21
-79.6464429999999908
0
LINE
8
BLACK
6
CONTINUOUS
10
60.353556999999995
20
-79.6464429999999908
11
59.6464429999999979
21
-79.6464429999999908
0
LINE
8
BLACK
6
CONTINUOUS
10
59.6464429999999979
20
-79.6464429999999908
11
59.6464429999999979
21
-80.353556999999995
0
LINE
8
BLACK
6
CONTINUOUS
10
59.6464429999999979
20
-80.353556999999995
11
60.353556999999995
21
-80.353556999999995
0
LINE
8
BLACK
6
CONTINUOUS
10
62.8935569999999942
20
-74.853556999999995
11
62.8935569999999942
21
-74.1464429999999908
0
LINE
8
BLACK
6
CONTINUOUS
10
62.8935569999999942
20
-74.1464429999999908
11
62.186442999999997
21
-74.1464429999999908
0
LINE
8
BLACK
6
CONTINUOUS
10
62.186442999999997
20
-74.1464429999999908
11
62.186442999999997
21
-74.853556999999995
0
LINE
8
BLACK
6
CONTINUOUS
10
62.186442999999997
20
-74.853556999999995
11
62.8935569999999942
21
-74.853556999999995
0
LINE
8
BLACK
6
CONTINUOUS
10
62.8935569999999942
20
-80.353556999999995
11
62.8935569999999942
21
-79.6464429999999908
0
LINE
8
BLACK
6
CONTINUOUS
10
62.8935569999999942
20
-79.6464429999999908
11
62.186442999999997
21
-79.6464429999999908
0
LINE
8
BLACK
6
CONTINUOUS
10
62.186442999999997
20
-79.6464429999999908
11
62.186442999999997
21
-80.353556999999995
0
LINE
8
BLACK
6
CONTINUOUS
10
62.186442999999997
20
-80.353556999999995
11
62.8935569999999942
21
-80.353556999999995
0
LINE
8
BLACK
6
CONTINUOUS
10
68.353556999999995
20
-74.853556999999995
11
68.353556999999995
21
-74.1464429999999908
0
LINE
8
BLACK
6
CONTINUOUS
10
68.353556999999995
20
-74.1464429999999908
11
67.6464429999999908
21
-74.1464429999999908
0
LINE
8
BLACK
6
CONTINUOUS
10
67.6464429999999908
20
-74.1464429999999908
11
67.6464429999999908
21
-74.853556999999995
0
LINE
8
BLACK
6
CONTINUOUS
10
67.6464429999999908
20
-74.853556999999995
11
68.353556999999995
21
-74.853556999999995
0
LINE
8
BLACK
6
CONTINUOUS
10
68.353556999999995
20
-80.353556999999995
11
68.353556999999995
21
-79.6464429999999908
0
LINE
8
BLACK
6
CONTINUOUS
10
68.353556999999995
20
-79.6464429999999908
11
67.6464429999999908
21
-79.6464429999999908
0
LINE
8
BLACK
6
CONTINUOUS
10
67.6464429999999908
20
-79.6464429999999908
11
67.6464429999999908
21
-80.353556999999995
0
LINE
8
BLACK
6
CONTINUOUS
10
67.6464429999999908
20
-80.353556999999995
11
68.353556999999995
21
-80.353556999999995
0
LINE
8
BLACK
6
CONTINUOUS
10
70.8935570000000013
20
-74.853556999999995
11
70.8935570000000013
21
-74.1464429999999908
0
LINE
8
BLACK
6
CONTINUOUS
10
70.8935570000000013
20
-74.1464429999999908
11
70.186442999999997
21
-74.1464429999999908
0
LINE
8
BLACK
6
CONTINUOUS
10
70.186442999999997
20
-74.1464429999999908
11
70.186442999999997
21
-74.853556999999995
0
LINE
8
BLACK
6
CONTINUOUS
10
70.186442999999997
20
-74.853556999999995
11
70.8935570000000013
21
-74.853556999999995
0
LINE
8
BLACK
6
CONTINUOUS
10
70.8935570000000013
20
-80.353556999999995
11
70.8935570000000013
21
-79.6464429999999908
0
LINE
8
BLACK
6
CONTINUOUS
10
70.8935570000000013
20
-79.6464429999999908
11
70.186442999999997
21
-79.6464429999999908
0
LINE
8
BLACK
6
CONTINUOUS
10
70.186442999999997
20
-79.6464429999999908
11
70.186442999999997
21
-80.353556999999995
0
LINE
8
BLACK
6
CONTINUOUS
10
70.186442999999997
20
-80.353556999999995
11
70.8935570000000013
21
-80.353556999999995
0
LINE
8
BLACK
6
CONTINUOUS
10
76.353556999999995
20
-74.853556999999995
11
76.353556999999995
21
-74.1464429999999908
0
LINE
8
BLACK
6
CONTINUOUS
10
76.353556999999995
20
-74.1464429999999908
11
75.6464429999999908
21
-74.1464429999999908
0
LINE
8
BLACK
6
CONTINUOUS
10
75.6464429999999908
20
-74.1464429999999908
11
75.6464429999999908
21
-74.853556999999995
0
LINE
8
BLACK
6
CONTINUOUS
10
75.6464429999999908
20
-74.853556999999995
11
76.353556999999995
21
-74.853556999999995
0
LINE
8
BLACK
6
CONTINUOUS
10
76.353556999999995
20
-80.353556999999995
11
76.353556999999995
21
-79.6464429999999908
0
LINE
8
BLACK
6
CONTINUOUS
10
76.353556999999995
20
-79.6464429999999908
11
75.6464429999999908
21
-79.6464429999999908
0
LINE
8
BLACK
6
CONTINUOUS
10
75.6464429999999908
20
-79.6464429999999908
11
75.6464429999999908
21
-80.353556999999995
0
LINE
8
BLACK
6
CONTINUOUS
10
75.6464429999999908
20
-80.353556999999995
11
76.353556999999995
21
-80.353556999999995
0
LINE
8
BLACK
6
CONTINUOUS
10
78.8935570000000013
20
-74.853556999999995
11
78.8935570000000013
21
-74.1464429999999908
0
LINE
8
BLACK
6
CONTINUOUS
10
78.8935570000000013
20
-74.1464429999999908
11
78.186442999999997
21
-74.1464429999999908
0
LINE
8
BLACK
6
CONTINUOUS
10
78.186442999999997
20
-74.1464429999999908
11
78.186442999999997
21
-74.853556999999995
0
LINE
8
BLACK
6
CONTINUOUS
10
78.186442999999997
20
-74.853556999999995
11
78.8935570000000013
21
-74.853556999999995
0
LINE
8
BLACK
6
CONTINUOUS
10
78.8935570000000013
20
-80.353556999999995
11
78.8935570000000013
21
-79.6464429999999908
0
LINE
8
BLACK
6
CONTINUOUS
10
78.8935570000000013
20
-79.6464429999999908
11
78.186442999999997
21
-79.6464429999999908
0
LINE
8
BLACK
6
CONTINUOUS
10
78.186442999999997
20
-79.6464429999999908
11
78.186442999999997
21
-80.353556999999995
0
LINE
8
BLACK
6
CONTINUOUS
10
78.186442999999997
20
-80.353556999999995
11
78.8935570000000013
21
-80.353556999999995
0
LINE
8
BLACK
6
CONTINUOUS
10
84.353556999999995
20
-74.853556999999995
11
84.353556999999995
21
-74.1464429999999908
0
LINE
8
BLACK
6
CONTINUOUS
10
84.353556999999995
20
-74.1464429999999908
11
83.6464429999999908
21
-74.1464429999999908
0
LINE
8
BLACK
6
CONTINUOUS
10
83.6464429999999908
20
-74.1464429999999908
11
83.6464429999999908
21
-74.853556999999995
0
LINE
8
BLACK
6
CONTINUOUS
10
83.6464429999999908
20
-74.853556999999995
11
84.353556999999995
21
-74.853556999999995
0
LINE
8
BLACK
6
CONTINUOUS
10
84.353556999999995
20
-80.353556999999995
11
84.353556999999995
21
-79.6464429999999908
0
LINE
8
BLACK
6
CONTINUOUS
10
84.353556999999995
20
-79.6464429999999908
11
83.6464429999999908
21
-79.6464429999999908
0
LINE
8
BLACK
6
CONTINUOUS
10
83.6464429999999908
20
-79.6464429999999908
11
83.6464429999999908
21
-80.353556999999995
0
LINE
8
BLACK
6
CONTINUOUS
10
83.6464429999999908
20
-80.353556999999995
11
84.353556999999995
21
-80.353556999999995
0
LINE
8
BLACK
6
CONTINUOUS
10
86.8935570000000013
20
-74.853556999999995
11
86.8935570000000013
21
-74.1464429999999908
0
LINE
8
BLACK
6
CONTINUOUS
10
86.8935570000000013
20
-74.1464429999999908
11
86.186442999999997
21
-74.1464429999999908
0
LINE
8
BLACK
6
CONTINUOUS
10
86.186442999999997
20
-74.1464429999999908
11
86.186442999999997
21
-74.853556999999995
0
LINE
8
BLACK
6
CONTINUOUS
10
86.186442999999997
20
-74.853556999999995
11
86.8935570000000013
21
-74.853556999999995
0
LINE
8
BLACK
6
CONTINUOUS
10
86.8935570000000013
20
-80.353556999999995
11
86.8935570000000013
21
-79.6464429999999908
0
LINE
8
BLACK
6
CONTINUOUS
10
86.8935570000000013
20
-79.6464429999999908
11
86.186442999999997
21
-79.6464429999999908
0
LINE
8
BLACK
6
CONTINUOUS
10
86.186442999999997
20
-79.6464429999999908
11
86.186442999999997
21
-80.353556999999995
0
LINE
8
BLACK
6
CONTINUOUS
10
86.186442999999997
20
-80.353556999999995
11
86.8935570000000013
21
-80.353556999999995
0
LINE
8
BLACK
6
CONTINUOUS
10
92.353556999999995
20
-74.853556999999995
11
92.353556999999995
21
-74.1464429999999908
0
LINE
8
BLACK
6
CONTINUOUS
10
92.353556999999995
20
-74.1464429999999908
11
91.6464429999999908
21
-74.1464429999999908
0
LINE
8
BLACK
6
CONTINUOUS
10
91.6464429999999908
20
-74.1464429999999908
11
91.6464429999999908
21
-74.853556999999995
0
LINE
8
BLACK
6
CONTINUOUS
10
91.6464429999999908
20
-74.853556999999995
11
92.353556999999995
21
-74.853556999999995
0
LINE
8
BLACK
6
CONTINUOUS
10
92.353556999999995
20
-80.353556999999995
11
92.353556999999995
21
-79.6464429999999908
0
LINE
8
BLACK
6
CONTINUOUS
10
92.353556999999995
20
-79.6464429999999908
11
91.6464429999999908
21
-79.6464429999999908
0
LINE
8
BLACK
6
CONTINUOUS
10
91.6464429999999908
20
-79.6464429999999908
11
91.6464429999999908
21
-80.353556999999995
0
LINE
8
BLACK
6
CONTINUOUS
10
91.6464429999999908
20
-80.353556999999995
11
92.353556999999995
21
-80.353556999999995
0
LINE
8
BLACK
6
CONTINUOUS
10
94.8935570000000013
20
-74.853556999999995
11
94.8935570000000013
21
-74.1464429999999908
0
LINE
8
BLACK
6
CONTINUOUS
10
94.8935570000000013
20
-74.1464429999999908
11
94.186442999999997
21
-74.1464429999999908
0
LINE
8
BLACK
6
CONTINUOUS
10
94.186442999999997
20
-74.1464429999999908
11
94.186442999999997
21
-74.853556999999995
0
LINE
8
BLACK
6
CONTINUOUS
10
94.186442999999997
20
-74.853556999999995
11
94.8935570000000013
21
-74.853556999999995
0
LINE
8
BLACK
6
CONTINUOUS
10
94.8935570000000013
20
-80.353556999999995
11
94.8935570000000013
21
-79.6464429999999908
0
LINE
8
BLACK
6
CONTINUOUS
10
94.8935570000000013
20
-79.6464429999999908
11
94.186442999999997
21
-79.6464429999999908
0
LINE
8
BLACK
6
CONTINUOUS
10
94.186442999999997
20
-79.6464429999999908
11
94.186442999999997
21
-80.353556999999995
0
LINE
8
BLACK
6
CONTINUOUS
10
94.186442999999997
20
-80.353556999999995
11
94.8935570000000013
21
-80.353556999999995
0
LINE
8
BLACK
6
CONTINUOUS
10
100.353556999999995
20
-74.853556999999995
11
100.353556999999995
21
-74.1464429999999908
0
LINE
8
BLACK
6
CONTINUOUS
10
100.353556999999995
20
-74.1464429999999908
11
99.6464429999999908
21
-74.1464429999999908
0
LINE
8
BLACK
6
CONTINUOUS
10
99.6464429999999908
20
-74.1464429999999908
11
99.6464429999999908
21
-74.853556999999995
0
LINE
8
BLACK
6
CONTINUOUS
10
99.6464429999999908
20
-74.853556999999995
11
100.353556999999995
21
-74.853556999999995
0
LINE
8
BLACK
6
CONTINUOUS
10
100.353556999999995
20
-80.353556999999995
11
100.353556999999995
21
-79.6464429999999908
0
LINE
8
BLACK
6
CONTINUOUS
10
100.353556999999995
20
-79.6464429999999908
11
99.6464429999999908
21
-79.6464429999999908
0
LINE
8
BLACK
6
CONTINUOUS
10
99.6464429999999908
20
-79.6464429999999908
11
99.6464429999999908
21
-80.353556999999995
0
LINE
8
BLACK
6
CONTINUOUS
10
99.6464429999999908
20
-80.353556999999995
11
100.353556999999995
21
-80.353556999999995
0
LINE
8
BLACK
6
CONTINUOUS
10
102.8935570000000013
20
-74.853556999999995
11
102.8935570000000013
21
-74.1464429999999908
0
LINE
8
BLACK
6
CONTINUOUS
10
102.8935570000000013
20
-74.1464429999999908
11
102.186442999999997
21
-74.1464429999999908
0
LINE
8
BLACK
6
CONTINUOUS
10
102.186442999999997
20
-74.1464429999999908
11
102.186442999999997
21
-74.853556999999995
0
LINE
8
BLACK
6
CONTINUOUS
10
102.186442999999997
20
-74.853556999999995
11
102.8935570000000013
21
-74.853556999999995
0
LINE
8
BLACK
6
CONTINUOUS
10
102.8935570000000013
20
-80.353556999999995
11
102.8935570000000013
21
-79.6464429999999908
0
LINE
8
BLACK
6
CONTINUOUS
10
102.8935570000000013
20
-79.6464429999999908
11
102.186442999999997
21
-79.6464429999999908
0
LINE
8
BLACK
6
CONTINUOUS
10
102.186442999999997
20
-79.6464429999999908
11
102.186442999999997
21
-80.353556999999995
0
LINE
8
BLACK
6
CONTINUOUS
10
102.186442999999997
20
-80.353556999999995
11
102.8935570000000013
21
-80.353556999999995
0
LINE
8
BLACK
6
CONTINUOUS
10
108.353556999999995
20
-74.853556999999995
11
108.353556999999995
21
-74.1464429999999908
0
LINE
8
BLACK
6
CONTINUOUS
10
108.353556999999995
20
-74.1464429999999908
11
107.6464429999999908
21
-74.1464429999999908
0
LINE
8
BLACK
6
CONTINUOUS
10
107.6464429999999908
20
-74.1464429999999908
11
107.6464429999999908
21
-74.853556999999995
0
LINE
8
BLACK
6
CONTINUOUS
10
107.6464429999999908
20
-74.853556999999995
11
108.353556999999995
21
-74.853556999999995
0
LINE
8
BLACK
6
CONTINUOUS
10
108.353556999999995
20
-80.353556999999995
11
108.353556999999995
21
-79.6464429999999908
0
LINE
8
BLACK
6
CONTINUOUS
10
108.353556999999995
20
-79.6464429999999908
11
107.6464429999999908
21
-79.6464429999999908
0
LINE
8
BLACK
6
CONTINUOUS
10
107.6464429999999908
20
-79.6464429999999908
11
107.6464429999999908
21
-80.353556999999995
0
LINE
8
BLACK
6
CONTINUOUS
10
107.6464429999999908
20
-80.353556999999995
11
108.353556999999995
21
-80.353556999999995
0
LINE
8
BLACK
6
CONTINUOUS
10
110.8935570000000013
20
-74.853556999999995
11
110.8935570000000013
21
-74.1464429999999908
0
LINE
8
BLACK
6
CONTINUOUS
10
110.8935570000000013
20
-74.1464429999999908
11
110.186442999999997
21
-74.1464429999999908
0
LINE
8
BLACK
6
CONTINUOUS
10
110.186442999999997
20
-74.1464429999999908
11
110.186442999999997
21
-74.853556999999995
0
LINE
8
BLACK
6
CONTINUOUS
10
110.186442999999997
20
-74.853556999999995
11
110.8935570000000013
21
-74.853556999999995
0
LINE
8
BLACK
6
CONTINUOUS
10
110.8935570000000013
20
-80.353556999999995
11
110.8935570000000013
21
-79.6464429999999908
0
LINE
8
BLACK
6
CONTINUOUS
10
110.8935570000000013
20
-79.6464429999999908
11
110.186442999999997
21
-79.6464429999999908
0
LINE
8
BLACK
6
CONTINUOUS
10
110.186442999999997
20
-79.6464429999999908
11
110.186442999999997
21
-80.353556999999995
0
LINE
8
BLACK
6
CONTINUOUS
10
110.186442999999997
20
-80.353556999999995
11
110.8935570000000013
21
-80.353556999999995
0
LINE
8
BLACK
6
CONTINUOUS
10
83.75
20
-142.
11
84.2749999999999915
21
-141.4749999999999943
0
LINE
8
BLACK
6
CONTINUOUS
10
84.2749999999999915
20
-141.4749999999999943
11
83.75
21
-140.9499999999999886
0
LINE
8
BLACK
6
CONTINUOUS
10
83.75
20
-140.9499999999999886
11
83.2249999999999943
21
-141.4749999999999943
0
LINE
8
BLACK
6
CONTINUOUS
10
83.2249999999999943
20
-141.4749999999999943
11
83.75
21
-142.
0
LINE
8
BLACK
6
CONTINUOUS
10
86.25
20
-142.
11
86.7749999999999915
21
-141.4749999999999943
0
LINE
8
BLACK
6
CONTINUOUS
10
86.7749999999999915
20
-141.4749999999999943
11
86.25
21
-140.9499999999999886
0
LINE
8
BLACK
6
CONTINUOUS
10
86.25
20
-140.9499999999999886
11
85.7249999999999943
21
-141.4749999999999943
0
LINE
8
BLACK
6
CONTINUOUS
10
85.7249999999999943
20
-141.4749999999999943
11
86.25
21
-142.
0
LINE
8
BLACK
6
CONTINUOUS
10
67.7599999999999909
20
-141.1899999999999977
11
69.9599999999999937
21
-143.3899999999999864
0
LINE
8
BLACK
6
CONTINUOUS
10
69.9599999999999937
20
-141.1899999999999977
11
67.7599999999999909
21
-143.3899999999999864
0
CIRCLE
8
BLACK
10
68.8599999999999994
20
-142.289999999999992
40
1.0999999999999999
0
LINE
8
BLACK
6
CONTINUOUS
10
67.7599999999999909
20
-149.0199999999999818
11
69.9599999999999937
21
-151.2199999999999989
0
LINE
8
BLACK
6
CONTINUOUS
10
69.9599999999999937
20
-149.0199999999999818
11
67.7599999999999909
21
-151.2199999999999989
0
CIRCLE
8
BLACK
10
68.8599999999999994
20
-150.1200000000000045
40
1.0999999999999999
0
LINE
8
BLACK
6
CONTINUOUS
10
91.8999999999999915
20
-140.9000000000000057
11
94.0999999999999943
21
-143.0999999999999943
0
LINE
8
BLACK
6
CONTINUOUS
10
94.0999999999999943
20
-140.9000000000000057
11
91.8999999999999915
21
-143.0999999999999943
0
CIRCLE
8
BLACK
10
93.
20
-142.
40
1.0999999999999999
0
LINE
8
BLACK
6
CONTINUOUS
10
91.8999999999999915
20
-149.0199999999999818
11
94.0999999999999943
21
-151.2199999999999989
0
LINE
8
BLACK
6
CONTINUOUS
10
94.0999999999999943
20
-149.0199999999999818
11
91.8999999999999915
21
-151.2199999999999989
0
CIRCLE
8
BLACK
10
93.
20
-150.1200000000000045
40
1.0999999999999999
0
LINE
8
BLACK
6
CONTINUOUS
10
74.7849999999999966
20
-148.0699999999999932
11
75.4350000000000023
21
-148.7199999999999989
0
LINE
8
BLACK
6
CONTINUOUS
10
75.4350000000000023
20
-148.0699999999999932
11
74.7849999999999966
21
-148.7199999999999989
0
LINE
8
BLACK
6
CONTINUOUS
10
75.1099999999999994
20
-148.0699999999999932
11
75.1099999999999994
21
-148.7199999999999989
0
LINE
8
BLACK
6
CONTINUOUS
10
74.7849999999999966
20
-148.3949999999999818
11
75.4350000000000023
21
-148.3949999999999818
0
LINE
8
BLACK
6
CONTINUOUS
10
80.5649999999999977
20
-148.0699999999999932
11
81.2150000000000034
21
-148.7199999999999989
0
LINE
8
BLACK
6
CONTINUOUS
10
81.2150000000000034
20
-148.0699999999999932
11
80.5649999999999977
21
-148.7199999999999989
0
LINE
8
BLACK
6
CONTINUOUS
10
80.8900000000000006
20
-148.0699999999999932
11
80.8900000000000006
21
-148.7199999999999989
0
LINE
8
BLACK
6
CONTINUOUS
10
80.5649999999999977
20
-148.3949999999999818
11
81.2150000000000034
21
-148.3949999999999818
0
LINE
8
BLACK
6
CONTINUOUS
10
50.3200000000000003
20
-81.3999999999999915
11
51.3200000000000003
21
-82.3999999999999915
0
LINE
8
BLACK
6
CONTINUOUS
10
51.3200000000000003
20
-81.3999999999999915
11
50.3200000000000003
21
-82.3999999999999915
0
LINE
8
BLACK
6
CONTINUOUS
10
51.1735569999999953
20
-82.2535570000000007
11
51.1735569999999953
21
-81.5464429999999965
0
LINE
8
BLACK
6
CONTINUOUS
10
51.1735569999999953
20
-81.5464429999999965
11
50.4664429999999982
21
-81.5464429999999965
0
LINE
8
BLACK
6
CONTINUOUS
10
50.4664429999999982
20
-81.5464429999999965
11
50.4664429999999982
21
-82.2535570000000007
0
LINE
8
BLACK
6
CONTINUOUS
10
50.4664429999999982
20
-82.2535570000000007
11
51.1735569999999953
21
-82.2535570000000007
0
LINE
8
BLACK
6
CONTINUOUS
10
58.3200000000000003
20
-81.3999999999999915
11
59.3200000000000003
21
-82.3999999999999915
0
LINE
8
BLACK
6
CONTINUOUS
10
59.3200000000000003
20
-81.3999999999999915
11
58.3200000000000003
21
-82.3999999999999915
0
LINE
8
BLACK
6
CONTINUOUS
10
59.1735569999999953
20
-82.2535570000000007
11
59.1735569999999953
21
-81.5464429999999965
0
LINE
8
BLACK
6
CONTINUOUS
10
59.1735569999999953
20
-81.5464429999999965
11
58.4664429999999982
21
-81.5464429999999965
0
LINE
8
BLACK
6
CONTINUOUS
10
58.4664429999999982
20
-81.5464429999999965
11
58.4664429999999982
21
-82.2535570000000007
0
LINE
8
BLACK
6
CONTINUOUS
10
58.4664429999999982
20
-82.2535570000000007
11
59.1735569999999953
21
-82.2535570000000007
0
LINE
8
BLACK
6
CONTINUOUS
10
66.3199999999999932
20
-81.3999999999999915
11
67.3199999999999932
21
-82.3999999999999915
0
LINE
8
BLACK
6
CONTINUOUS
10
67.3199999999999932
20
-81.3999999999999915
11
66.3199999999999932
21
-82.3999999999999915
0
LINE
8
BLACK
6
CONTINUOUS
10
67.1735570000000024
20
-82.2535570000000007
11
67.1735570000000024
21
-81.5464429999999965
0
LINE
8
BLACK
6
CONTINUOUS
10
67.1735570000000024
20
-81.5464429999999965
11
66.4664429999999982
21
-81.5464429999999965
0
LINE
8
BLACK
6
CONTINUOUS
10
66.4664429999999982
20
-81.5464429999999965
11
66.4664429999999982
21
-82.2535570000000007
0
LINE
8
BLACK
6
CONTINUOUS
10
66.4664429999999982
20
-82.2535570000000007
11
67.1735570000000024
21
-82.2535570000000007
0
LINE
8
BLACK
6
CONTINUOUS
10
74.3199999999999932
20
-81.3999999999999915
11
75.3199999999999932
21
-82.3999999999999915
0
LINE
8
BLACK
6
CONTINUOUS
10
75.3199999999999932
20
-81.3999999999999915
11
74.3199999999999932
21
-82.3999999999999915
0
LINE
8
BLACK
6
CONTINUOUS
10
75.1735570000000024
20
-82.2535570000000007
11
75.1735570000000024
21
-81.5464429999999965
0
LINE
8
BLACK
6
CONTINUOUS
10
75.1735570000000024
20
-81.5464429999999965
11
74.4664429999999982
21
-81.5464429999999965
0
LINE
8
BLACK
6
CONTINUOUS
10
74.4664429999999982
20
-81.5464429999999965
11
74.4664429999999982
21
-82.2535570000000007
0
LINE
8
BLACK
6
CONTINUOUS
10
74.4664429999999982
20
-82.2535570000000007
11
75.1735570000000024
21
-82.2535570000000007
0
LINE
8
BLACK
6
CONTINUOUS
10
82.3199999999999932
20
-81.3999999999999915
11
83.3199999999999932
21
-82.3999999999999915
0
LINE
8
BLACK
6
CONTINUOUS
10
83.3199999999999932
20
-81.3999999999999915
11
82.3199999999999932
21
-82.3999999999999915
0
LINE
8
BLACK
6
CONTINUOUS
10
83.1735570000000024
20
-82.2535570000000007
11
83.1735570000000024
21
-81.5464429999999965
0
LINE
8
BLACK
6
CONTINUOUS
10
83.1735570000000024
20
-81.5464429999999965
11
82.4664429999999982
21
-81.5464429999999965
0
LINE
8
BLACK
6
CONTINUOUS
10
82.4664429999999982
20
-81.5464429999999965
11
82.4664429999999982
21
-82.2535570000000007
0
LINE
8
BLACK
6
CONTINUOUS
10
82.4664429999999982
20
-82.2535570000000007
11
83.1735570000000024
21
-82.2535570000000007
0
LINE
8
BLACK
6
CONTINUOUS
10
90.3199999999999932
20
-81.3999999999999915
11
91.3199999999999932
21
-82.3999999999999915
0
LINE
8
BLACK
6
CONTINUOUS
10
91.3199999999999932
20
-81.3999999999999915
11
90.3199999999999932
21
-82.3999999999999915
0
LINE
8
BLACK
6
CONTINUOUS
10
91.1735570000000024
20
-82.2535570000000007
11
91.1735570000000024
21
-81.5464429999999965
0
LINE
8
BLACK
6
CONTINUOUS
10
91.1735570000000024
20
-81.5464429999999965
11
90.4664429999999982
21
-81.5464429999999965
0
LINE
8
BLACK
6
CONTINUOUS
10
90.4664429999999982
20
-81.5464429999999965
11
90.4664429999999982
21
-82.2535570000000007
0
LINE
8
BLACK
6
CONTINUOUS
10
90.4664429999999982
20
-82.2535570000000007
11
91.1735570000000024
21
-82.2535570000000007
0
LINE
8
BLACK
6
CONTINUOUS
10
98.3199999999999932
20
-81.3999999999999915
11
99.3199999999999932
21
-82.3999999999999915
0
LINE
8
BLACK
6
CONTINUOUS
10
99.3199999999999932
20
-81.3999999999999915
11
98.3199999999999932
21
-82.3999999999999915
0
LINE
8
BLACK
6
CONTINUOUS
10
99.1735570000000024
20
-82.2535570000000007
11
99.1735570000000024
21
-81.5464429999999965
0
LINE
8
BLACK
6
CONTINUOUS
10
99.1735570000000024
20
-81.5464429999999965
11
98.4664429999999982
21
-81.5464429999999965
0
LINE
8
BLACK
6
CONTINUOUS
10
98.4664429999999982
20
-81.5464429999999965
11
98.4664429999999982
21
-82.2535570000000007
0
LINE
8
BLACK
6
CONTINUOUS
10
98.4664429999999982
20
-82.2535570000000007
11
99.1735570000000024
21
-82.2535570000000007
0
LINE
8
BLACK
6
CONTINUOUS
10
106.3199999999999932
20
-81.3999999999999915
11
107.3199999999999932
21
-82.3999999999999915
0
LINE
8
BLACK
6
CONTINUOUS
10
107.3199999999999932
20
-81.3999999999999915
11
106.3199999999999932
21
-82.3999999999999915
0
LINE
8
BLACK
6
CONTINUOUS
10
107.1735569999999882
20
-82.2535570000000007
11
107.1735569999999882
21
-81.5464429999999965
0
LINE
8
BLACK
6
CONTINUOUS
10
107.1735569999999882
20
-81.5464429999999965
11
106.4664429999999982
21
-81.5464429999999965
0
LINE
8
BLACK
6
CONTINUOUS
10
106.4664429999999982
20
-81.5464429999999965
11
106.4664429999999982
21
-82.2535570000000007
0
LINE
8
BLACK
6
CONTINUOUS
10
106.4664429999999982
20
-82.2535570000000007
11
107.1735569999999882
21
-82.2535570000000007
0
LINE
8
BLACK
6
CONTINUOUS
10
50.1199999999999974
20
-76.
11
52.6199999999999974
21
-78.5
0
LINE
8
BLACK
6
CONTINUOUS
10
52.6199999999999974
20
-76.
11
50.1199999999999974
21
-78.5
0
LINE
8
BLACK
6
CONTINUOUS
10
51.3699999999999974
20
-78.5
11
52.6199999999999974
21
-77.25
0
LINE
8
BLACK
6
CONTINUOUS
10
52.6199999999999974
20
-77.25
11
51.3699999999999974
21
-76.
0
LINE
8
BLACK
6
CONTINUOUS
10
51.3699999999999974
20
-76.
11
50.1199999999999974
21
-77.25
0
LINE
8
BLACK
6
CONTINUOUS
10
50.1199999999999974
20
-77.25
11
51.3699999999999974
21
-78.5
0
LINE
8
BLACK
6
CONTINUOUS
10
53.9199999999999946
20
-76.
11
56.4199999999999946
21
-78.5
0
LINE
8
BLACK
6
CONTINUOUS
10
56.4199999999999946
20
-76.
11
53.9199999999999946
21
-78.5
0
LINE
8
BLACK
6
CONTINUOUS
10
55.1699999999999946
20
-78.5
11
56.4199999999999946
21
-77.25
0
LINE
8
BLACK
6
CONTINUOUS
10
56.4199999999999946
20
-77.25
11
55.1699999999999946
21
-76.
0
LINE
8
BLACK
6
CONTINUOUS
10
55.1699999999999946
20
-76.
11
53.9199999999999946
21
-77.25
0
LINE
8
BLACK
6
CONTINUOUS
10
53.9199999999999946
20
-77.25
11
55.1699999999999946
21
-78.5
0
LINE
8
BLACK
6
CONTINUOUS
10
58.1199999999999974
20
-76.
11
60.6199999999999974
21
-78.5
0
LINE
8
BLACK
6
CONTINUOUS
10
60.6199999999999974
20
-76.
11
58.1199999999999974
21
-78.5
0
LINE
8
BLACK
6
CONTINUOUS
10
59.3699999999999974
20
-78.5
11
60.6199999999999974
21
-77.25
0
LINE
8
BLACK
6
CONTINUOUS
10
60.6199999999999974
20
-77.25
11
59.3699999999999974
21
-76.
0
LINE
8
BLACK
6
CONTINUOUS
10
59.3699999999999974
20
-76.
11
58.1199999999999974
21
-77.25
0
LINE
8
BLACK
6
CONTINUOUS
10
58.1199999999999974
20
-77.25
11
59.3699999999999974
21
-78.5
0
LINE
8
BLACK
6
CONTINUOUS
10
61.9199999999999946
20
-76.
11
64.4200000000000017
21
-78.5
0
LINE
8
BLACK
6
CONTINUOUS
10
64.4200000000000017
20
-76.
11
61.9199999999999946
21
-78.5
0
LINE
8
BLACK
6
CONTINUOUS
10
63.1699999999999946
20
-78.5
11
64.4200000000000017
21
-77.25
0
LINE
8
BLACK
6
CONTINUOUS
10
64.4200000000000017
20
-77.25
11
63.1699999999999946
21
-76.
0
LINE
8
BLACK
6
CONTINUOUS
10
63.1699999999999946
20
-76.
11
61.9199999999999946
21
-77.25
0
LINE
8
BLACK
6
CONTINUOUS
10
61.9199999999999946
20
-77.25
11
63.1699999999999946
21
-78.5
0
LINE
8
BLACK
6
CONTINUOUS
10
66.1199999999999903
20
-76.
11
68.6199999999999903
21
-78.5
0
LINE
8
BLACK
6
CONTINUOUS
10
68.6199999999999903
20
-76.
11
66.1199999999999903
21
-78.5
0
LINE
8
BLACK
6
CONTINUOUS
10
67.3699999999999903
20
-78.5
11
68.6199999999999903
21
-77.25
0
LINE
8
BLACK
6
CONTINUOUS
10
68.6199999999999903
20
-77.25
11
67.3699999999999903
21
-76.
0
LINE
8
BLACK
6
CONTINUOUS
10
67.3699999999999903
20
-76.
11
66.1199999999999903
21
-77.25
0
LINE
8
BLACK
6
CONTINUOUS
10
66.1199999999999903
20
-77.25
11
67.3699999999999903
21
-78.5
0
LINE
8
BLACK
6
CONTINUOUS
10
69.9200000000000017
20
-76.
11
72.4200000000000017
21
-78.5
0
LINE
8
BLACK
6
CONTINUOUS
10
72.4200000000000017
20
-76.
11
69.9200000000000017
21
-78.5
0
LINE
8
BLACK
6
CONTINUOUS
10
71.1700000000000017
20
-78.5
11
72.4200000000000017
21
-77.25
0
LINE
8
BLACK
6
CONTINUOUS
10
72.4200000000000017
20
-77.25
11
71.1700000000000017
21
-76.
0
LINE
8
BLACK
6
CONTINUOUS
10
71.1700000000000017
20
-76.
11
69.9200000000000017
21
-77.25
0
LINE
8
BLACK
6
CONTINUOUS
10
69.9200000000000017
20
-77.25
11
71.1700000000000017
21
-78.5
0
LINE
8
BLACK
6
CONTINUOUS
10
74.1199999999999903
20
-76.
11
76.6199999999999903
21
-78.5
0
LINE
8
BLACK
6
CONTINUOUS
10
76.6199999999999903
20
-76.
11
74.1199999999999903
21
-78.5
0
LINE
8
BLACK
6
CONTINUOUS
10
75.3699999999999903
20
-78.5
11
76.6199999999999903
21
-77.25
0
LINE
8
BLACK
6
CONTINUOUS
10
76.6199999999999903
20
-77.25
11
75.3699999999999903
21
-76.
0
LINE
8
BLACK
6
CONTINUOUS
10
75.3699999999999903
20
-76.
11
74.1199999999999903
21
-77.25
0
LINE
8
BLACK
6
CONTINUOUS
10
74.1199999999999903
20
-77.25
11
75.3699999999999903
21
-78.5
0
LINE
8
BLACK
6
CONTINUOUS
10
77.9200000000000017
20
-76.
11
80.4200000000000017
21
-78.5
0
LINE
8
BLACK
6
CONTINUOUS
10
80.4200000000000017
20
-76.
11
77.9200000000000017
21
-78.5
0
LINE
8
BLACK
6
CONTINUOUS
10
79.1700000000000017
20
-78.5
11
80.4200000000000017
21
-77.25
0
LINE
8
BLACK
6
CONTINUOUS
10
80.4200000000000017
20
-77.25
11
79.1700000000000017
21
-76.
0
LINE
8
BLACK
6
CONTINUOUS
10
79.1700000000000017
20
-76.
11
77.9200000000000017
21
-77.25
0
LINE
8
BLACK
6
CONTINUOUS
10
77.9200000000000017
20
-77.25
11
79.1700000000000017
21
-78.5
0
LINE
8
BLACK
6
CONTINUOUS
10
82.1199999999999903
20
-76.
11
84.6199999999999903
21
-78.5
0
LINE
8
BLACK
6
CONTINUOUS
10
84.6199999999999903
20
-76.
11
82.1199999999999903
21
-78.5
0
LINE
8
BLACK
6
CONTINUOUS
10
83.3699999999999903
20
-78.5
11
84.6199999999999903
21
-77.25
0
LINE
8
BLACK
6
CONTINUOUS
10
84.6199999999999903
20
-77.25
11
83.3699999999999903
21
-76.
0
LINE
8
BLACK
6
CONTINUOUS
10
83.3699999999999903
20
-76.
11
82.1199999999999903
21
-77.25
0
LINE
8
BLACK
6
CONTINUOUS
10
82.1199999999999903
20
-77.25
11
83.3699999999999903
21
-78.5
0
LINE
8
BLACK
6
CONTINUOUS
10
85.9200000000000017
20
-76.
11
88.4200000000000017
21
-78.5
0
LINE
8
BLACK
6
CONTINUOUS
10
88.4200000000000017
20
-76.
11
85.9200000000000017
21
-78.5
0
LINE
8
BLACK
6
CONTINUOUS
10
87.1700000000000017
20
-78.5
11
88.4200000000000017
21
-77.25
0
LINE
8
BLACK
6
CONTINUOUS
10
88.4200000000000017
20
-77.25
11
87.1700000000000017
21
-76.
0
LINE
8
BLACK
6
CONTINUOUS
10
87.1700000000000017
20
-76.
11
85.9200000000000017
21
-77.25
0
LINE
8
BLACK
6
CONTINUOUS
10
85.9200000000000017
20
-77.25
11
87.1700000000000017
21
-78.5
0
LINE
8
BLACK
6
CONTINUOUS
10
90.1199999999999903
20
-76.
11
92.6199999999999903
21
-78.5
0
LINE
8
BLACK
6
CONTINUOUS
10
92.6199999999999903
20
-76.
11
90.1199999999999903
21
-78.5
0
LINE
8
BLACK
6
CONTINUOUS
10
91.3699999999999903
20
-78.5
11
92.6199999999999903
21
-77.25
0
LINE
8
BLACK
6
CONTINUOUS
10
92.6199999999999903
20
-77.25
11
91.3699999999999903
21
-76.
0
LINE
8
BLACK
6
CONTINUOUS
10
91.3699999999999903
20
-76.
11
90.1199999999999903
21
-77.25
0
LINE
8
BLACK
6
CONTINUOUS
10
90.1199999999999903
20
-77.25
11
91.3699999999999903
21
-78.5
0
LINE
8
BLACK
6
CONTINUOUS
10
93.9200000000000017
20
-76.
11
96.4200000000000017
21
-78.5
0
LINE
8
BLACK
6
CONTINUOUS
10
96.4200000000000017
20
-76.
11
93.9200000000000017
21
-78.5
0
LINE
8
BLACK
6
CONTINUOUS
10
95.1700000000000017
20
-78.5
11
96.4200000000000017
21
-77.25
0
LINE
8
BLACK
6
CONTINUOUS
10
96.4200000000000017
20
-77.25
11
95.1700000000000017
21
-76.
0
LINE
8
BLACK
6
CONTINUOUS
10
95.1700000000000017
20
-76.
11
93.9200000000000017
21
-77.25
0
LINE
8
BLACK
6
CONTINUOUS
10
93.9200000000000017
20
-77.25
11
95.1700000000000017
21
-78.5
0
LINE
8
BLACK
6
CONTINUOUS
10
98.1199999999999903
20
-76.
11
100.6199999999999903
21
-78.5
0
LINE
8
BLACK
6
CONTINUOUS
10
100.6199999999999903
20
-76.
11
98.1199999999999903
21
-78.5
0
LINE
8
BLACK
6
CONTINUOUS
10
99.3699999999999903
20
-78.5
11
100.6199999999999903
21
-77.25
0
LINE
8
BLACK
6
CONTINUOUS
10
100.6199999999999903
20
-77.25
11
99.3699999999999903
21
-76.
0
LINE
8
BLACK
6
CONTINUOUS
10
99.3699999999999903
20
-76.
11
98.1199999999999903
21
-77.25
0
LINE
8
BLACK
6
CONTINUOUS
10
98.1199999999999903
20
-77.25
11
99.3699999999999903
21
-78.5
0
LINE
8
BLACK
6
CONTINUOUS
10
101.9200000000000017
20
-76.
11
104.4200000000000017
21
-78.5
0
LINE
8
BLACK
6
CONTINUOUS
10
104.4200000000000017
20
-76.
11
101.9200000000000017
21
-78.5
0
LINE
8
BLACK
6
CONTINUOUS
10
103.1700000000000017
20
-78.5
11
104.4200000000000017
21
-77.25
0
LINE
8
BLACK
6
CONTINUOUS
10
104.4200000000000017
20
-77.25
11
103.1700000000000017
21
-76.
0
LINE
8
BLACK
6
CONTINUOUS
10
103.1700000000000017
20
-76.
11
101.9200000000000017
21
-77.25
0
LINE
8
BLACK
6
CONTINUOUS
10
101.9200000000000017
20
-77.25
11
103.1700000000000017
21
-78.5
0
LINE
8
BLACK
6
CONTINUOUS
10
106.1199999999999903
20
-76.
11
108.6199999999999903
21
-78.5
0
LINE
8
BLACK
6
CONTINUOUS
10
108.6199999999999903
20
-76.
11
106.1199999999999903
21
-78.5
0
LINE
8
BLACK
6
CONTINUOUS
10
107.3699999999999903
20
-78.5
11
108.6199999999999903
21
-77.25
0
LINE
8
BLACK
6
CONTINUOUS
10
108.6199999999999903
20
-77.25
11
107.3699999999999903
21
-76.
0
LINE
8
BLACK
6
CONTINUOUS
10
107.3699999999999903
20
-76.
11
106.1199999999999903
21
-77.25
0
LINE
8
BLACK
6
CONTINUOUS
10
106.1199999999999903
20
-77.25
11
107.3699999999999903
21
-78.5
0
LINE
8
BLACK
6
CONTINUOUS
10
109.9200000000000017
20
-76.
11
112.4200000000000017
21
-78.5
0
LINE
8
BLACK
6
CONTINUOUS
10
112.4200000000000017
20
-76.
11
109.9200000000000017
21
-78.5
0
LINE
8
BLACK
6
CONTINUOUS
10
111.1700000000000017
20
-78.5
11
112.4200000000000017
21
-77.25
0
LINE
8
BLACK
6
CONTINUOUS
10
112.4200000000000017
20
-77.25
11
111.1700000000000017
21
-76.
0
LINE
8
BLACK
6
CONTINUOUS
10
111.1700000000000017
20
-76.
11
109.9200000000000017
21
-77.25
0
LINE
8
BLACK
6
CONTINUOUS
10
109.9200000000000017
20
-77.25
11
111.1700000000000017
21
-78.5
0
LINE
8
BLACK
6
CONTINUOUS
10
47.
20
-134.4000000000000057
11
47.
21
-137.5999999999999943
0
LINE
8
BLACK
6
CONTINUOUS
10
45.3999999999999986
20
-136.
11
48.5999999999999943
21
-136.
0
CIRCLE
8
BLACK
10
47.
20
-136.
40
1.5999999999999999
0
LINE
8
BLACK
6
CONTINUOUS
10
47.
20
-154.4000000000000057
11
47.
21
-157.5999999999999943
0
LINE
8
BLACK
6
CONTINUOUS
10
45.3999999999999986
20
-156.
11
48.5999999999999943
21
-156.
0
CIRCLE
8
BLACK
10
47.
20
-156.
40
1.5999999999999999
0
LINE
8
BLACK
6
CONTINUOUS
10
116.
20
-134.4000000000000057
11
116.
21
-137.5999999999999943
0
LINE
8
BLACK
6
CONTINUOUS
10
114.3999999999999915
20
-136.
11
117.5999999999999943
21
-136.
0
CIRCLE
8
BLACK
10
116.
20
-136.
40
1.5999999999999999
0
LINE
8
BLACK
6
CONTINUOUS
10
116.
20
-154.4000000000000057
11
116.
21
-157.5999999999999943
0
LINE
8
BLACK
6
CONTINUOUS
10
114.3999999999999915
20
-156.
11
117.5999999999999943
21
-156.
0
CIRCLE
8
BLACK
10
116.
20
-156.
40
1.5999999999999999
0
LINE
8
BLACK
6
CONTINUOUS
10
44.0827680000000015
20
-162.6398379999999975
11
44.0827680000000015
21
-160.6398379999999975
0
LINE
8
BLACK
6
CONTINUOUS
10
44.0827680000000015
20
-160.6398379999999975
11
44.558957999999997
21
-160.6398379999999975
0
LINE
8
BLACK
6
CONTINUOUS
10
44.558957999999997
20
-160.6398379999999975
11
44.8446730000000002
21
-160.7350759999999923
0
LINE
8
BLACK
6
CONTINUOUS
10
44.8446730000000002
20
-160.7350759999999923
11
45.035148999999997
21
-160.9255519999999819
0
LINE
8
BLACK
6
CONTINUOUS
10
45.035148999999997
20
-160.9255519999999819
11
45.1303869999999989
21
-161.116028
0
LINE
8
BLACK
6
CONTINUOUS
10
45.1303869999999989
20
-161.116028
11
45.2256250000000009
21
-161.4969799999999793
0
LINE
8
BLACK
6
CONTINUOUS
10
45.2256250000000009
20
-161.4969799999999793
11
45.2256250000000009
21
-161.7826949999999897
0
LINE
8
BLACK
6
CONTINUOUS
10
45.2256250000000009
20
-161.7826949999999897
11
45.1303869999999989
21
-162.1636469999999974
0
LINE
8
BLACK
6
CONTINUOUS
10
45.1303869999999989
20
-162.1636469999999974
11
45.035148999999997
21
-162.3541229999999871
0
LINE
8
BLACK
6
CONTINUOUS
10
45.035148999999997
20
-162.3541229999999871
11
44.8446730000000002
21
-162.5446000000000026
0
LINE
8
BLACK
6
CONTINUOUS
10
44.8446730000000002
20
-162.5446000000000026
11
44.558957999999997
21
-162.6398379999999975
0
LINE
8
BLACK
6
CONTINUOUS
10
44.558957999999997
20
-162.6398379999999975
11
44.0827680000000015
21
-162.6398379999999975
0
LINE
8
BLACK
6
CONTINUOUS
10
46.0827679999999944
20
-162.6398379999999975
11
46.0827679999999944
21
-161.3065039999999897
0
LINE
8
BLACK
6
CONTINUOUS
10
46.0827679999999944
20
-161.6874569999999949
11
46.1780059999999963
21
-161.4969799999999793
0
LINE
8
BLACK
6
CONTINUOUS
10
46.1780059999999963
20
-161.4969799999999793
11
46.2732439999999983
21
-161.4017419999999845
0
LINE
8
BLACK
6
CONTINUOUS
10
46.2732439999999983
20
-161.4017419999999845
11
46.463719999999995
21
-161.3065039999999897
0
LINE
8
BLACK
6
CONTINUOUS
10
46.463719999999995
20
-161.3065039999999897
11
46.6541969999999964
21
-161.3065039999999897
0
LINE
8
BLACK
6
CONTINUOUS
10
47.3208629999999957
20
-162.6398379999999975
11
47.3208629999999957
21
-161.3065039999999897
0
LINE
8
BLACK
6
CONTINUOUS
10
47.3208629999999957
20
-160.6398379999999975
11
47.2256250000000009
21
-160.7350759999999923
0
LINE
8
BLACK
6
CONTINUOUS
10
47.2256250000000009
20
-160.7350759999999923
11
47.3208629999999957
21
-160.8303139999999871
0
LINE
8
BLACK
6
CONTINUOUS
10
47.3208629999999957
20
-160.8303139999999871
11
47.4161009999999976
21
-160.7350759999999923
0
LINE
8
BLACK
6
CONTINUOUS
10
47.4161009999999976
20
-160.7350759999999923
11
47.3208629999999957
21
-160.6398379999999975
0
LINE
8
BLACK
6
CONTINUOUS
10
47.3208629999999957
20
-160.6398379999999975
11
47.3208629999999957
21
-160.8303139999999871
0
LINE
8
BLACK
6
CONTINUOUS
10
48.558957999999997
20
-162.6398379999999975
11
48.3684820000000002
21
-162.5446000000000026
0
LINE
8
BLACK
6
CONTINUOUS
10
48.3684820000000002
20
-162.5446000000000026
11
48.2732439999999983
21
-162.3541229999999871
0
LINE
8
BLACK
6
CONTINUOUS
10
48.2732439999999983
20
-162.3541229999999871
11
48.2732439999999983
21
-160.6398379999999975
0
LINE
8
BLACK
6
CONTINUOUS
10
49.6065769999999944
20
-162.6398379999999975
11
49.4161009999999976
21
-162.5446000000000026
0
LINE
8
BLACK
6
CONTINUOUS
10
49.4161009999999976
20
-162.5446000000000026
11
49.3208629999999957
21
-162.3541229999999871
0
LINE
8
BLACK
6
CONTINUOUS
10
49.3208629999999957
20
-162.3541229999999871
11
49.3208629999999957
21
-160.6398379999999975
0
LINE
8
BLACK
6
CONTINUOUS
10
51.8922919999999976
20
-162.6398379999999975
11
51.8922919999999976
21
-160.6398379999999975
0
LINE
8
BLACK
6
CONTINUOUS
10
51.8922919999999976
20
-160.6398379999999975
11
52.5589589999999944
21
-162.0684090000000026
0
LINE
8
BLACK
6
CONTINUOUS
10
52.5589589999999944
20
-162.0684090000000026
11
53.2256250000000009
21
-160.6398379999999975
0
LINE
8
BLACK
6
CONTINUOUS
10
53.2256250000000009
20
-160.6398379999999975
11
53.2256250000000009
21
-162.6398379999999975
0
LINE
8
BLACK
6
CONTINUOUS
10
55.035148999999997
20
-162.6398379999999975
11
55.035148999999997
21
-161.5922190000000001
0
LINE
8
BLACK
6
CONTINUOUS
10
55.035148999999997
20
-161.5922190000000001
11
54.9399109999999951
21
-161.4017419999999845
0
LINE
8
BLACK
6
CONTINUOUS
10
54.9399109999999951
20
-161.4017419999999845
11
54.7494349999999983
21
-161.3065039999999897
0
LINE
8
BLACK
6
CONTINUOUS
10
54.7494349999999983
20
-161.3065039999999897
11
54.3684820000000002
21
-161.3065039999999897
0
LINE
8
BLACK
6
CONTINUOUS
10
54.3684820000000002
20
-161.3065039999999897
11
54.1780059999999963
21
-161.4017419999999845
0
LINE
8
BLACK
6
CONTINUOUS
10
55.035148999999997
20
-162.5446000000000026
11
54.8446730000000002
21
-162.6398379999999975
0
LINE
8
BLACK
6
CONTINUOUS
10
54.8446730000000002
20
-162.6398379999999975
11
54.3684820000000002
21
-162.6398379999999975
0
LINE
8
BLACK
6
CONTINUOUS
10
54.3684820000000002
20
-162.6398379999999975
11
54.1780059999999963
21
-162.5446000000000026
0
LINE
8
BLACK
6
CONTINUOUS
10
54.1780059999999963
20
-162.5446000000000026
11
54.0827679999999944
21
-162.3541229999999871
0
LINE
8
BLACK
6
CONTINUOUS
10
54.0827679999999944
20
-162.3541229999999871
11
54.0827679999999944
21
-162.1636469999999974
0
LINE
8
BLACK
6
CONTINUOUS
10
54.0827679999999944
20
-162.1636469999999974
11
54.1780059999999963
21
-161.9731709999999794
0
LINE
8
BLACK
6
CONTINUOUS
10
54.1780059999999963
20
-161.9731709999999794
11
54.3684820000000002
21
-161.8779329999999845
0
LINE
8
BLACK
6
CONTINUOUS
10
54.3684820000000002
20
-161.8779329999999845
11
54.8446730000000002
21
-161.8779329999999845
0
LINE
8
BLACK
6
CONTINUOUS
10
54.8446730000000002
20
-161.8779329999999845
11
55.035148999999997
21
-161.7826949999999897
0
LINE
8
BLACK
6
CONTINUOUS
10
55.9875299999999996
20
-161.3065039999999897
11
55.9875299999999996
21
-163.3065039999999897
0
LINE
8
BLACK
6
CONTINUOUS
10
55.9875299999999996
20
-161.4017419999999845
11
56.1780059999999963
21
-161.3065039999999897
0
LINE
8
BLACK
6
CONTINUOUS
10
56.1780059999999963
20
-161.3065039999999897
11
56.5589589999999944
21
-161.3065039999999897
0
LINE
8
BLACK
6
CONTINUOUS
10
56.5589589999999944
20
-161.3065039999999897
11
56.7494349999999983
21
-161.4017419999999845
0
LINE
8
BLACK
6
CONTINUOUS
10
56.7494349999999983
20
-161.4017419999999845
11
56.8446730000000002
21
-161.4969799999999793
0
LINE
8
BLACK
6
CONTINUOUS
10
56.8446730000000002
20
-161.4969799999999793
11
56.9399109999999951
21
-161.6874569999999949
0
LINE
8
BLACK
6
CONTINUOUS
10
56.9399109999999951
20
-161.6874569999999949
11
56.9399109999999951
21
-162.2588849999999923
0
LINE
8
BLACK
6
CONTINUOUS
10
56.9399109999999951
20
-162.2588849999999923
11
56.8446730000000002
21
-162.4493609999999819
0
LINE
8
BLACK
6
CONTINUOUS
10
56.8446730000000002
20
-162.4493609999999819
11
56.7494349999999983
21
-162.5446000000000026
0
LINE
8
BLACK
6
CONTINUOUS
10
56.7494349999999983
20
-162.5446000000000026
11
56.5589589999999944
21
-162.6398379999999975
0
LINE
8
BLACK
6
CONTINUOUS
10
56.5589589999999944
20
-162.6398379999999975
11
56.1780059999999963
21
-162.6398379999999975
0
LINE
8
BLACK
6
CONTINUOUS
10
56.1780059999999963
20
-162.6398379999999975
11
55.9875299999999996
21
-162.5446000000000026
0
LINE
8
BLACK
6
CONTINUOUS
10
57.7970539999999957
20
-162.4493609999999819
11
57.8922919999999976
21
-162.5446000000000026
0
LINE
8
BLACK
6
CONTINUOUS
10
57.8922919999999976
20
-162.5446000000000026
11
57.7970539999999957
21
-162.6398379999999975
0
LINE
8
BLACK
6
CONTINUOUS
10
57.7970539999999957
20
-162.6398379999999975
11
57.7018160000000009
21
-162.5446000000000026
0
LINE
8
BLACK
6
CONTINUOUS
10
57.7018160000000009
20
-162.5446000000000026
11
57.7970539999999957
21
-162.4493609999999819
0
LINE
8
BLACK
6
CONTINUOUS
10
57.7970539999999957
20
-162.4493609999999819
11
57.7970539999999957
21
-162.6398379999999975
0
LINE
8
BLACK
6
CONTINUOUS
10
57.7970539999999957
20
-161.4017419999999845
11
57.8922919999999976
21
-161.4969799999999793
0
LINE
8
BLACK
6
CONTINUOUS
10
57.8922919999999976
20
-161.4969799999999793
11
57.7970539999999957
21
-161.5922190000000001
0
LINE
8
BLACK
6
CONTINUOUS
10
57.7970539999999957
20
-161.5922190000000001
11
57.7018160000000009
21
-161.4969799999999793
0
LINE
8
BLACK
6
CONTINUOUS
10
57.7018160000000009
20
-161.4969799999999793
11
57.7970539999999957
21
-161.4017419999999845
0
LINE
8
BLACK
6
CONTINUOUS
10
57.7970539999999957
20
-161.4017419999999845
11
57.7970539999999957
21
-161.5922190000000001
0
LINE
8
BLACK
6
CONTINUOUS
10
41.2749999999999986
20
-165.8249999999999886
11
41.4750000000000014
21
-166.0250000000000057
0
LINE
8
BLACK
6
CONTINUOUS
10
41.4750000000000014
20
-165.8249999999999886
11
41.2749999999999986
21
-166.0250000000000057
0
LINE
8
BLACK
6
CONTINUOUS
10
44.463719999999995
20
-164.8398379999999861
11
44.6541969999999964
21
-164.8398379999999861
0
LINE
8
BLACK
6
CONTINUOUS
10
44.6541969999999964
20
-164.8398379999999861
11
44.8446730000000002
21
-164.9350759999999809
0
LINE
8
BLACK
6
CONTINUOUS
10
44.8446730000000002
20
-164.9350759999999809
11
44.9399109999999951
21
-165.0303140000000042
0
LINE
8
BLACK
6
CONTINUOUS
10
44.9399109999999951
20
-165.0303140000000042
11
45.035148999999997
21
-165.2207899999999938
0
LINE
8
BLACK
6
CONTINUOUS
10
45.035148999999997
20
-165.2207899999999938
11
45.1303869999999989
21
-165.6017420000000016
0
LINE
8
BLACK
6
CONTINUOUS
10
45.1303869999999989
20
-165.6017420000000016
11
45.1303869999999989
21
-166.0779330000000016
0
LINE
8
BLACK
6
CONTINUOUS
10
45.1303869999999989
20
-166.0779330000000016
11
45.035148999999997
21
-166.4588849999999809
0
LINE
8
BLACK
6
CONTINUOUS
10
45.035148999999997
20
-166.4588849999999809
11
44.9399109999999951
21
-166.649360999999999
0
LINE
8
BLACK
6
CONTINUOUS
10
44.9399109999999951
20
-166.649360999999999
11
44.8446730000000002
21
-166.7445999999999913
0
LINE
8
BLACK
6
CONTINUOUS
10
44.8446730000000002
20
-166.7445999999999913
11
44.6541969999999964
21
-166.8398379999999861
0
LINE
8
BLACK
6
CONTINUOUS
10
44.6541969999999964
20
-166.8398379999999861
11
44.463719999999995
21
-166.8398379999999861
0
LINE
8
BLACK
6
CONTINUOUS
10
44.463719999999995
20
-166.8398379999999861
11
44.2732439999999983
21
-166.7445999999999913
0
LINE
8
BLACK
6
CONTINUOUS
10
44.2732439999999983
20
-166.7445999999999913
11
44.1780059999999963
21
-166.649360999999999
0
LINE
8
BLACK
6
CONTINUOUS
10
44.1780059999999963
20
-166.649360999999999
11
44.0827680000000015
21
-166.4588849999999809
0
LINE
8
BLACK
6
CONTINUOUS
10
44.0827680000000015
20
-166.4588849999999809
11
43.9875299999999996
21
-166.0779330000000016
0
LINE
8
BLACK
6
CONTINUOUS
10
43.9875299999999996
20
-166.0779330000000016
11
43.9875299999999996
21
-165.6017420000000016
0
LINE
8
BLACK
6
CONTINUOUS
10
43.9875299999999996
20
-165.6017420000000016
11
44.0827680000000015
21
-165.2207899999999938
0
LINE
8
BLACK
6
CONTINUOUS
10
44.0827680000000015
20
-165.2207899999999938
11
44.1780059999999963
21
-165.0303140000000042
0
LINE
8
BLACK
6
CONTINUOUS
10
44.1780059999999963
20
-165.0303140000000042
11
44.2732439999999983
21
-164.9350759999999809
0
LINE
8
BLACK
6
CONTINUOUS
10
44.2732439999999983
20
-164.9350759999999809
11
44.463719999999995
21
-164.8398379999999861
0
LINE
8
BLACK
6
CONTINUOUS
10
45.9875299999999996
20
-166.649360999999999
11
46.0827679999999944
21
-166.7445999999999913
0
LINE
8
BLACK
6
CONTINUOUS
10
46.0827679999999944
20
-166.7445999999999913
11
45.9875299999999996
21
-166.8398379999999861
0
LINE
8
BLACK
6
CONTINUOUS
10
45.9875299999999996
20
-166.8398379999999861
11
45.8922919999999976
21
-166.7445999999999913
0
LINE
8
BLACK
6
CONTINUOUS
10
45.8922919999999976
20
-166.7445999999999913
11
45.9875299999999996
21
-166.649360999999999
0
LINE
8
BLACK
6
CONTINUOUS
10
45.9875299999999996
20
-166.649360999999999
11
45.9875299999999996
21
-166.8398379999999861
0
LINE
8
BLACK
6
CONTINUOUS
10
46.8446730000000002
20
-165.0303140000000042
11
46.9399109999999951
21
-164.9350759999999809
0
LINE
8
BLACK
6
CONTINUOUS
10
46.9399109999999951
20
-164.9350759999999809
11
47.1303869999999989
21
-164.8398379999999861
0
LINE
8
BLACK
6
CONTINUOUS
10
47.1303869999999989
20
-164.8398379999999861
11
47.606577999999999
21
-164.8398379999999861
0
LINE
8
BLACK
6
CONTINUOUS
10
47.606577999999999
20
-164.8398379999999861
11
47.7970539999999957
21
-164.9350759999999809
0
LINE
8
BLACK
6
CONTINUOUS
10
47.7970539999999957
20
-164.9350759999999809
11
47.8922919999999976
21
-165.0303140000000042
0
LINE
8
BLACK
6
CONTINUOUS
10
47.8922919999999976
20
-165.0303140000000042
11
47.9875299999999996
21
-165.2207899999999938
0
LINE
8
BLACK
6
CONTINUOUS
10
47.9875299999999996
20
-165.2207899999999938
11
47.9875299999999996
21
-165.4112659999999835
0
LINE
8
BLACK
6
CONTINUOUS
10
47.9875299999999996
20
-165.4112659999999835
11
47.8922919999999976
21
-165.6969799999999964
0
LINE
8
BLACK
6
CONTINUOUS
10
47.8922919999999976
20
-165.6969799999999964
11
46.7494349999999983
21
-166.8398379999999861
0
LINE
8
BLACK
6
CONTINUOUS
10
46.7494349999999983
20
-166.8398379999999861
11
47.9875299999999996
21
-166.8398379999999861
0
LINE
8
BLACK
6
CONTINUOUS
10
49.2256250000000009
20
-164.8398379999999861
11
49.4161019999999951
21
-164.8398379999999861
0
LINE
8
BLACK
6
CONTINUOUS
10
49.4161019999999951
20
-164.8398379999999861
11
49.606577999999999
21
-164.9350759999999809
0
LINE
8
BLACK
6
CONTINUOUS
10
49.606577999999999
20
-164.9350759999999809
11
49.7018160000000009
21
-165.0303140000000042
0
LINE
8
BLACK
6
CONTINUOUS
10
49.7018160000000009
20
-165.0303140000000042
11
49.7970539999999957
21
-165.2207899999999938
0
LINE
8
BLACK
6
CONTINUOUS
10
49.7970539999999957
20
-165.2207899999999938
11
49.8922919999999976
21
-165.6017420000000016
0
LINE
8
BLACK
6
CONTINUOUS
10
49.8922919999999976
20
-165.6017420000000016
11
49.8922919999999976
21
-166.0779330000000016
0
LINE
8
BLACK
6
CONTINUOUS
10
49.8922919999999976
20
-166.0779330000000016
11
49.7970539999999957
21
-166.4588849999999809
0
LINE
8
BLACK
6
CONTINUOUS
10
49.7970539999999957
20
-166.4588849999999809
11
49.7018160000000009
21
-166.649360999999999
0
LINE
8
BLACK
6
CONTINUOUS
10
49.7018160000000009
20
-166.649360999999999
11
49.606577999999999
21
-166.7445999999999913
0
LINE
8
BLACK
6
CONTINUOUS
10
49.606577999999999
20
-166.7445999999999913
11
49.4161019999999951
21
-166.8398379999999861
0
LINE
8
BLACK
6
CONTINUOUS
10
49.4161019999999951
20
-166.8398379999999861
11
49.2256250000000009
21
-166.8398379999999861
0
LINE
8
BLACK
6
CONTINUOUS
10
49.2256250000000009
20
-166.8398379999999861
11
49.035148999999997
21
-166.7445999999999913
0
LINE
8
BLACK
6
CONTINUOUS
10
49.035148999999997
20
-166.7445999999999913
11
48.9399109999999951
21
-166.649360999999999
0
LINE
8
BLACK
6
CONTINUOUS
10
48.9399109999999951
20
-166.649360999999999
11
48.8446730000000002
21
-166.4588849999999809
0
LINE
8
BLACK
6
CONTINUOUS
10
48.8446730000000002
20
-166.4588849999999809
11
48.7494349999999983
21
-166.0779330000000016
0
LINE
8
BLACK
6
CONTINUOUS
10
48.7494349999999983
20
-166.0779330000000016
11
48.7494349999999983
21
-165.6017420000000016
0
LINE
8
BLACK
6
CONTINUOUS
10
48.7494349999999983
20
-165.6017420000000016
11
48.8446730000000002
21
-165.2207899999999938
0
LINE
8
BLACK
6
CONTINUOUS
10
48.8446730000000002
20
-165.2207899999999938
11
48.9399109999999951
21
-165.0303140000000042
0
LINE
8
BLACK
6
CONTINUOUS
10
48.9399109999999951
20
-165.0303140000000042
11
49.035148999999997
21
-164.9350759999999809
0
LINE
8
BLACK
6
CONTINUOUS
10
49.035148999999997
20
-164.9350759999999809
11
49.2256250000000009
21
-164.8398379999999861
0
LINE
8
BLACK
6
CONTINUOUS
10
51.1303869999999989
20
-164.8398379999999861
11
51.3208640000000003
21
-164.8398379999999861
0
LINE
8
BLACK
6
CONTINUOUS
10
51.3208640000000003
20
-164.8398379999999861
11
51.511339999999997
21
-164.9350759999999809
0
LINE
8
BLACK
6
CONTINUOUS
10
51.511339999999997
20
-164.9350759999999809
11
51.606577999999999
21
-165.0303140000000042
0
LINE
8
BLACK
6
CONTINUOUS
10
51.606577999999999
20
-165.0303140000000042
11
51.7018160000000009
21
-165.2207899999999938
0
LINE
8
BLACK
6
CONTINUOUS
10
51.7018160000000009
20
-165.2207899999999938
11
51.7970539999999957
21
-165.6017420000000016
0
LINE
8
BLACK
6
CONTINUOUS
10
51.7970539999999957
20
-165.6017420000000016
11
51.7970539999999957
21
-166.0779330000000016
0
LINE
8
BLACK
6
CONTINUOUS
10
51.7970539999999957
20
-166.0779330000000016
11
51.7018160000000009
21
-166.4588849999999809
0
LINE
8
BLACK
6
CONTINUOUS
10
51.7018160000000009
20
-166.4588849999999809
11
51.606577999999999
21
-166.649360999999999
0
LINE
8
BLACK
6
CONTINUOUS
10
51.606577999999999
20
-166.649360999999999
11
51.511339999999997
21
-166.7445999999999913
0
LINE
8
BLACK
6
CONTINUOUS
10
51.511339999999997
20
-166.7445999999999913
11
51.3208640000000003
21
-166.8398379999999861
0
LINE
8
BLACK
6
CONTINUOUS
10
51.3208640000000003
20
-166.8398379999999861
11
51.1303869999999989
21
-166.8398379999999861
0
LINE
8
BLACK
6
CONTINUOUS
10
51.1303869999999989
20
-166.8398379999999861
11
50.9399109999999951
21
-166.7445999999999913
0
LINE
8
BLACK
6
CONTINUOUS
10
50.9399109999999951
20
-166.7445999999999913
11
50.8446730000000002
21
-166.649360999999999
0
LINE
8
BLACK
6
CONTINUOUS
10
50.8446730000000002
20
-166.649360999999999
11
50.7494349999999983
21
-166.4588849999999809
0
LINE
8
BLACK
6
CONTINUOUS
10
50.7494349999999983
20
-166.4588849999999809
11
50.6541969999999964
21
-166.0779330000000016
0
LINE
8
BLACK
6
CONTINUOUS
10
50.6541969999999964
20
-166.0779330000000016
11
50.6541969999999964
21
-165.6017420000000016
0
LINE
8
BLACK
6
CONTINUOUS
10
50.6541969999999964
20
-165.6017420000000016
11
50.7494349999999983
21
-165.2207899999999938
0
LINE
8
BLACK
6
CONTINUOUS
10
50.7494349999999983
20
-165.2207899999999938
11
50.8446730000000002
21
-165.0303140000000042
0
LINE
8
BLACK
6
CONTINUOUS
10
50.8446730000000002
20
-165.0303140000000042
11
50.9399109999999951
21
-164.9350759999999809
0
LINE
8
BLACK
6
CONTINUOUS
10
50.9399109999999951
20
-164.9350759999999809
11
51.1303869999999989
21
-164.8398379999999861
0
LINE
8
BLACK
6
CONTINUOUS
10
52.6541969999999964
20
-166.8398379999999861
11
52.6541969999999964
21
-165.5065039999999783
0
LINE
8
BLACK
6
CONTINUOUS
10
52.6541969999999964
20
-165.6969799999999964
11
52.7494349999999983
21
-165.6017420000000016
0
LINE
8
BLACK
6
CONTINUOUS
10
52.7494349999999983
20
-165.6017420000000016
11
52.9399109999999951
21
-165.5065039999999783
0
LINE
8
BLACK
6
CONTINUOUS
10
52.9399109999999951
20
-165.5065039999999783
11
53.2256259999999983
21
-165.5065039999999783
0
LINE
8
BLACK
6
CONTINUOUS
10
53.2256259999999983
20
-165.5065039999999783
11
53.4161019999999951
21
-165.6017420000000016
0
LINE
8
BLACK
6
CONTINUOUS
10
53.4161019999999951
20
-165.6017420000000016
11
53.511339999999997
21
-165.7922189999999887
0
LINE
8
BLACK
6
CONTINUOUS
10
53.511339999999997
20
-165.7922189999999887
11
53.511339999999997
21
-166.8398379999999861
0
LINE
8
BLACK
6
CONTINUOUS
10
53.511339999999997
20
-165.7922189999999887
11
53.606577999999999
21
-165.6017420000000016
0
LINE
8
BLACK
6
CONTINUOUS
10
53.606577999999999
20
-165.6017420000000016
11
53.7970539999999957
21
-165.5065039999999783
0
LINE
8
BLACK
6
CONTINUOUS
10
53.7970539999999957
20
-165.5065039999999783
11
54.0827679999999944
21
-165.5065039999999783
0
LINE
8
BLACK
6
CONTINUOUS
10
54.0827679999999944
20
-165.5065039999999783
11
54.2732449999999957
21
-165.6017420000000016
0
LINE
8
BLACK
6
CONTINUOUS
10
54.2732449999999957
20
-165.6017420000000016
11
54.3684829999999977
21
-165.7922189999999887
0
LINE
8
BLACK
6
CONTINUOUS
10
54.3684829999999977
20
-165.7922189999999887
11
54.3684829999999977
21
-166.8398379999999861
0
LINE
8
BLACK
6
CONTINUOUS
10
55.3208640000000003
20
-166.8398379999999861
11
55.3208640000000003
21
-165.5065039999999783
0
LINE
8
BLACK
6
CONTINUOUS
10
55.3208640000000003
20
-165.6969799999999964
11
55.4161019999999951
21
-165.6017420000000016
0
LINE
8
BLACK
6
CONTINUOUS
10
55.4161019999999951
20
-165.6017420000000016
11
55.606577999999999
21
-165.5065039999999783
0
LINE
8
BLACK
6
CONTINUOUS
10
55.606577999999999
20
-165.5065039999999783
11
55.8922929999999951
21
-165.5065039999999783
0
LINE
8
BLACK
6
CONTINUOUS
10
55.8922929999999951
20
-165.5065039999999783
11
56.082768999999999
21
-165.6017420000000016
0
LINE
8
BLACK
6
CONTINUOUS
10
56.082768999999999
20
-165.6017420000000016
11
56.1780070000000009
21
-165.7922189999999887
0
LINE
8
BLACK
6
CONTINUOUS
10
56.1780070000000009
20
-165.7922189999999887
11
56.1780070000000009
21
-166.8398379999999861
0
LINE
8
BLACK
6
CONTINUOUS
10
56.1780070000000009
20
-165.7922189999999887
11
56.2732449999999957
21
-165.6017420000000016
0
LINE
8
BLACK
6
CONTINUOUS
10
56.2732449999999957
20
-165.6017420000000016
11
56.4637209999999996
21
-165.5065039999999783
0
LINE
8
BLACK
6
CONTINUOUS
10
56.4637209999999996
20
-165.5065039999999783
11
56.7494349999999983
21
-165.5065039999999783
0
LINE
8
BLACK
6
CONTINUOUS
10
56.7494349999999983
20
-165.5065039999999783
11
56.9399119999999996
21
-165.6017420000000016
0
LINE
8
BLACK
6
CONTINUOUS
10
56.9399119999999996
20
-165.6017420000000016
11
57.0351499999999945
21
-165.7922189999999887
0
LINE
8
BLACK
6
CONTINUOUS
10
57.0351499999999945
20
-165.7922189999999887
11
57.0351499999999945
21
-166.8398379999999861
0
LINE
8
BLACK
6
CONTINUOUS
10
60.9399119999999996
20
-164.7445999999999913
11
59.2256269999999958
21
-167.3160279999999887
0
LINE
8
BLACK
6
CONTINUOUS
10
63.5113409999999945
20
-164.8398379999999861
11
63.7018179999999958
21
-164.8398379999999861
0
LINE
8
BLACK
6
CONTINUOUS
10
63.7018179999999958
20
-164.8398379999999861
11
63.8922939999999997
21
-164.9350759999999809
0
LINE
8
BLACK
6
CONTINUOUS
10
63.8922939999999997
20
-164.9350759999999809
11
63.9875319999999945
21
-165.0303140000000042
0
LINE
8
BLACK
6
CONTINUOUS
10
63.9875319999999945
20
-165.0303140000000042
11
64.0827699999999965
21
-165.2207899999999938
0
LINE
8
BLACK
6
CONTINUOUS
10
64.0827699999999965
20
-165.2207899999999938
11
64.1780079999999913
21
-165.6017420000000016
0
LINE
8
BLACK
6
CONTINUOUS
10
64.1780079999999913
20
-165.6017420000000016
11
64.1780079999999913
21
-166.0779330000000016
0
LINE
8
BLACK
6
CONTINUOUS
10
64.1780079999999913
20
-166.0779330000000016
11
64.0827699999999965
21
-166.4588849999999809
0
LINE
8
BLACK
6
CONTINUOUS
10
64.0827699999999965
20
-166.4588849999999809
11
63.9875319999999945
21
-166.649360999999999
0
LINE
8
BLACK
6
CONTINUOUS
10
63.9875319999999945
20
-166.649360999999999
11
63.8922939999999997
21
-166.7445999999999913
0
LINE
8
BLACK
6
CONTINUOUS
10
63.8922939999999997
20
-166.7445999999999913
11
63.7018179999999958
21
-166.8398379999999861
0
LINE
8
BLACK
6
CONTINUOUS
10
63.7018179999999958
20
-166.8398379999999861
11
63.5113409999999945
21
-166.8398379999999861
0
LINE
8
BLACK
6
CONTINUOUS
10
63.5113409999999945
20
-166.8398379999999861
11
63.3208649999999977
21
-166.7445999999999913
0
LINE
8
BLACK
6
CONTINUOUS
10
63.3208649999999977
20
-166.7445999999999913
11
63.2256269999999958
21
-166.649360999999999
0
LINE
8
BLACK
6
CONTINUOUS
10
63.2256269999999958
20
-166.649360999999999
11
63.1303889999999939
21
-166.4588849999999809
0
LINE
8
BLACK
6
CONTINUOUS
10
63.1303889999999939
20
-166.4588849999999809
11
63.035150999999999
21
-166.0779330000000016
0
LINE
8
BLACK
6
CONTINUOUS
10
63.035150999999999
20
-166.0779330000000016
11
63.035150999999999
21
-165.6017420000000016
0
LINE
8
BLACK
6
CONTINUOUS
10
63.035150999999999
20
-165.6017420000000016
11
63.1303889999999939
21
-165.2207899999999938
0
LINE
8
BLACK
6
CONTINUOUS
10
63.1303889999999939
20
-165.2207899999999938
11
63.2256269999999958
21
-165.0303140000000042
0
LINE
8
BLACK
6
CONTINUOUS
10
63.2256269999999958
20
-165.0303140000000042
11
63.3208649999999977
21
-164.9350759999999809
0
LINE
8
BLACK
6
CONTINUOUS
10
63.3208649999999977
20
-164.9350759999999809
11
63.5113409999999945
21
-164.8398379999999861
0
LINE
8
BLACK
6
CONTINUOUS
10
65.035150999999999
20
-166.649360999999999
11
65.1303889999999939
21
-166.7445999999999913
0
LINE
8
BLACK
6
CONTINUOUS
10
65.1303889999999939
20
-166.7445999999999913
11
65.035150999999999
21
-166.8398379999999861
0
LINE
8
BLACK
6
CONTINUOUS
10
65.035150999999999
20
-166.8398379999999861
11
64.93991299999999
21
-166.7445999999999913
0
LINE
8
BLACK
6
CONTINUOUS
10
64.93991299999999
20
-166.7445999999999913
11
65.035150999999999
21
-166.649360999999999
0
LINE
8
BLACK
6
CONTINUOUS
10
65.035150999999999
20
-166.649360999999999
11
65.035150999999999
21
-166.8398379999999861
0
LINE
8
BLACK
6
CONTINUOUS
10
66.3684839999999951
20
-164.8398379999999861
11
66.5589609999999965
21
-164.8398379999999861
0
LINE
8
BLACK
6
CONTINUOUS
10
66.5589609999999965
20
-164.8398379999999861
11
66.7494370000000004
21
-164.9350759999999809
0
LINE
8
BLACK
6
CONTINUOUS
10
66.7494370000000004
20
-164.9350759999999809
11
66.8446749999999952
21
-165.0303140000000042
0
LINE
8
BLACK
6
CONTINUOUS
10
66.8446749999999952
20
-165.0303140000000042
11
66.93991299999999
21
-165.2207899999999938
0
LINE
8
BLACK
6
CONTINUOUS
10
66.93991299999999
20
-165.2207899999999938
11
67.035150999999999
21
-165.6017420000000016
0
LINE
8
BLACK
6
CONTINUOUS
10
67.035150999999999
20
-165.6017420000000016
11
67.035150999999999
21
-166.0779330000000016
0
LINE
8
BLACK
6
CONTINUOUS
10
67.035150999999999
20
-166.0779330000000016
11
66.93991299999999
21
-166.4588849999999809
0
LINE
8
BLACK
6
CONTINUOUS
10
66.93991299999999
20
-166.4588849999999809
11
66.8446749999999952
21
-166.649360999999999
0
LINE
8
BLACK
6
CONTINUOUS
10
66.8446749999999952
20
-166.649360999999999
11
66.7494370000000004
21
-166.7445999999999913
0
LINE
8
BLACK
6
CONTINUOUS
10
66.7494370000000004
20
-166.7445999999999913
11
66.5589609999999965
21
-166.8398379999999861
0
LINE
8
BLACK
6
CONTINUOUS
10
66.5589609999999965
20
-166.8398379999999861
11
66.3684839999999951
21
-166.8398379999999861
0
LINE
8
BLACK
6
CONTINUOUS
10
66.3684839999999951
20
-166.8398379999999861
11
66.1780079999999913
21
-166.7445999999999913
0
LINE
8
BLACK
6
CONTINUOUS
10
66.1780079999999913
20
-166.7445999999999913
11
66.0827699999999965
21
-166.649360999999999
0
LINE
8
BLACK
6
CONTINUOUS
10
66.0827699999999965
20
-166.649360999999999
11
65.9875320000000016
21
-166.4588849999999809
0
LINE
8
BLACK
6
CONTINUOUS
10
65.9875320000000016
20
-166.4588849999999809
11
65.8922939999999926
21
-166.0779330000000016
0
LINE
8
BLACK
6
CONTINUOUS
10
65.8922939999999926
20
-166.0779330000000016
11
65.8922939999999926
21
-165.6017420000000016
0
LINE
8
BLACK
6
CONTINUOUS
10
65.8922939999999926
20
-165.6017420000000016
11
65.9875320000000016
21
-165.2207899999999938
0
LINE
8
BLACK
6
CONTINUOUS
10
65.9875320000000016
20
-165.2207899999999938
11
66.0827699999999965
21
-165.0303140000000042
0
LINE
8
BLACK
6
CONTINUOUS
10
66.0827699999999965
20
-165.0303140000000042
11
66.1780079999999913
21
-164.9350759999999809
0
LINE
8
BLACK
6
CONTINUOUS
10
66.1780079999999913
20
-164.9350759999999809
11
66.3684839999999951
21
-164.8398379999999861
0
LINE
8
BLACK
6
CONTINUOUS
10
68.2732460000000003
20
-164.8398379999999861
11
68.4637230000000017
21
-164.8398379999999861
0
LINE
8
BLACK
6
CONTINUOUS
10
68.4637230000000017
20
-164.8398379999999861
11
68.6541989999999913
21
-164.9350759999999809
0
LINE
8
BLACK
6
CONTINUOUS
10
68.6541989999999913
20
-164.9350759999999809
11
68.7494370000000004
21
-165.0303140000000042
0
LINE
8
BLACK
6
CONTINUOUS
10
68.7494370000000004
20
-165.0303140000000042
11
68.8446749999999952
21
-165.2207899999999938
0
LINE
8
BLACK
6
CONTINUOUS
10
68.8446749999999952
20
-165.2207899999999938
11
68.93991299999999
21
-165.6017420000000016
0
LINE
8
BLACK
6
CONTINUOUS
10
68.93991299999999
20
-165.6017420000000016
11
68.93991299999999
21
-166.0779330000000016
0
LINE
8
BLACK
6
CONTINUOUS
10
68.93991299999999
20
-166.0779330000000016
11
68.8446749999999952
21
-166.4588849999999809
0
LINE
8
BLACK
6
CONTINUOUS
10
68.8446749999999952
20
-166.4588849999999809
11
68.7494370000000004
21
-166.649360999999999
0
LINE
8
BLACK
6
CONTINUOUS
10
68.7494370000000004
20
-166.649360999999999
11
68.6541989999999913
21
-166.7445999999999913
0
LINE
8
BLACK
6
CONTINUOUS
10
68.6541989999999913
20
-166.7445999999999913
11
68.4637230000000017
21
-166.8398379999999861
0
LINE
8
BLACK
6
CONTINUOUS
10
68.4637230000000017
20
-166.8398379999999861
11
68.2732460000000003
21
-166.8398379999999861
0
LINE
8
BLACK
6
CONTINUOUS
10
68.2732460000000003
20
-166.8398379999999861
11
68.0827699999999965
21
-166.7445999999999913
0
LINE
8
BLACK
6
CONTINUOUS
10
68.0827699999999965
20
-166.7445999999999913
11
67.9875320000000016
21
-166.649360999999999
0
LINE
8
BLACK
6
CONTINUOUS
10
67.9875320000000016
20
-166.649360999999999
11
67.8922939999999926
21
-166.4588849999999809
0
LINE
8
BLACK
6
CONTINUOUS
10
67.8922939999999926
20
-166.4588849999999809
11
67.7970559999999978
21
-166.0779330000000016
0
LINE
8
BLACK
6
CONTINUOUS
10
67.7970559999999978
20
-166.0779330000000016
11
67.7970559999999978
21
-165.6017420000000016
0
LINE
8
BLACK
6
CONTINUOUS
10
67.7970559999999978
20
-165.6017420000000016
11
67.8922939999999926
21
-165.2207899999999938
0
LINE
8
BLACK
6
CONTINUOUS
10
67.8922939999999926
20
-165.2207899999999938
11
67.9875320000000016
21
-165.0303140000000042
0
LINE
8
BLACK
6
CONTINUOUS
10
67.9875320000000016
20
-165.0303140000000042
11
68.0827699999999965
21
-164.9350759999999809
0
LINE
8
BLACK
6
CONTINUOUS
10
68.0827699999999965
20
-164.9350759999999809
11
68.2732460000000003
21
-164.8398379999999861
0
LINE
8
BLACK
6
CONTINUOUS
10
69.6065799999999939
20
-164.8398379999999861
11
70.93991299999999
21
-164.8398379999999861
0
LINE
8
BLACK
6
CONTINUOUS
10
70.93991299999999
20
-164.8398379999999861
11
70.0827699999999965
21
-166.8398379999999861
0
LINE
8
BLACK
6
CONTINUOUS
10
71.7970559999999978
20
-166.8398379999999861
11
72.1780079999999913
21
-166.8398379999999861
0
LINE
8
BLACK
6
CONTINUOUS
10
72.1780079999999913
20
-166.8398379999999861
11
72.3684849999999926
21
-166.7445999999999913
0
LINE
8
BLACK
6
CONTINUOUS
10
72.3684849999999926
20
-166.7445999999999913
11
72.4637230000000017
21
-166.649360999999999
0
LINE
8
BLACK
6
CONTINUOUS
10
72.4637230000000017
20
-166.649360999999999
11
72.6541989999999913
21
-166.3636469999999861
0
LINE
8
BLACK
6
CONTINUOUS
10
72.6541989999999913
20
-166.3636469999999861
11
72.7494370000000004
21
-165.9826949999999783
0
LINE
8
BLACK
6
CONTINUOUS
10
72.7494370000000004
20
-165.9826949999999783
11
72.7494370000000004
21
-165.2207899999999938
0
LINE
8
BLACK
6
CONTINUOUS
10
72.7494370000000004
20
-165.2207899999999938
11
72.6541989999999913
21
-165.0303140000000042
0
LINE
8
BLACK
6
CONTINUOUS
10
72.6541989999999913
20
-165.0303140000000042
11
72.5589609999999965
21
-164.9350759999999809
0
LINE
8
BLACK
6
CONTINUOUS
10
72.5589609999999965
20
-164.9350759999999809
11
72.3684849999999926
21
-164.8398379999999861
0
LINE
8
BLACK
6
CONTINUOUS
10
72.3684849999999926
20
-164.8398379999999861
11
71.9875320000000016
21
-164.8398379999999861
0
LINE
8
BLACK
6
CONTINUOUS
10
71.9875320000000016
20
-164.8398379999999861
11
71.7970559999999978
21
-164.9350759999999809
0
LINE
8
BLACK
6
CONTINUOUS
10
71.7970559999999978
20
-164.9350759999999809
11
71.7018180000000029
21
-165.0303140000000042
0
LINE
8
BLACK
6
CONTINUOUS
10
71.7018180000000029
20
-165.0303140000000042
11
71.6065799999999939
21
-165.2207899999999938
0
LINE
8
BLACK
6
CONTINUOUS
10
71.6065799999999939
20
-165.2207899999999938
11
71.6065799999999939
21
-165.6969799999999964
0
LINE
8
BLACK
6
CONTINUOUS
10
71.6065799999999939
20
-165.6969799999999964
11
71.7018180000000029
21
-165.8874569999999835
0
LINE
8
BLACK
6
CONTINUOUS
10
71.7018180000000029
20
-165.8874569999999835
11
71.7970559999999978
21
-165.9826949999999783
0
LINE
8
BLACK
6
CONTINUOUS
10
71.7970559999999978
20
-165.9826949999999783
11
71.9875320000000016
21
-166.0779330000000016
0
LINE
8
BLACK
6
CONTINUOUS
10
71.9875320000000016
20
-166.0779330000000016
11
72.3684849999999926
21
-166.0779330000000016
0
LINE
8
BLACK
6
CONTINUOUS
10
72.3684849999999926
20
-166.0779330000000016
11
72.5589609999999965
21
-165.9826949999999783
0
LINE
8
BLACK
6
CONTINUOUS
10
72.5589609999999965
20
-165.9826949999999783
11
72.6541989999999913
21
-165.8874569999999835
0
LINE
8
BLACK
6
CONTINUOUS
10
72.6541989999999913
20
-165.8874569999999835
11
72.7494370000000004
21
-165.6969799999999964
0
LINE
8
BLACK
6
CONTINUOUS
10
73.5113419999999991
20
-164.8398379999999861
11
73.5113419999999991
21
-165.2207899999999938
0
LINE
8
BLACK
6
CONTINUOUS
10
74.2732469999999978
20
-164.8398379999999861
11
74.2732469999999978
21
-165.2207899999999938
0
LINE
8
BLACK
6
CONTINUOUS
10
77.2256289999999979
20
-167.6017420000000016
11
77.1303899999999913
21
-167.5065039999999783
0
LINE
8
BLACK
6
CONTINUOUS
10
77.1303899999999913
20
-167.5065039999999783
11
76.9399140000000017
21
-167.2207899999999938
0
LINE
8
BLACK
6
CONTINUOUS
10
76.9399140000000017
20
-167.2207899999999938
11
76.8446759999999927
21
-167.0303140000000042
0
LINE
8
BLACK
6
CONTINUOUS
10
76.8446759999999927
20
-167.0303140000000042
11
76.7494379999999978
21
-166.7445999999999913
0
LINE
8
BLACK
6
CONTINUOUS
10
76.7494379999999978
20
-166.7445999999999913
11
76.654200000000003
21
-166.2684089999999912
0
LINE
8
BLACK
6
CONTINUOUS
10
76.654200000000003
20
-166.2684089999999912
11
76.654200000000003
21
-165.8874569999999835
0
LINE
8
BLACK
6
CONTINUOUS
10
76.654200000000003
20
-165.8874569999999835
11
76.7494379999999978
21
-165.4112659999999835
0
LINE
8
BLACK
6
CONTINUOUS
10
76.7494379999999978
20
-165.4112659999999835
11
76.8446759999999927
21
-165.125551999999999
0
LINE
8
BLACK
6
CONTINUOUS
10
76.8446759999999927
20
-165.125551999999999
11
76.9399140000000017
21
-164.9350759999999809
0
LINE
8
BLACK
6
CONTINUOUS
10
76.9399140000000017
20
-164.9350759999999809
11
77.1303899999999913
21
-164.649360999999999
0
LINE
8
BLACK
6
CONTINUOUS
10
77.1303899999999913
20
-164.649360999999999
11
77.2256289999999979
21
-164.5541230000000041
0
LINE
8
BLACK
6
CONTINUOUS
10
79.0351519999999965
20
-166.8398379999999861
11
77.8922949999999901
21
-166.8398379999999861
0
LINE
8
BLACK
6
CONTINUOUS
10
78.4637230000000017
20
-166.8398379999999861
11
78.4637230000000017
21
-164.8398379999999861
0
LINE
8
BLACK
6
CONTINUOUS
10
78.4637230000000017
20
-164.8398379999999861
11
78.2732469999999978
21
-165.125551999999999
0
LINE
8
BLACK
6
CONTINUOUS
10
78.2732469999999978
20
-165.125551999999999
11
78.0827709999999939
21
-165.3160279999999887
0
LINE
8
BLACK
6
CONTINUOUS
10
78.0827709999999939
20
-165.3160279999999887
11
77.8922949999999901
21
-165.4112659999999835
0
LINE
8
BLACK
6
CONTINUOUS
10
79.7970569999999952
20
-165.0303140000000042
11
79.8922949999999901
21
-164.9350759999999809
0
LINE
8
BLACK
6
CONTINUOUS
10
79.8922949999999901
20
-164.9350759999999809
11
80.0827709999999939
21
-164.8398379999999861
0
LINE
8
BLACK
6
CONTINUOUS
10
80.0827709999999939
20
-164.8398379999999861
11
80.558961999999994
21
-164.8398379999999861
0
LINE
8
BLACK
6
CONTINUOUS
10
80.558961999999994
20
-164.8398379999999861
11
80.7494379999999978
21
-164.9350759999999809
0
LINE
8
BLACK
6
CONTINUOUS
10
80.7494379999999978
20
-164.9350759999999809
11
80.8446759999999927
21
-165.0303140000000042
0
LINE
8
BLACK
6
CONTINUOUS
10
80.8446759999999927
20
-165.0303140000000042
11
80.9399140000000017
21
-165.2207899999999938
0
LINE
8
BLACK
6
CONTINUOUS
10
80.9399140000000017
20
-165.2207899999999938
11
80.9399140000000017
21
-165.4112659999999835
0
LINE
8
BLACK
6
CONTINUOUS
10
80.9399140000000017
20
-165.4112659999999835
11
80.8446759999999927
21
-165.6969799999999964
0
LINE
8
BLACK
6
CONTINUOUS
10
80.8446759999999927
20
-165.6969799999999964
11
79.7018190000000004
21
-166.8398379999999861
0
LINE
8
BLACK
6
CONTINUOUS
10
79.7018190000000004
20
-166.8398379999999861
11
80.9399140000000017
21
-166.8398379999999861
0
LINE
8
BLACK
6
CONTINUOUS
10
83.3208669999999927
20
-166.8398379999999861
11
83.3208669999999927
21
-164.8398379999999861
0
LINE
8
BLACK
6
CONTINUOUS
10
84.1780100000000004
20
-166.8398379999999861
11
84.1780100000000004
21
-165.7922189999999887
0
LINE
8
BLACK
6
CONTINUOUS
10
84.1780100000000004
20
-165.7922189999999887
11
84.0827719999999914
21
-165.6017420000000016
0
LINE
8
BLACK
6
CONTINUOUS
10
84.0827719999999914
20
-165.6017420000000016
11
83.8922960000000018
21
-165.5065039999999783
0
LINE
8
BLACK
6
CONTINUOUS
10
83.8922960000000018
20
-165.5065039999999783
11
83.6065809999999914
21
-165.5065039999999783
0
LINE
8
BLACK
6
CONTINUOUS
10
83.6065809999999914
20
-165.5065039999999783
11
83.4161050000000017
21
-165.6017420000000016
0
LINE
8
BLACK
6
CONTINUOUS
10
83.4161050000000017
20
-165.6017420000000016
11
83.3208669999999927
21
-165.6969799999999964
0
LINE
8
BLACK
6
CONTINUOUS
10
85.4161050000000017
20
-166.8398379999999861
11
85.2256289999999979
21
-166.7445999999999913
0
LINE
8
BLACK
6
CONTINUOUS
10
85.2256289999999979
20
-166.7445999999999913
11
85.130391000000003
21
-166.649360999999999
0
LINE
8
BLACK
6
CONTINUOUS
10
85.130391000000003
20
-166.649360999999999
11
85.035152999999994
21
-166.4588849999999809
0
LINE
8
BLACK
6
CONTINUOUS
10
85.035152999999994
20
-166.4588849999999809
11
85.035152999999994
21
-165.8874569999999835
0
LINE
8
BLACK
6
CONTINUOUS
10
85.035152999999994
20
-165.8874569999999835
11
85.130391000000003
21
-165.6969799999999964
0
LINE
8
BLACK
6
CONTINUOUS
10
85.130391000000003
20
-165.6969799999999964
11
85.2256289999999979
21
-165.6017420000000016
0
LINE
8
BLACK
6
CONTINUOUS
10
85.2256289999999979
20
-165.6017420000000016
11
85.4161050000000017
21
-165.5065039999999783
0
LINE
8
BLACK
6
CONTINUOUS
10
85.4161050000000017
20
-165.5065039999999783
11
85.7018199999999979
21
-165.5065039999999783
0
LINE
8
BLACK
6
CONTINUOUS
10
85.7018199999999979
20
-165.5065039999999783
11
85.8922960000000018
21
-165.6017420000000016
0
LINE
8
BLACK
6
CONTINUOUS
10
85.8922960000000018
20
-165.6017420000000016
11
85.9875339999999966
21
-165.6969799999999964
0
LINE
8
BLACK
6
CONTINUOUS
10
85.9875339999999966
20
-165.6969799999999964
11
86.0827719999999914
21
-165.8874569999999835
0
LINE
8
BLACK
6
CONTINUOUS
10
86.0827719999999914
20
-165.8874569999999835
11
86.0827719999999914
21
-166.4588849999999809
0
LINE
8
BLACK
6
CONTINUOUS
10
86.0827719999999914
20
-166.4588849999999809
11
85.9875339999999966
21
-166.649360999999999
0
LINE
8
BLACK
6
CONTINUOUS
10
85.9875339999999966
20
-166.649360999999999
11
85.8922960000000018
21
-166.7445999999999913
0
LINE
8
BLACK
6
CONTINUOUS
10
85.8922960000000018
20
-166.7445999999999913
11
85.7018199999999979
21
-166.8398379999999861
0
LINE
8
BLACK
6
CONTINUOUS
10
85.7018199999999979
20
-166.8398379999999861
11
85.4161050000000017
21
-166.8398379999999861
0
LINE
8
BLACK
6
CONTINUOUS
10
87.2256289999999979
20
-166.8398379999999861
11
87.035152999999994
21
-166.7445999999999913
0
LINE
8
BLACK
6
CONTINUOUS
10
87.035152999999994
20
-166.7445999999999913
11
86.9399149999999992
21
-166.5541230000000041
0
LINE
8
BLACK
6
CONTINUOUS
10
86.9399149999999992
20
-166.5541230000000041
11
86.9399149999999992
21
-164.8398379999999861
0
LINE
8
BLACK
6
CONTINUOUS
10
88.7494389999999953
20
-166.7445999999999913
11
88.5589629999999914
21
-166.8398379999999861
0
LINE
8
BLACK
6
CONTINUOUS
10
88.5589629999999914
20
-166.8398379999999861
11
88.1780100000000004
21
-166.8398379999999861
0
LINE
8
BLACK
6
CONTINUOUS
10
88.1780100000000004
20
-166.8398379999999861
11
87.9875339999999966
21
-166.7445999999999913
0
LINE
8
BLACK
6
CONTINUOUS
10
87.9875339999999966
20
-166.7445999999999913
11
87.8922960000000018
21
-166.5541230000000041
0
LINE
8
BLACK
6
CONTINUOUS
10
87.8922960000000018
20
-166.5541230000000041
11
87.8922960000000018
21
-165.7922189999999887
0
LINE
8
BLACK
6
CONTINUOUS
10
87.8922960000000018
20
-165.7922189999999887
11
87.9875339999999966
21
-165.6017420000000016
0
LINE
8
BLACK
6
CONTINUOUS
10
87.9875339999999966
20
-165.6017420000000016
11
88.1780100000000004
21
-165.5065039999999783
0
LINE
8
BLACK
6
CONTINUOUS
10
88.1780100000000004
20
-165.5065039999999783
11
88.5589629999999914
21
-165.5065039999999783
0
LINE
8
BLACK
6
CONTINUOUS
10
88.5589629999999914
20
-165.5065039999999783
11
88.7494389999999953
21
-165.6017420000000016
0
LINE
8
BLACK
6
CONTINUOUS
10
88.7494389999999953
20
-165.6017420000000016
11
88.8446769999999901
21
-165.7922189999999887
0
LINE
8
BLACK
6
CONTINUOUS
10
88.8446769999999901
20
-165.7922189999999887
11
88.8446769999999901
21
-165.9826949999999783
0
LINE
8
BLACK
6
CONTINUOUS
10
88.8446769999999901
20
-165.9826949999999783
11
87.8922960000000018
21
-166.1731709999999964
0
LINE
8
BLACK
6
CONTINUOUS
10
89.6065819999999889
20
-166.7445999999999913
11
89.7970579999999927
21
-166.8398379999999861
0
LINE
8
BLACK
6
CONTINUOUS
10
89.7970579999999927
20
-166.8398379999999861
11
90.1780100000000004
21
-166.8398379999999861
0
LINE
8
BLACK
6
CONTINUOUS
10
90.1780100000000004
20
-166.8398379999999861
11
90.3684870000000018
21
-166.7445999999999913
0
LINE
8
BLACK
6
CONTINUOUS
10
90.3684870000000018
20
-166.7445999999999913
11
90.4637249999999966
21
-166.5541230000000041
0
LINE
8
BLACK
6
CONTINUOUS
10
90.4637249999999966
20
-166.5541230000000041
11
90.4637249999999966
21
-166.4588849999999809
0
LINE
8
BLACK
6
CONTINUOUS
10
90.4637249999999966
20
-166.4588849999999809
11
90.3684870000000018
21
-166.2684089999999912
0
LINE
8
BLACK
6
CONTINUOUS
10
90.3684870000000018
20
-166.2684089999999912
11
90.1780100000000004
21
-166.1731709999999964
0
LINE
8
BLACK
6
CONTINUOUS
10
90.1780100000000004
20
-166.1731709999999964
11
89.8922960000000018
21
-166.1731709999999964
0
LINE
8
BLACK
6
CONTINUOUS
10
89.8922960000000018
20
-166.1731709999999964
11
89.7018199999999979
21
-166.0779330000000016
0
LINE
8
BLACK
6
CONTINUOUS
10
89.7018199999999979
20
-166.0779330000000016
11
89.6065819999999889
21
-165.8874569999999835
0
LINE
8
BLACK
6
CONTINUOUS
10
89.6065819999999889
20
-165.8874569999999835
11
89.6065819999999889
21
-165.7922189999999887
0
LINE
8
BLACK
6
CONTINUOUS
10
89.6065819999999889
20
-165.7922189999999887
11
89.7018199999999979
21
-165.6017420000000016
0
LINE
8
BLACK
6
CONTINUOUS
10
89.7018199999999979
20
-165.6017420000000016
11
89.8922960000000018
21
-165.5065039999999783
0
LINE
8
BLACK
6
CONTINUOUS
10
89.8922960000000018
20
-165.5065039999999783
11
90.1780100000000004
21
-165.5065039999999783
0
LINE
8
BLACK
6
CONTINUOUS
10
90.1780100000000004
20
-165.5065039999999783
11
90.3684870000000018
21
-165.6017420000000016
0
LINE
8
BLACK
6
CONTINUOUS
10
91.1303920000000005
20
-167.6017420000000016
11
91.2256299999999953
21
-167.5065039999999783
0
LINE
8
BLACK
6
CONTINUOUS
10
91.2256299999999953
20
-167.5065039999999783
11
91.4161059999999992
21
-167.2207899999999938
0
LINE
8
BLACK
6
CONTINUOUS
10
91.4161059999999992
20
-167.2207899999999938
11
91.511343999999994
21
-167.0303140000000042
0
LINE
8
BLACK
6
CONTINUOUS
10
91.511343999999994
20
-167.0303140000000042
11
91.6065819999999889
21
-166.7445999999999913
0
LINE
8
BLACK
6
CONTINUOUS
10
91.6065819999999889
20
-166.7445999999999913
11
91.7018199999999979
21
-166.2684089999999912
0
LINE
8
BLACK
6
CONTINUOUS
10
91.7018199999999979
20
-166.2684089999999912
11
91.7018199999999979
21
-165.8874569999999835
0
LINE
8
BLACK
6
CONTINUOUS
10
91.7018199999999979
20
-165.8874569999999835
11
91.6065819999999889
21
-165.4112659999999835
0
LINE
8
BLACK
6
CONTINUOUS
10
91.6065819999999889
20
-165.4112659999999835
11
91.511343999999994
21
-165.125551999999999
0
LINE
8
BLACK
6
CONTINUOUS
10
91.511343999999994
20
-165.125551999999999
11
91.4161059999999992
21
-164.9350759999999809
0
LINE
8
BLACK
6
CONTINUOUS
10
91.4161059999999992
20
-164.9350759999999809
11
91.2256299999999953
21
-164.649360999999999
0
LINE
8
BLACK
6
CONTINUOUS
10
91.2256299999999953
20
-164.649360999999999
11
91.1303920000000005
21
-164.5541230000000041
0
CIRCLE
8
BLACK
10
41.3249999999999957
20
-168.5649999999999977
40
0.15
0
LINE
8
BLACK
6
CONTINUOUS
10
44.463719999999995
20
-167.4798380000000009
11
44.6541969999999964
21
-167.4798380000000009
0
LINE
8
BLACK
6
CONTINUOUS
10
44.6541969999999964
20
-167.4798380000000009
11
44.8446730000000002
21
-167.5750759999999957
0
LINE
8
BLACK
6
CONTINUOUS
10
44.8446730000000002
20
-167.5750759999999957
11
44.9399109999999951
21
-167.6703139999999905
0
LINE
8
BLACK
6
CONTINUOUS
10
44.9399109999999951
20
-167.6703139999999905
11
45.035148999999997
21
-167.8607899999999802
0
LINE
8
BLACK
6
CONTINUOUS
10
45.035148999999997
20
-167.8607899999999802
11
45.1303869999999989
21
-168.2417419999999879
0
LINE
8
BLACK
6
CONTINUOUS
10
45.1303869999999989
20
-168.2417419999999879
11
45.1303869999999989
21
-168.7179329999999879
0
LINE
8
BLACK
6
CONTINUOUS
10
45.1303869999999989
20
-168.7179329999999879
11
45.035148999999997
21
-169.0988849999999957
0
LINE
8
BLACK
6
CONTINUOUS
10
45.035148999999997
20
-169.0988849999999957
11
44.9399109999999951
21
-169.2893609999999853
0
LINE
8
BLACK
6
CONTINUOUS
10
44.9399109999999951
20
-169.2893609999999853
11
44.8446730000000002
21
-169.384600000000006
0
LINE
8
BLACK
6
CONTINUOUS
10
44.8446730000000002
20
-169.384600000000006
11
44.6541969999999964
21
-169.4798380000000009
0
LINE
8
BLACK
6
CONTINUOUS
10
44.6541969999999964
20
-169.4798380000000009
11
44.463719999999995
21
-169.4798380000000009
0
LINE
8
BLACK
6
CONTINUOUS
10
44.463719999999995
20
-169.4798380000000009
11
44.2732439999999983
21
-169.384600000000006
0
LINE
8
BLACK
6
CONTINUOUS
10
44.2732439999999983
20
-169.384600000000006
11
44.1780059999999963
21
-169.2893609999999853
0
LINE
8
BLACK
6
CONTINUOUS
10
44.1780059999999963
20
-169.2893609999999853
11
44.0827680000000015
21
-169.0988849999999957
0
LINE
8
BLACK
6
CONTINUOUS
10
44.0827680000000015
20
-169.0988849999999957
11
43.9875299999999996
21
-168.7179329999999879
0
LINE
8
BLACK
6
CONTINUOUS
10
43.9875299999999996
20
-168.7179329999999879
11
43.9875299999999996
21
-168.2417419999999879
0
LINE
8
BLACK
6
CONTINUOUS
10
43.9875299999999996
20
-168.2417419999999879
11
44.0827680000000015
21
-167.8607899999999802
0
LINE
8
BLACK
6
CONTINUOUS
10
44.0827680000000015
20
-167.8607899999999802
11
44.1780059999999963
21
-167.6703139999999905
0
LINE
8
BLACK
6
CONTINUOUS
10
44.1780059999999963
20
-167.6703139999999905
11
44.2732439999999983
21
-167.5750759999999957
0
LINE
8
BLACK
6
CONTINUOUS
10
44.2732439999999983
20
-167.5750759999999957
11
44.463719999999995
21
-167.4798380000000009
0
LINE
8
BLACK
6
CONTINUOUS
10
45.9875299999999996
20
-169.2893609999999853
11
46.0827679999999944
21
-169.384600000000006
0
LINE
8
BLACK
6
CONTINUOUS
10
46.0827679999999944
20
-169.384600000000006
11
45.9875299999999996
21
-169.4798380000000009
0
LINE
8
BLACK
6
CONTINUOUS
10
45.9875299999999996
20
-169.4798380000000009
11
45.8922919999999976
21
-169.384600000000006
0
LINE
8
BLACK
6
CONTINUOUS
10
45.8922919999999976
20
-169.384600000000006
11
45.9875299999999996
21
-169.2893609999999853
0
LINE
8
BLACK
6
CONTINUOUS
10
45.9875299999999996
20
-169.2893609999999853
11
45.9875299999999996
21
-169.4798380000000009
0
LINE
8
BLACK
6
CONTINUOUS
10
46.7494349999999983
20
-167.4798380000000009
11
47.9875299999999996
21
-167.4798380000000009
0
LINE
8
BLACK
6
CONTINUOUS
10
47.9875299999999996
20
-167.4798380000000009
11
47.3208629999999957
21
-168.2417419999999879
0
LINE
8
BLACK
6
CONTINUOUS
10
47.3208629999999957
20
-168.2417419999999879
11
47.606577999999999
21
-168.2417419999999879
0
LINE
8
BLACK
6
CONTINUOUS
10
47.606577999999999
20
-168.2417419999999879
11
47.7970539999999957
21
-168.3369799999999827
0
LINE
8
BLACK
6
CONTINUOUS
10
47.7970539999999957
20
-168.3369799999999827
11
47.8922919999999976
21
-168.4322190000000035
0
LINE
8
BLACK
6
CONTINUOUS
10
47.8922919999999976
20
-168.4322190000000035
11
47.9875299999999996
21
-168.6226949999999931
0
LINE
8
BLACK
6
CONTINUOUS
10
47.9875299999999996
20
-168.6226949999999931
11
47.9875299999999996
21
-169.0988849999999957
0
LINE
8
BLACK
6
CONTINUOUS
10
47.9875299999999996
20
-169.0988849999999957
11
47.8922919999999976
21
-169.2893609999999853
0
LINE
8
BLACK
6
CONTINUOUS
10
47.8922919999999976
20
-169.2893609999999853
11
47.7970539999999957
21
-169.384600000000006
0
LINE
8
BLACK
6
CONTINUOUS
10
47.7970539999999957
20
-169.384600000000006
11
47.606577999999999
21
-169.4798380000000009
0
LINE
8
BLACK
6
CONTINUOUS
10
47.606577999999999
20
-169.4798380000000009
11
47.035148999999997
21
-169.4798380000000009
0
LINE
8
BLACK
6
CONTINUOUS
10
47.035148999999997
20
-169.4798380000000009
11
46.8446730000000002
21
-169.384600000000006
0
LINE
8
BLACK
6
CONTINUOUS
10
46.8446730000000002
20
-169.384600000000006
11
46.7494349999999983
21
-169.2893609999999853
0
LINE
8
BLACK
6
CONTINUOUS
10
49.2256250000000009
20
-167.4798380000000009
11
49.4161019999999951
21
-167.4798380000000009
0
LINE
8
BLACK
6
CONTINUOUS
10
49.4161019999999951
20
-167.4798380000000009
11
49.606577999999999
21
-167.5750759999999957
0
LINE
8
BLACK
6
CONTINUOUS
10
49.606577999999999
20
-167.5750759999999957
11
49.7018160000000009
21
-167.6703139999999905
0
LINE
8
BLACK
6
CONTINUOUS
10
49.7018160000000009
20
-167.6703139999999905
11
49.7970539999999957
21
-167.8607899999999802
0
LINE
8
BLACK
6
CONTINUOUS
10
49.7970539999999957
20
-167.8607899999999802
11
49.8922919999999976
21
-168.2417419999999879
0
LINE
8
BLACK
6
CONTINUOUS
10
49.8922919999999976
20
-168.2417419999999879
11
49.8922919999999976
21
-168.7179329999999879
0
LINE
8
BLACK
6
CONTINUOUS
10
49.8922919999999976
20
-168.7179329999999879
11
49.7970539999999957
21
-169.0988849999999957
0
LINE
8
BLACK
6
CONTINUOUS
10
49.7970539999999957
20
-169.0988849999999957
11
49.7018160000000009
21
-169.2893609999999853
0
LINE
8
BLACK
6
CONTINUOUS
10
49.7018160000000009
20
-169.2893609999999853
11
49.606577999999999
21
-169.384600000000006
0
LINE
8
BLACK
6
CONTINUOUS
10
49.606577999999999
20
-169.384600000000006
11
49.4161019999999951
21
-169.4798380000000009
0
LINE
8
BLACK
6
CONTINUOUS
10
49.4161019999999951
20
-169.4798380000000009
11
49.2256250000000009
21
-169.4798380000000009
0
LINE
8
BLACK
6
CONTINUOUS
10
49.2256250000000009
20
-169.4798380000000009
11
49.035148999999997
21
-169.384600000000006
0
LINE
8
BLACK
6
CONTINUOUS
10
49.035148999999997
20
-169.384600000000006
11
48.9399109999999951
21
-169.2893609999999853
0
LINE
8
BLACK
6
CONTINUOUS
10
48.9399109999999951
20
-169.2893609999999853
11
48.8446730000000002
21
-169.0988849999999957
0
LINE
8
BLACK
6
CONTINUOUS
10
48.8446730000000002
20
-169.0988849999999957
11
48.7494349999999983
21
-168.7179329999999879
0
LINE
8
BLACK
6
CONTINUOUS
10
48.7494349999999983
20
-168.7179329999999879
11
48.7494349999999983
21
-168.2417419999999879
0
LINE
8
BLACK
6
CONTINUOUS
10
48.7494349999999983
20
-168.2417419999999879
11
48.8446730000000002
21
-167.8607899999999802
0
LINE
8
BLACK
6
CONTINUOUS
10
48.8446730000000002
20
-167.8607899999999802
11
48.9399109999999951
21
-167.6703139999999905
0
LINE
8
BLACK
6
CONTINUOUS
10
48.9399109999999951
20
-167.6703139999999905
11
49.035148999999997
21
-167.5750759999999957
0
LINE
8
BLACK
6
CONTINUOUS
10
49.035148999999997
20
-167.5750759999999957
11
49.2256250000000009
21
-167.4798380000000009
0
LINE
8
BLACK
6
CONTINUOUS
10
51.1303869999999989
20
-167.4798380000000009
11
51.3208640000000003
21
-167.4798380000000009
0
LINE
8
BLACK
6
CONTINUOUS
10
51.3208640000000003
20
-167.4798380000000009
11
51.511339999999997
21
-167.5750759999999957
0
LINE
8
BLACK
6
CONTINUOUS
10
51.511339999999997
20
-167.5750759999999957
11
51.606577999999999
21
-167.6703139999999905
0
LINE
8
BLACK
6
CONTINUOUS
10
51.606577999999999
20
-167.6703139999999905
11
51.7018160000000009
21
-167.8607899999999802
0
LINE
8
BLACK
6
CONTINUOUS
10
51.7018160000000009
20
-167.8607899999999802
11
51.7970539999999957
21
-168.2417419999999879
0
LINE
8
BLACK
6
CONTINUOUS
10
51.7970539999999957
20
-168.2417419999999879
11
51.7970539999999957
21
-168.7179329999999879
0
LINE
8
BLACK
6
CONTINUOUS
10
51.7970539999999957
20
-168.7179329999999879
11
51.7018160000000009
21
-169.0988849999999957
0
LINE
8
BLACK
6
CONTINUOUS
10
51.7018160000000009
20
-169.0988849999999957
11
51.606577999999999
21
-169.2893609999999853
0
LINE
8
BLACK
6
CONTINUOUS
10
51.606577999999999
20
-169.2893609999999853
11
51.511339999999997
21
-169.384600000000006
0
LINE
8
BLACK
6
CONTINUOUS
10
51.511339999999997
20
-169.384600000000006
11
51.3208640000000003
21
-169.4798380000000009
0
LINE
8
BLACK
6
CONTINUOUS
10
51.3208640000000003
20
-169.4798380000000009
11
51.1303869999999989
21
-169.4798380000000009
0
LINE
8
BLACK
6
CONTINUOUS
10
51.1303869999999989
20
-169.4798380000000009
11
50.9399109999999951
21
-169.384600000000006
0
LINE
8
BLACK
6
CONTINUOUS
10
50.9399109999999951
20
-169.384600000000006
11
50.8446730000000002
21
-169.2893609999999853
0
LINE
8
BLACK
6
CONTINUOUS
10
50.8446730000000002
20
-169.2893609999999853
11
50.7494349999999983
21
-169.0988849999999957
0
LINE
8
BLACK
6
CONTINUOUS
10
50.7494349999999983
20
-169.0988849999999957
11
50.6541969999999964
21
-168.7179329999999879
0
LINE
8
BLACK
6
CONTINUOUS
10
50.6541969999999964
20
-168.7179329999999879
11
50.6541969999999964
21
-168.2417419999999879
0
LINE
8
BLACK
6
CONTINUOUS
10
50.6541969999999964
20
-168.2417419999999879
11
50.7494349999999983
21
-167.8607899999999802
0
LINE
8
BLACK
6
CONTINUOUS
10
50.7494349999999983
20
-167.8607899999999802
11
50.8446730000000002
21
-167.6703139999999905
0
LINE
8
BLACK
6
CONTINUOUS
10
50.8446730000000002
20
-167.6703139999999905
11
50.9399109999999951
21
-167.5750759999999957
0
LINE
8
BLACK
6
CONTINUOUS
10
50.9399109999999951
20
-167.5750759999999957
11
51.1303869999999989
21
-167.4798380000000009
0
LINE
8
BLACK
6
CONTINUOUS
10
52.6541969999999964
20
-169.4798380000000009
11
52.6541969999999964
21
-168.1465039999999931
0
LINE
8
BLACK
6
CONTINUOUS
10
52.6541969999999964
20
-168.3369799999999827
11
52.7494349999999983
21
-168.2417419999999879
0
LINE
8
BLACK
6
CONTINUOUS
10
52.7494349999999983
20
-168.2417419999999879
11
52.9399109999999951
21
-168.1465039999999931
0
LINE
8
BLACK
6
CONTINUOUS
10
52.9399109999999951
20
-168.1465039999999931
11
53.2256259999999983
21
-168.1465039999999931
0
LINE
8
BLACK
6
CONTINUOUS
10
53.2256259999999983
20
-168.1465039999999931
11
53.4161019999999951
21
-168.2417419999999879
0
LINE
8
BLACK
6
CONTINUOUS
10
53.4161019999999951
20
-168.2417419999999879
11
53.511339999999997
21
-168.4322190000000035
0
LINE
8
BLACK
6
CONTINUOUS
10
53.511339999999997
20
-168.4322190000000035
11
53.511339999999997
21
-169.4798380000000009
0
LINE
8
BLACK
6
CONTINUOUS
10
53.511339999999997
20
-168.4322190000000035
11
53.606577999999999
21
-168.2417419999999879
0
LINE
8
BLACK
6
CONTINUOUS
10
53.606577999999999
20
-168.2417419999999879
11
53.7970539999999957
21
-168.1465039999999931
0
LINE
8
BLACK
6
CONTINUOUS
10
53.7970539999999957
20
-168.1465039999999931
11
54.0827679999999944
21
-168.1465039999999931
0
LINE
8
BLACK
6
CONTINUOUS
10
54.0827679999999944
20
-168.1465039999999931
11
54.2732449999999957
21
-168.2417419999999879
0
LINE
8
BLACK
6
CONTINUOUS
10
54.2732449999999957
20
-168.2417419999999879
11
54.3684829999999977
21
-168.4322190000000035
0
LINE
8
BLACK
6
CONTINUOUS
10
54.3684829999999977
20
-168.4322190000000035
11
54.3684829999999977
21
-169.4798380000000009
0
LINE
8
BLACK
6
CONTINUOUS
10
55.3208640000000003
20
-169.4798380000000009
11
55.3208640000000003
21
-168.1465039999999931
0
LINE
8
BLACK
6
CONTINUOUS
10
55.3208640000000003
20
-168.3369799999999827
11
55.4161019999999951
21
-168.2417419999999879
0
LINE
8
BLACK
6
CONTINUOUS
10
55.4161019999999951
20
-168.2417419999999879
11
55.606577999999999
21
-168.1465039999999931
0
LINE
8
BLACK
6
CONTINUOUS
10
55.606577999999999
20
-168.1465039999999931
11
55.8922929999999951
21
-168.1465039999999931
0
LINE
8
BLACK
6
CONTINUOUS
10
55.8922929999999951
20
-168.1465039999999931
11
56.082768999999999
21
-168.2417419999999879
0
LINE
8
BLACK
6
CONTINUOUS
10
56.082768999999999
20
-168.2417419999999879
11
56.1780070000000009
21
-168.4322190000000035
0
LINE
8
BLACK
6
CONTINUOUS
10
56.1780070000000009
20
-168.4322190000000035
11
56.1780070000000009
21
-169.4798380000000009
0
LINE
8
BLACK
6
CONTINUOUS
10
56.1780070000000009
20
-168.4322190000000035
11
56.2732449999999957
21
-168.2417419999999879
0
LINE
8
BLACK
6
CONTINUOUS
10
56.2732449999999957
20
-168.2417419999999879
11
56.4637209999999996
21
-168.1465039999999931
0
LINE
8
BLACK
6
CONTINUOUS
10
56.4637209999999996
20
-168.1465039999999931
11
56.7494349999999983
21
-168.1465039999999931
0
LINE
8
BLACK
6
CONTINUOUS
10
56.7494349999999983
20
-168.1465039999999931
11
56.9399119999999996
21
-168.2417419999999879
0
LINE
8
BLACK
6
CONTINUOUS
10
56.9399119999999996
20
-168.2417419999999879
11
57.0351499999999945
21
-168.4322190000000035
0
LINE
8
BLACK
6
CONTINUOUS
10
57.0351499999999945
20
-168.4322190000000035
11
57.0351499999999945
21
-169.4798380000000009
0
LINE
8
BLACK
6
CONTINUOUS
10
60.9399119999999996
20
-167.384600000000006
11
59.2256269999999958
21
-169.9560280000000034
0
LINE
8
BLACK
6
CONTINUOUS
10
63.5113409999999945
20
-167.4798380000000009
11
63.7018179999999958
21
-167.4798380000000009
0
LINE
8
BLACK
6
CONTINUOUS
10
63.7018179999999958
20
-167.4798380000000009
11
63.8922939999999997
21
-167.5750759999999957
0
LINE
8
BLACK
6
CONTINUOUS
10
63.8922939999999997
20
-167.5750759999999957
11
63.9875319999999945
21
-167.6703139999999905
0
LINE
8
BLACK
6
CONTINUOUS
10
63.9875319999999945
20
-167.6703139999999905
11
64.0827699999999965
21
-167.8607899999999802
0
LINE
8
BLACK
6
CONTINUOUS
10
64.0827699999999965
20
-167.8607899999999802
11
64.1780079999999913
21
-168.2417419999999879
0
LINE
8
BLACK
6
CONTINUOUS
10
64.1780079999999913
20
-168.2417419999999879
11
64.1780079999999913
21
-168.7179329999999879
0
LINE
8
BLACK
6
CONTINUOUS
10
64.1780079999999913
20
-168.7179329999999879
11
64.0827699999999965
21
-169.0988849999999957
0
LINE
8
BLACK
6
CONTINUOUS
10
64.0827699999999965
20
-169.0988849999999957
11
63.9875319999999945
21
-169.2893609999999853
0
LINE
8
BLACK
6
CONTINUOUS
10
63.9875319999999945
20
-169.2893609999999853
11
63.8922939999999997
21
-169.384600000000006
0
LINE
8
BLACK
6
CONTINUOUS
10
63.8922939999999997
20
-169.384600000000006
11
63.7018179999999958
21
-169.4798380000000009
0
LINE
8
BLACK
6
CONTINUOUS
10
63.7018179999999958
20
-169.4798380000000009
11
63.5113409999999945
21
-169.4798380000000009
0
LINE
8
BLACK
6
CONTINUOUS
10
63.5113409999999945
20
-169.4798380000000009
11
63.3208649999999977
21
-169.384600000000006
0
LINE
8
BLACK
6
CONTINUOUS
10
63.3208649999999977
20
-169.384600000000006
11
63.2256269999999958
21
-169.2893609999999853
0
LINE
8
BLACK
6
CONTINUOUS
10
63.2256269999999958
20
-169.2893609999999853
11
63.1303889999999939
21
-169.0988849999999957
0
LINE
8
BLACK
6
CONTINUOUS
10
63.1303889999999939
20
-169.0988849999999957
11
63.035150999999999
21
-168.7179329999999879
0
LINE
8
BLACK
6
CONTINUOUS
10
63.035150999999999
20
-168.7179329999999879
11
63.035150999999999
21
-168.2417419999999879
0
LINE
8
BLACK
6
CONTINUOUS
10
63.035150999999999
20
-168.2417419999999879
11
63.1303889999999939
21
-167.8607899999999802
0
LINE
8
BLACK
6
CONTINUOUS
10
63.1303889999999939
20
-167.8607899999999802
11
63.2256269999999958
21
-167.6703139999999905
0
LINE
8
BLACK
6
CONTINUOUS
10
63.2256269999999958
20
-167.6703139999999905
11
63.3208649999999977
21
-167.5750759999999957
0
LINE
8
BLACK
6
CONTINUOUS
10
63.3208649999999977
20
-167.5750759999999957
11
63.5113409999999945
21
-167.4798380000000009
0
LINE
8
BLACK
6
CONTINUOUS
10
65.035150999999999
20
-169.2893609999999853
11
65.1303889999999939
21
-169.384600000000006
0
LINE
8
BLACK
6
CONTINUOUS
10
65.1303889999999939
20
-169.384600000000006
11
65.035150999999999
21
-169.4798380000000009
0
LINE
8
BLACK
6
CONTINUOUS
10
65.035150999999999
20
-169.4798380000000009
11
64.93991299999999
21
-169.384600000000006
0
LINE
8
BLACK
6
CONTINUOUS
10
64.93991299999999
20
-169.384600000000006
11
65.035150999999999
21
-169.2893609999999853
0
LINE
8
BLACK
6
CONTINUOUS
10
65.035150999999999
20
-169.2893609999999853
11
65.035150999999999
21
-169.4798380000000009
0
LINE
8
BLACK
6
CONTINUOUS
10
66.3684839999999951
20
-167.4798380000000009
11
66.5589609999999965
21
-167.4798380000000009
0
LINE
8
BLACK
6
CONTINUOUS
10
66.5589609999999965
20
-167.4798380000000009
11
66.7494370000000004
21
-167.5750759999999957
0
LINE
8
BLACK
6
CONTINUOUS
10
66.7494370000000004
20
-167.5750759999999957
11
66.8446749999999952
21
-167.6703139999999905
0
LINE
8
BLACK
6
CONTINUOUS
10
66.8446749999999952
20
-167.6703139999999905
11
66.93991299999999
21
-167.8607899999999802
0
LINE
8
BLACK
6
CONTINUOUS
10
66.93991299999999
20
-167.8607899999999802
11
67.035150999999999
21
-168.2417419999999879
0
LINE
8
BLACK
6
CONTINUOUS
10
67.035150999999999
20
-168.2417419999999879
11
67.035150999999999
21
-168.7179329999999879
0
LINE
8
BLACK
6
CONTINUOUS
10
67.035150999999999
20
-168.7179329999999879
11
66.93991299999999
21
-169.0988849999999957
0
LINE
8
BLACK
6
CONTINUOUS
10
66.93991299999999
20
-169.0988849999999957
11
66.8446749999999952
21
-169.2893609999999853
0
LINE
8
BLACK
6
CONTINUOUS
10
66.8446749999999952
20
-169.2893609999999853
11
66.7494370000000004
21
-169.384600000000006
0
LINE
8
BLACK
6
CONTINUOUS
10
66.7494370000000004
20
-169.384600000000006
11
66.5589609999999965
21
-169.4798380000000009
0
LINE
8
BLACK
6
CONTINUOUS
10
66.5589609999999965
20
-169.4798380000000009
11
66.3684839999999951
21
-169.4798380000000009
0
LINE
8
BLACK
6
CONTINUOUS
10
66.3684839999999951
20
-169.4798380000000009
11
66.1780079999999913
21
-169.384600000000006
0
LINE
8
BLACK
6
CONTINUOUS
10
66.1780079999999913
20
-169.384600000000006
11
66.0827699999999965
21
-169.2893609999999853
0
LINE
8
BLACK
6
CONTINUOUS
10
66.0827699999999965
20
-169.2893609999999853
11
65.9875320000000016
21
-169.0988849999999957
0
LINE
8
BLACK
6
CONTINUOUS
10
65.9875320000000016
20
-169.0988849999999957
11
65.8922939999999926
21
-168.7179329999999879
0
LINE
8
BLACK
6
CONTINUOUS
10
65.8922939999999926
20
-168.7179329999999879
11
65.8922939999999926
21
-168.2417419999999879
0
LINE
8
BLACK
6
CONTINUOUS
10
65.8922939999999926
20
-168.2417419999999879
11
65.9875320000000016
21
-167.8607899999999802
0
LINE
8
BLACK
6
CONTINUOUS
10
65.9875320000000016
20
-167.8607899999999802
11
66.0827699999999965
21
-167.6703139999999905
0
LINE
8
BLACK
6
CONTINUOUS
10
66.0827699999999965
20
-167.6703139999999905
11
66.1780079999999913
21
-167.5750759999999957
0
LINE
8
BLACK
6
CONTINUOUS
10
66.1780079999999913
20
-167.5750759999999957
11
66.3684839999999951
21
-167.4798380000000009
0
LINE
8
BLACK
6
CONTINUOUS
10
68.93991299999999
20
-169.4798380000000009
11
67.7970559999999978
21
-169.4798380000000009
0
LINE
8
BLACK
6
CONTINUOUS
10
68.3684839999999951
20
-169.4798380000000009
11
68.3684839999999951
21
-167.4798380000000009
0
LINE
8
BLACK
6
CONTINUOUS
10
68.3684839999999951
20
-167.4798380000000009
11
68.1780079999999913
21
-167.7655519999999854
0
LINE
8
BLACK
6
CONTINUOUS
10
68.1780079999999913
20
-167.7655519999999854
11
67.9875320000000016
21
-167.9560280000000034
0
LINE
8
BLACK
6
CONTINUOUS
10
67.9875320000000016
20
-167.9560280000000034
11
67.7970559999999978
21
-168.0512659999999983
0
LINE
8
BLACK
6
CONTINUOUS
10
70.8446749999999952
20
-169.4798380000000009
11
69.7018180000000029
21
-169.4798380000000009
0
LINE
8
BLACK
6
CONTINUOUS
10
70.2732460000000003
20
-169.4798380000000009
11
70.2732460000000003
21
-167.4798380000000009
0
LINE
8
BLACK
6
CONTINUOUS
10
70.2732460000000003
20
-167.4798380000000009
11
70.0827699999999965
21
-167.7655519999999854
0
LINE
8
BLACK
6
CONTINUOUS
10
70.0827699999999965
20
-167.7655519999999854
11
69.8922939999999926
21
-167.9560280000000034
0
LINE
8
BLACK
6
CONTINUOUS
10
69.8922939999999926
20
-167.9560280000000034
11
69.7018180000000029
21
-168.0512659999999983
0
LINE
8
BLACK
6
CONTINUOUS
10
71.9875320000000016
20
-168.3369799999999827
11
71.7970559999999978
21
-168.2417419999999879
0
LINE
8
BLACK
6
CONTINUOUS
10
71.7970559999999978
20
-168.2417419999999879
11
71.7018180000000029
21
-168.1465039999999931
0
LINE
8
BLACK
6
CONTINUOUS
10
71.7018180000000029
20
-168.1465039999999931
11
71.6065799999999939
21
-167.9560280000000034
0
LINE
8
BLACK
6
CONTINUOUS
10
71.6065799999999939
20
-167.9560280000000034
11
71.6065799999999939
21
-167.8607899999999802
0
LINE
8
BLACK
6
CONTINUOUS
10
71.6065799999999939
20
-167.8607899999999802
11
71.7018180000000029
21
-167.6703139999999905
0
LINE
8
BLACK
6
CONTINUOUS
10
71.7018180000000029
20
-167.6703139999999905
11
71.7970559999999978
21
-167.5750759999999957
0
LINE
8
BLACK
6
CONTINUOUS
10
71.7970559999999978
20
-167.5750759999999957
11
71.9875320000000016
21
-167.4798380000000009
0
LINE
8
BLACK
6
CONTINUOUS
10
71.9875320000000016
20
-167.4798380000000009
11
72.3684849999999926
21
-167.4798380000000009
0
LINE
8
BLACK
6
CONTINUOUS
10
72.3684849999999926
20
-167.4798380000000009
11
72.5589609999999965
21
-167.5750759999999957
0
LINE
8
BLACK
6
CONTINUOUS
10
72.5589609999999965
20
-167.5750759999999957
11
72.6541989999999913
21
-167.6703139999999905
0
LINE
8
BLACK
6
CONTINUOUS
10
72.6541989999999913
20
-167.6703139999999905
11
72.7494370000000004
21
-167.8607899999999802
0
LINE
8
BLACK
6
CONTINUOUS
10
72.7494370000000004
20
-167.8607899999999802
11
72.7494370000000004
21
-167.9560280000000034
0
LINE
8
BLACK
6
CONTINUOUS
10
72.7494370000000004
20
-167.9560280000000034
11
72.6541989999999913
21
-168.1465039999999931
0
LINE
8
BLACK
6
CONTINUOUS
10
72.6541989999999913
20
-168.1465039999999931
11
72.5589609999999965
21
-168.2417419999999879
0
LINE
8
BLACK
6
CONTINUOUS
10
72.5589609999999965
20
-168.2417419999999879
11
72.3684849999999926
21
-168.3369799999999827
0
LINE
8
BLACK
6
CONTINUOUS
10
72.3684849999999926
20
-168.3369799999999827
11
71.9875320000000016
21
-168.3369799999999827
0
LINE
8
BLACK
6
CONTINUOUS
10
71.9875320000000016
20
-168.3369799999999827
11
71.7970559999999978
21
-168.4322190000000035
0
LINE
8
BLACK
6
CONTINUOUS
10
71.7970559999999978
20
-168.4322190000000035
11
71.7018180000000029
21
-168.5274569999999983
0
LINE
8
BLACK
6
CONTINUOUS
10
71.7018180000000029
20
-168.5274569999999983
11
71.6065799999999939
21
-168.7179329999999879
0
LINE
8
BLACK
6
CONTINUOUS
10
71.6065799999999939
20
-168.7179329999999879
11
71.6065799999999939
21
-169.0988849999999957
0
LINE
8
BLACK
6
CONTINUOUS
10
71.6065799999999939
20
-169.0988849999999957
11
71.7018180000000029
21
-169.2893609999999853
0
LINE
8
BLACK
6
CONTINUOUS
10
71.7018180000000029
20
-169.2893609999999853
11
71.7970559999999978
21
-169.384600000000006
0
LINE
8
BLACK
6
CONTINUOUS
10
71.7970559999999978
20
-169.384600000000006
11
71.9875320000000016
21
-169.4798380000000009
0
LINE
8
BLACK
6
CONTINUOUS
10
71.9875320000000016
20
-169.4798380000000009
11
72.3684849999999926
21
-169.4798380000000009
0
LINE
8
BLACK
6
CONTINUOUS
10
72.3684849999999926
20
-169.4798380000000009
11
72.5589609999999965
21
-169.384600000000006
0
LINE
8
BLACK
6
CONTINUOUS
10
72.5589609999999965
20
-169.384600000000006
11
72.6541989999999913
21
-169.2893609999999853
0
LINE
8
BLACK
6
CONTINUOUS
10
72.6541989999999913
20
-169.2893609999999853
11
72.7494370000000004
21
-169.0988849999999957
0
LINE
8
BLACK
6
CONTINUOUS
10
72.7494370000000004
20
-169.0988849999999957
11
72.7494370000000004
21
-168.7179329999999879
0
LINE
8
BLACK
6
CONTINUOUS
10
72.7494370000000004
20
-168.7179329999999879
11
72.6541989999999913
21
-168.5274569999999983
0
LINE
8
BLACK
6
CONTINUOUS
10
72.6541989999999913
20
-168.5274569999999983
11
72.5589609999999965
21
-168.4322190000000035
0
LINE
8
BLACK
6
CONTINUOUS
10
72.5589609999999965
20
-168.4322190000000035
11
72.3684849999999926
21
-168.3369799999999827
0
LINE
8
BLACK
6
CONTINUOUS
10
73.5113419999999991
20
-167.4798380000000009
11
73.5113419999999991
21
-167.8607899999999802
0
LINE
8
BLACK
6
CONTINUOUS
10
74.2732469999999978
20
-167.4798380000000009
11
74.2732469999999978
21
-167.8607899999999802
0
LINE
8
BLACK
6
CONTINUOUS
10
77.2256289999999979
20
-170.2417419999999879
11
77.1303899999999913
21
-170.1465039999999931
0
LINE
8
BLACK
6
CONTINUOUS
10
77.1303899999999913
20
-170.1465039999999931
11
76.9399140000000017
21
-169.8607899999999802
0
LINE
8
BLACK
6
CONTINUOUS
10
76.9399140000000017
20
-169.8607899999999802
11
76.8446759999999927
21
-169.6703139999999905
0
LINE
8
BLACK
6
CONTINUOUS
10
76.8446759999999927
20
-169.6703139999999905
11
76.7494379999999978
21
-169.384600000000006
0
LINE
8
BLACK
6
CONTINUOUS
10
76.7494379999999978
20
-169.384600000000006
11
76.654200000000003
21
-168.908409000000006
0
LINE
8
BLACK
6
CONTINUOUS
10
76.654200000000003
20
-168.908409000000006
11
76.654200000000003
21
-168.5274569999999983
0
LINE
8
BLACK
6
CONTINUOUS
10
76.654200000000003
20
-168.5274569999999983
11
76.7494379999999978
21
-168.0512659999999983
0
LINE
8
BLACK
6
CONTINUOUS
10
76.7494379999999978
20
-168.0512659999999983
11
76.8446759999999927
21
-167.7655519999999854
0
LINE
8
BLACK
6
CONTINUOUS
10
76.8446759999999927
20
-167.7655519999999854
11
76.9399140000000017
21
-167.5750759999999957
0
LINE
8
BLACK
6
CONTINUOUS
10
76.9399140000000017
20
-167.5750759999999957
11
77.1303899999999913
21
-167.2893609999999853
0
LINE
8
BLACK
6
CONTINUOUS
10
77.1303899999999913
20
-167.2893609999999853
11
77.2256289999999979
21
-167.1941229999999905
0
LINE
8
BLACK
6
CONTINUOUS
10
78.9399140000000017
20
-167.4798380000000009
11
77.9875329999999991
21
-167.4798380000000009
0
LINE
8
BLACK
6
CONTINUOUS
10
77.9875329999999991
20
-167.4798380000000009
11
77.8922949999999901
21
-168.4322190000000035
0
LINE
8
BLACK
6
CONTINUOUS
10
77.8922949999999901
20
-168.4322190000000035
11
77.9875329999999991
21
-168.3369799999999827
0
LINE
8
BLACK
6
CONTINUOUS
10
77.9875329999999991
20
-168.3369799999999827
11
78.178009000000003
21
-168.2417419999999879
0
LINE
8
BLACK
6
CONTINUOUS
10
78.178009000000003
20
-168.2417419999999879
11
78.654200000000003
21
-168.2417419999999879
0
LINE
8
BLACK
6
CONTINUOUS
10
78.654200000000003
20
-168.2417419999999879
11
78.8446759999999927
21
-168.3369799999999827
0
LINE
8
BLACK
6
CONTINUOUS
10
78.8446759999999927
20
-168.3369799999999827
11
78.9399140000000017
21
-168.4322190000000035
0
LINE
8
BLACK
6
CONTINUOUS
10
78.9399140000000017
20
-168.4322190000000035
11
79.0351519999999965
21
-168.6226949999999931
0
LINE
8
BLACK
6
CONTINUOUS
10
79.0351519999999965
20
-168.6226949999999931
11
79.0351519999999965
21
-169.0988849999999957
0
LINE
8
BLACK
6
CONTINUOUS
10
79.0351519999999965
20
-169.0988849999999957
11
78.9399140000000017
21
-169.2893609999999853
0
LINE
8
BLACK
6
CONTINUOUS
10
78.9399140000000017
20
-169.2893609999999853
11
78.8446759999999927
21
-169.384600000000006
0
LINE
8
BLACK
6
CONTINUOUS
10
78.8446759999999927
20
-169.384600000000006
11
78.654200000000003
21
-169.4798380000000009
0
LINE
8
BLACK
6
CONTINUOUS
10
78.654200000000003
20
-169.4798380000000009
11
78.178009000000003
21
-169.4798380000000009
0
LINE
8
BLACK
6
CONTINUOUS
10
78.178009000000003
20
-169.4798380000000009
11
77.9875329999999991
21
-169.384600000000006
0
LINE
8
BLACK
6
CONTINUOUS
10
77.9875329999999991
20
-169.384600000000006
11
77.8922949999999901
21
-169.2893609999999853
0
LINE
8
BLACK
6
CONTINUOUS
10
79.7970569999999952
20
-167.6703139999999905
11
79.8922949999999901
21
-167.5750759999999957
0
LINE
8
BLACK
6
CONTINUOUS
10
79.8922949999999901
20
-167.5750759999999957
11
80.0827709999999939
21
-167.4798380000000009
0
LINE
8
BLACK
6
CONTINUOUS
10
80.0827709999999939
20
-167.4798380000000009
11
80.558961999999994
21
-167.4798380000000009
0
LINE
8
BLACK
6
CONTINUOUS
10
80.558961999999994
20
-167.4798380000000009
11
80.7494379999999978
21
-167.5750759999999957
0
LINE
8
BLACK
6
CONTINUOUS
10
80.7494379999999978
20
-167.5750759999999957
11
80.8446759999999927
21
-167.6703139999999905
0
LINE
8
BLACK
6
CONTINUOUS
10
80.8446759999999927
20
-167.6703139999999905
11
80.9399140000000017
21
-167.8607899999999802
0
LINE
8
BLACK
6
CONTINUOUS
10
80.9399140000000017
20
-167.8607899999999802
11
80.9399140000000017
21
-168.0512659999999983
0
LINE
8
BLACK
6
CONTINUOUS
10
80.9399140000000017
20
-168.0512659999999983
11
80.8446759999999927
21
-168.3369799999999827
0
LINE
8
BLACK
6
CONTINUOUS
10
80.8446759999999927
20
-168.3369799999999827
11
79.7018190000000004
21
-169.4798380000000009
0
LINE
8
BLACK
6
CONTINUOUS
10
79.7018190000000004
20
-169.4798380000000009
11
80.9399140000000017
21
-169.4798380000000009
0
LINE
8
BLACK
6
CONTINUOUS
10
83.3208669999999927
20
-169.4798380000000009
11
83.3208669999999927
21
-167.4798380000000009
0
LINE
8
BLACK
6
CONTINUOUS
10
84.1780100000000004
20
-169.4798380000000009
11
84.1780100000000004
21
-168.4322190000000035
0
LINE
8
BLACK
6
CONTINUOUS
10
84.1780100000000004
20
-168.4322190000000035
11
84.0827719999999914
21
-168.2417419999999879
0
LINE
8
BLACK
6
CONTINUOUS
10
84.0827719999999914
20
-168.2417419999999879
11
83.8922960000000018
21
-168.1465039999999931
0
LINE
8
BLACK
6
CONTINUOUS
10
83.8922960000000018
20
-168.1465039999999931
11
83.6065809999999914
21
-168.1465039999999931
0
LINE
8
BLACK
6
CONTINUOUS
10
83.6065809999999914
20
-168.1465039999999931
11
83.4161050000000017
21
-168.2417419999999879
0
LINE
8
BLACK
6
CONTINUOUS
10
83.4161050000000017
20
-168.2417419999999879
11
83.3208669999999927
21
-168.3369799999999827
0
LINE
8
BLACK
6
CONTINUOUS
10
85.4161050000000017
20
-169.4798380000000009
11
85.2256289999999979
21
-169.384600000000006
0
LINE
8
BLACK
6
CONTINUOUS
10
85.2256289999999979
20
-169.384600000000006
11
85.130391000000003
21
-169.2893609999999853
0
LINE
8
BLACK
6
CONTINUOUS
10
85.130391000000003
20
-169.2893609999999853
11
85.035152999999994
21
-169.0988849999999957
0
LINE
8
BLACK
6
CONTINUOUS
10
85.035152999999994
20
-169.0988849999999957
11
85.035152999999994
21
-168.5274569999999983
0
LINE
8
BLACK
6
CONTINUOUS
10
85.035152999999994
20
-168.5274569999999983
11
85.130391000000003
21
-168.3369799999999827
0
LINE
8
BLACK
6
CONTINUOUS
10
85.130391000000003
20
-168.3369799999999827
11
85.2256289999999979
21
-168.2417419999999879
0
LINE
8
BLACK
6
CONTINUOUS
10
85.2256289999999979
20
-168.2417419999999879
11
85.4161050000000017
21
-168.1465039999999931
0
LINE
8
BLACK
6
CONTINUOUS
10
85.4161050000000017
20
-168.1465039999999931
11
85.7018199999999979
21
-168.1465039999999931
0
LINE
8
BLACK
6
CONTINUOUS
10
85.7018199999999979
20
-168.1465039999999931
11
85.8922960000000018
21
-168.2417419999999879
0
LINE
8
BLACK
6
CONTINUOUS
10
85.8922960000000018
20
-168.2417419999999879
11
85.9875339999999966
21
-168.3369799999999827
0
LINE
8
BLACK
6
CONTINUOUS
10
85.9875339999999966
20
-168.3369799999999827
11
86.0827719999999914
21
-168.5274569999999983
0
LINE
8
BLACK
6
CONTINUOUS
10
86.0827719999999914
20
-168.5274569999999983
11
86.0827719999999914
21
-169.0988849999999957
0
LINE
8
BLACK
6
CONTINUOUS
10
86.0827719999999914
20
-169.0988849999999957
11
85.9875339999999966
21
-169.2893609999999853
0
LINE
8
BLACK
6
CONTINUOUS
10
85.9875339999999966
20
-169.2893609999999853
11
85.8922960000000018
21
-169.384600000000006
0
LINE
8
BLACK
6
CONTINUOUS
10
85.8922960000000018
20
-169.384600000000006
11
85.7018199999999979
21
-169.4798380000000009
0
LINE
8
BLACK
6
CONTINUOUS
10
85.7018199999999979
20
-169.4798380000000009
11
85.4161050000000017
21
-169.4798380000000009
0
LINE
8
BLACK
6
CONTINUOUS
10
87.2256289999999979
20
-169.4798380000000009
11
87.035152999999994
21
-169.384600000000006
0
LINE
8
BLACK
6
CONTINUOUS
10
87.035152999999994
20
-169.384600000000006
11
86.9399149999999992
21
-169.1941229999999905
0
LINE
8
BLACK
6
CONTINUOUS
10
86.9399149999999992
20
-169.1941229999999905
11
86.9399149999999992
21
-167.4798380000000009
0
LINE
8
BLACK
6
CONTINUOUS
10
88.7494389999999953
20
-169.384600000000006
11
88.5589629999999914
21
-169.4798380000000009
0
LINE
8
BLACK
6
CONTINUOUS
10
88.5589629999999914
20
-169.4798380000000009
11
88.1780100000000004
21
-169.4798380000000009
0
LINE
8
BLACK
6
CONTINUOUS
10
88.1780100000000004
20
-169.4798380000000009
11
87.9875339999999966
21
-169.384600000000006
0
LINE
8
BLACK
6
CONTINUOUS
10
87.9875339999999966
20
-169.384600000000006
11
87.8922960000000018
21
-169.1941229999999905
0
LINE
8
BLACK
6
CONTINUOUS
10
87.8922960000000018
20
-169.1941229999999905
11
87.8922960000000018
21
-168.4322190000000035
0
LINE
8
BLACK
6
CONTINUOUS
10
87.8922960000000018
20
-168.4322190000000035
11
87.9875339999999966
21
-168.2417419999999879
0
LINE
8
BLACK
6
CONTINUOUS
10
87.9875339999999966
20
-168.2417419999999879
11
88.1780100000000004
21
-168.1465039999999931
0
LINE
8
BLACK
6
CONTINUOUS
10
88.1780100000000004
20
-168.1465039999999931
11
88.5589629999999914
21
-168.1465039999999931
0
LINE
8
BLACK
6
CONTINUOUS
10
88.5589629999999914
20
-168.1465039999999931
11
88.7494389999999953
21
-168.2417419999999879
0
LINE
8
BLACK
6
CONTINUOUS
10
88.7494389999999953
20
-168.2417419999999879
11
88.8446769999999901
21
-168.4322190000000035
0
LINE
8
BLACK
6
CONTINUOUS
10
88.8446769999999901
20
-168.4322190000000035
11
88.8446769999999901
21
-168.6226949999999931
0
LINE
8
BLACK
6
CONTINUOUS
10
88.8446769999999901
20
-168.6226949999999931
11
87.8922960000000018
21
-168.8131709999999828
0
LINE
8
BLACK
6
CONTINUOUS
10
89.6065819999999889
20
-169.384600000000006
11
89.7970579999999927
21
-169.4798380000000009
0
LINE
8
BLACK
6
CONTINUOUS
10
89.7970579999999927
20
-169.4798380000000009
11
90.1780100000000004
21
-169.4798380000000009
0
LINE
8
BLACK
6
CONTINUOUS
10
90.1780100000000004
20
-169.4798380000000009
11
90.3684870000000018
21
-169.384600000000006
0
LINE
8
BLACK
6
CONTINUOUS
10
90.3684870000000018
20
-169.384600000000006
11
90.4637249999999966
21
-169.1941229999999905
0
LINE
8
BLACK
6
CONTINUOUS
10
90.4637249999999966
20
-169.1941229999999905
11
90.4637249999999966
21
-169.0988849999999957
0
LINE
8
BLACK
6
CONTINUOUS
10
90.4637249999999966
20
-169.0988849999999957
11
90.3684870000000018
21
-168.908409000000006
0
LINE
8
BLACK
6
CONTINUOUS
10
90.3684870000000018
20
-168.908409000000006
11
90.1780100000000004
21
-168.8131709999999828
0
LINE
8
BLACK
6
CONTINUOUS
10
90.1780100000000004
20
-168.8131709999999828
11
89.8922960000000018
21
-168.8131709999999828
0
LINE
8
BLACK
6
CONTINUOUS
10
89.8922960000000018
20
-168.8131709999999828
11
89.7018199999999979
21
-168.7179329999999879
0
LINE
8
BLACK
6
CONTINUOUS
10
89.7018199999999979
20
-168.7179329999999879
11
89.6065819999999889
21
-168.5274569999999983
0
LINE
8
BLACK
6
CONTINUOUS
10
89.6065819999999889
20
-168.5274569999999983
11
89.6065819999999889
21
-168.4322190000000035
0
LINE
8
BLACK
6
CONTINUOUS
10
89.6065819999999889
20
-168.4322190000000035
11
89.7018199999999979
21
-168.2417419999999879
0
LINE
8
BLACK
6
CONTINUOUS
10
89.7018199999999979
20
-168.2417419999999879
11
89.8922960000000018
21
-168.1465039999999931
0
LINE
8
BLACK
6
CONTINUOUS
10
89.8922960000000018
20
-168.1465039999999931
11
90.1780100000000004
21
-168.1465039999999931
0
LINE
8
BLACK
6
CONTINUOUS
10
90.1780100000000004
20
-168.1465039999999931
11
90.3684870000000018
21
-168.2417419999999879
0
LINE
8
BLACK
6
CONTINUOUS
10
91.1303920000000005
20
-170.2417419999999879
11
91.2256299999999953
21
-170.1465039999999931
0
LINE
8
BLACK
6
CONTINUOUS
10
91.2256299999999953
20
-170.1465039999999931
11
91.4161059999999992
21
-169.8607899999999802
0
LINE
8
BLACK
6
CONTINUOUS
10
91.4161059999999992
20
-169.8607899999999802
11
91.511343999999994
21
-169.6703139999999905
0
LINE
8
BLACK
6
CONTINUOUS
10
91.511343999999994
20
-169.6703139999999905
11
91.6065819999999889
21
-169.384600000000006
0
LINE
8
BLACK
6
CONTINUOUS
10
91.6065819999999889
20
-169.384600000000006
11
91.7018199999999979
21
-168.908409000000006
0
LINE
8
BLACK
6
CONTINUOUS
10
91.7018199999999979
20
-168.908409000000006
11
91.7018199999999979
21
-168.5274569999999983
0
LINE
8
BLACK
6
CONTINUOUS
10
91.7018199999999979
20
-168.5274569999999983
11
91.6065819999999889
21
-168.0512659999999983
0
LINE
8
BLACK
6
CONTINUOUS
10
91.6065819999999889
20
-168.0512659999999983
11
91.511343999999994
21
-167.7655519999999854
0
LINE
8
BLACK
6
CONTINUOUS
10
91.511343999999994
20
-167.7655519999999854
11
91.4161059999999992
21
-167.5750759999999957
0
LINE
8
BLACK
6
CONTINUOUS
10
91.4161059999999992
20
-167.5750759999999957
11
91.2256299999999953
21
-167.2893609999999853
0
LINE
8
BLACK
6
CONTINUOUS
10
91.2256299999999953
20
-167.2893609999999853
11
91.1303920000000005
21
-167.1941229999999905
0
LINE
8
BLACK
6
CONTINUOUS
10
41.1749999999999972
20
-170.9050000000000011
11
41.1749999999999972
21
-171.5049999999999955
0
LINE
8
BLACK
6
CONTINUOUS
10
40.875
20
-171.2049999999999841
11
41.4750000000000014
21
-171.2049999999999841
0
LINE
8
BLACK
6
CONTINUOUS
10
44.463719999999995
20
-170.1198379999999872
11
44.6541969999999964
21
-170.1198379999999872
0
LINE
8
BLACK
6
CONTINUOUS
10
44.6541969999999964
20
-170.1198379999999872
11
44.8446730000000002
21
-170.2150759999999821
0
LINE
8
BLACK
6
CONTINUOUS
10
44.8446730000000002
20
-170.2150759999999821
11
44.9399109999999951
21
-170.3103140000000053
0
LINE
8
BLACK
6
CONTINUOUS
10
44.9399109999999951
20
-170.3103140000000053
11
45.035148999999997
21
-170.500789999999995
0
LINE
8
BLACK
6
CONTINUOUS
10
45.035148999999997
20
-170.500789999999995
11
45.1303869999999989
21
-170.8817420000000027
0
LINE
8
BLACK
6
CONTINUOUS
10
45.1303869999999989
20
-170.8817420000000027
11
45.1303869999999989
21
-171.3579330000000027
0
LINE
8
BLACK
6
CONTINUOUS
10
45.1303869999999989
20
-171.3579330000000027
11
45.035148999999997
21
-171.738884999999982
0
LINE
8
BLACK
6
CONTINUOUS
10
45.035148999999997
20
-171.738884999999982
11
44.9399109999999951
21
-171.9293610000000001
0
LINE
8
BLACK
6
CONTINUOUS
10
44.9399109999999951
20
-171.9293610000000001
11
44.8446730000000002
21
-172.0245999999999924
0
LINE
8
BLACK
6
CONTINUOUS
10
44.8446730000000002
20
-172.0245999999999924
11
44.6541969999999964
21
-172.1198379999999872
0
LINE
8
BLACK
6
CONTINUOUS
10
44.6541969999999964
20
-172.1198379999999872
11
44.463719999999995
21
-172.1198379999999872
0
LINE
8
BLACK
6
CONTINUOUS
10
44.463719999999995
20
-172.1198379999999872
11
44.2732439999999983
21
-172.0245999999999924
0
LINE
8
BLACK
6
CONTINUOUS
10
44.2732439999999983
20
-172.0245999999999924
11
44.1780059999999963
21
-171.9293610000000001
0
LINE
8
BLACK
6
CONTINUOUS
10
44.1780059999999963
20
-171.9293610000000001
11
44.0827680000000015
21
-171.738884999999982
0
LINE
8
BLACK
6
CONTINUOUS
10
44.0827680000000015
20
-171.738884999999982
11
43.9875299999999996
21
-171.3579330000000027
0
LINE
8
BLACK
6
CONTINUOUS
10
43.9875299999999996
20
-171.3579330000000027
11
43.9875299999999996
21
-170.8817420000000027
0
LINE
8
BLACK
6
CONTINUOUS
10
43.9875299999999996
20
-170.8817420000000027
11
44.0827680000000015
21
-170.500789999999995
0
LINE
8
BLACK
6
CONTINUOUS
10
44.0827680000000015
20
-170.500789999999995
11
44.1780059999999963
21
-170.3103140000000053
0
LINE
8
BLACK
6
CONTINUOUS
10
44.1780059999999963
20
-170.3103140000000053
11
44.2732439999999983
21
-170.2150759999999821
0
LINE
8
BLACK
6
CONTINUOUS
10
44.2732439999999983
20
-170.2150759999999821
11
44.463719999999995
21
-170.1198379999999872
0
LINE
8
BLACK
6
CONTINUOUS
10
45.9875299999999996
20
-171.9293610000000001
11
46.0827679999999944
21
-172.0245999999999924
0
LINE
8
BLACK
6
CONTINUOUS
10
46.0827679999999944
20
-172.0245999999999924
11
45.9875299999999996
21
-172.1198379999999872
0
LINE
8
BLACK
6
CONTINUOUS
10
45.9875299999999996
20
-172.1198379999999872
11
45.8922919999999976
21
-172.0245999999999924
0
LINE
8
BLACK
6
CONTINUOUS
10
45.8922919999999976
20
-172.0245999999999924
11
45.9875299999999996
21
-171.9293610000000001
0
LINE
8
BLACK
6
CONTINUOUS
10
45.9875299999999996
20
-171.9293610000000001
11
45.9875299999999996
21
-172.1198379999999872
0
LINE
8
BLACK
6
CONTINUOUS
10
47.7970539999999957
20
-170.1198379999999872
11
47.4161009999999976
21
-170.1198379999999872
0
LINE
8
BLACK
6
CONTINUOUS
10
47.4161009999999976
20
-170.1198379999999872
11
47.2256250000000009
21
-170.2150759999999821
0
LINE
8
BLACK
6
CONTINUOUS
10
47.2256250000000009
20
-170.2150759999999821
11
47.1303869999999989
21
-170.3103140000000053
0
LINE
8
BLACK
6
CONTINUOUS
10
47.1303869999999989
20
-170.3103140000000053
11
46.9399109999999951
21
-170.5960279999999898
0
LINE
8
BLACK
6
CONTINUOUS
10
46.9399109999999951
20
-170.5960279999999898
11
46.8446730000000002
21
-170.9769799999999975
0
LINE
8
BLACK
6
CONTINUOUS
10
46.8446730000000002
20
-170.9769799999999975
11
46.8446730000000002
21
-171.738884999999982
0
LINE
8
BLACK
6
CONTINUOUS
10
46.8446730000000002
20
-171.738884999999982
11
46.9399109999999951
21
-171.9293610000000001
0
LINE
8
BLACK
6
CONTINUOUS
10
46.9399109999999951
20
-171.9293610000000001
11
47.035148999999997
21
-172.0245999999999924
0
LINE
8
BLACK
6
CONTINUOUS
10
47.035148999999997
20
-172.0245999999999924
11
47.2256250000000009
21
-172.1198379999999872
0
LINE
8
BLACK
6
CONTINUOUS
10
47.2256250000000009
20
-172.1198379999999872
11
47.606577999999999
21
-172.1198379999999872
0
LINE
8
BLACK
6
CONTINUOUS
10
47.606577999999999
20
-172.1198379999999872
11
47.7970539999999957
21
-172.0245999999999924
0
LINE
8
BLACK
6
CONTINUOUS
10
47.7970539999999957
20
-172.0245999999999924
11
47.8922919999999976
21
-171.9293610000000001
0
LINE
8
BLACK
6
CONTINUOUS
10
47.8922919999999976
20
-171.9293610000000001
11
47.9875299999999996
21
-171.738884999999982
0
LINE
8
BLACK
6
CONTINUOUS
10
47.9875299999999996
20
-171.738884999999982
11
47.9875299999999996
21
-171.2626949999999795
0
LINE
8
BLACK
6
CONTINUOUS
10
47.9875299999999996
20
-171.2626949999999795
11
47.8922919999999976
21
-171.0722189999999898
0
LINE
8
BLACK
6
CONTINUOUS
10
47.8922919999999976
20
-171.0722189999999898
11
47.7970539999999957
21
-170.9769799999999975
0
LINE
8
BLACK
6
CONTINUOUS
10
47.7970539999999957
20
-170.9769799999999975
11
47.606577999999999
21
-170.8817420000000027
0
LINE
8
BLACK
6
CONTINUOUS
10
47.606577999999999
20
-170.8817420000000027
11
47.2256250000000009
21
-170.8817420000000027
0
LINE
8
BLACK
6
CONTINUOUS
10
47.2256250000000009
20
-170.8817420000000027
11
47.035148999999997
21
-170.9769799999999975
0
LINE
8
BLACK
6
CONTINUOUS
10
47.035148999999997
20
-170.9769799999999975
11
46.9399109999999951
21
-171.0722189999999898
0
LINE
8
BLACK
6
CONTINUOUS
10
46.9399109999999951
20
-171.0722189999999898
11
46.8446730000000002
21
-171.2626949999999795
0
LINE
8
BLACK
6
CONTINUOUS
10
49.2256250000000009
20
-170.1198379999999872
11
49.4161019999999951
21
-170.1198379999999872
0
LINE
8
BLACK
6
CONTINUOUS
10
49.4161019999999951
20
-170.1198379999999872
11
49.606577999999999
21
-170.2150759999999821
0
LINE
8
BLACK
6
CONTINUOUS
10
49.606577999999999
20
-170.2150759999999821
11
49.7018160000000009
21
-170.3103140000000053
0
LINE
8
BLACK
6
CONTINUOUS
10
49.7018160000000009
20
-170.3103140000000053
11
49.7970539999999957
21
-170.500789999999995
0
LINE
8
BLACK
6
CONTINUOUS
10
49.7970539999999957
20
-170.500789999999995
11
49.8922919999999976
21
-170.8817420000000027
0
LINE
8
BLACK
6
CONTINUOUS
10
49.8922919999999976
20
-170.8817420000000027
11
49.8922919999999976
21
-171.3579330000000027
0
LINE
8
BLACK
6
CONTINUOUS
10
49.8922919999999976
20
-171.3579330000000027
11
49.7970539999999957
21
-171.738884999999982
0
LINE
8
BLACK
6
CONTINUOUS
10
49.7970539999999957
20
-171.738884999999982
11
49.7018160000000009
21
-171.9293610000000001
0
LINE
8
BLACK
6
CONTINUOUS
10
49.7018160000000009
20
-171.9293610000000001
11
49.606577999999999
21
-172.0245999999999924
0
LINE
8
BLACK
6
CONTINUOUS
10
49.606577999999999
20
-172.0245999999999924
11
49.4161019999999951
21
-172.1198379999999872
0
LINE
8
BLACK
6
CONTINUOUS
10
49.4161019999999951
20
-172.1198379999999872
11
49.2256250000000009
21
-172.1198379999999872
0
LINE
8
BLACK
6
CONTINUOUS
10
49.2256250000000009
20
-172.1198379999999872
11
49.035148999999997
21
-172.0245999999999924
0
LINE
8
BLACK
6
CONTINUOUS
10
49.035148999999997
20
-172.0245999999999924
11
48.9399109999999951
21
-171.9293610000000001
0
LINE
8
BLACK
6
CONTINUOUS
10
48.9399109999999951
20
-171.9293610000000001
11
48.8446730000000002
21
-171.738884999999982
0
LINE
8
BLACK
6
CONTINUOUS
10
48.8446730000000002
20
-171.738884999999982
11
48.7494349999999983
21
-171.3579330000000027
0
LINE
8
BLACK
6
CONTINUOUS
10
48.7494349999999983
20
-171.3579330000000027
11
48.7494349999999983
21
-170.8817420000000027
0
LINE
8
BLACK
6
CONTINUOUS
10
48.7494349999999983
20
-170.8817420000000027
11
48.8446730000000002
21
-170.500789999999995
0
LINE
8
BLACK
6
CONTINUOUS
10
48.8446730000000002
20
-170.500789999999995
11
48.9399109999999951
21
-170.3103140000000053
0
LINE
8
BLACK
6
CONTINUOUS
10
48.9399109999999951
20
-170.3103140000000053
11
49.035148999999997
21
-170.2150759999999821
0
LINE
8
BLACK
6
CONTINUOUS
10
49.035148999999997
20
-170.2150759999999821
11
49.2256250000000009
21
-170.1198379999999872
0
LINE
8
BLACK
6
CONTINUOUS
10
51.1303869999999989
20
-170.1198379999999872
11
51.3208640000000003
21
-170.1198379999999872
0
LINE
8
BLACK
6
CONTINUOUS
10
51.3208640000000003
20
-170.1198379999999872
11
51.511339999999997
21
-170.2150759999999821
0
LINE
8
BLACK
6
CONTINUOUS
10
51.511339999999997
20
-170.2150759999999821
11
51.606577999999999
21
-170.3103140000000053
0
LINE
8
BLACK
6
CONTINUOUS
10
51.606577999999999
20
-170.3103140000000053
11
51.7018160000000009
21
-170.500789999999995
0
LINE
8
BLACK
6
CONTINUOUS
10
51.7018160000000009
20
-170.500789999999995
11
51.7970539999999957
21
-170.8817420000000027
0
LINE
8
BLACK
6
CONTINUOUS
10
51.7970539999999957
20
-170.8817420000000027
11
51.7970539999999957
21
-171.3579330000000027
0
LINE
8
BLACK
6
CONTINUOUS
10
51.7970539999999957
20
-171.3579330000000027
11
51.7018160000000009
21
-171.738884999999982
0
LINE
8
BLACK
6
CONTINUOUS
10
51.7018160000000009
20
-171.738884999999982
11
51.606577999999999
21
-171.9293610000000001
0
LINE
8
BLACK
6
CONTINUOUS
10
51.606577999999999
20
-171.9293610000000001
11
51.511339999999997
21
-172.0245999999999924
0
LINE
8
BLACK
6
CONTINUOUS
10
51.511339999999997
20
-172.0245999999999924
11
51.3208640000000003
21
-172.1198379999999872
0
LINE
8
BLACK
6
CONTINUOUS
10
51.3208640000000003
20
-172.1198379999999872
11
51.1303869999999989
21
-172.1198379999999872
0
LINE
8
BLACK
6
CONTINUOUS
10
51.1303869999999989
20
-172.1198379999999872
11
50.9399109999999951
21
-172.0245999999999924
0
LINE
8
BLACK
6
CONTINUOUS
10
50.9399109999999951
20
-172.0245999999999924
11
50.8446730000000002
21
-171.9293610000000001
0
LINE
8
BLACK
6
CONTINUOUS
10
50.8446730000000002
20
-171.9293610000000001
11
50.7494349999999983
21
-171.738884999999982
0
LINE
8
BLACK
6
CONTINUOUS
10
50.7494349999999983
20
-171.738884999999982
11
50.6541969999999964
21
-171.3579330000000027
0
LINE
8
BLACK
6
CONTINUOUS
10
50.6541969999999964
20
-171.3579330000000027
11
50.6541969999999964
21
-170.8817420000000027
0
LINE
8
BLACK
6
CONTINUOUS
10
50.6541969999999964
20
-170.8817420000000027
11
50.7494349999999983
21
-170.500789999999995
0
LINE
8
BLACK
6
CONTINUOUS
10
50.7494349999999983
20
-170.500789999999995
11
50.8446730000000002
21
-170.3103140000000053
0
LINE
8
BLACK
6
CONTINUOUS
10
50.8446730000000002
20
-170.3103140000000053
11
50.9399109999999951
21
-170.2150759999999821
0
LINE
8
BLACK
6
CONTINUOUS
10
50.9399109999999951
20
-170.2150759999999821
11
51.1303869999999989
21
-170.1198379999999872
0
LINE
8
BLACK
6
CONTINUOUS
10
52.6541969999999964
20
-172.1198379999999872
11
52.6541969999999964
21
-170.7865039999999794
0
LINE
8
BLACK
6
CONTINUOUS
10
52.6541969999999964
20
-170.9769799999999975
11
52.7494349999999983
21
-170.8817420000000027
0
LINE
8
BLACK
6
CONTINUOUS
10
52.7494349999999983
20
-170.8817420000000027
11
52.9399109999999951
21
-170.7865039999999794
0
LINE
8
BLACK
6
CONTINUOUS
10
52.9399109999999951
20
-170.7865039999999794
11
53.2256259999999983
21
-170.7865039999999794
0
LINE
8
BLACK
6
CONTINUOUS
10
53.2256259999999983
20
-170.7865039999999794
11
53.4161019999999951
21
-170.8817420000000027
0
LINE
8
BLACK
6
CONTINUOUS
10
53.4161019999999951
20
-170.8817420000000027
11
53.511339999999997
21
-171.0722189999999898
0
LINE
8
BLACK
6
CONTINUOUS
10
53.511339999999997
20
-171.0722189999999898
11
53.511339999999997
21
-172.1198379999999872
0
LINE
8
BLACK
6
CONTINUOUS
10
53.511339999999997
20
-171.0722189999999898
11
53.606577999999999
21
-170.8817420000000027
0
LINE
8
BLACK
6
CONTINUOUS
10
53.606577999999999
20
-170.8817420000000027
11
53.7970539999999957
21
-170.7865039999999794
0
LINE
8
BLACK
6
CONTINUOUS
10
53.7970539999999957
20
-170.7865039999999794
11
54.0827679999999944
21
-170.7865039999999794
0
LINE
8
BLACK
6
CONTINUOUS
10
54.0827679999999944
20
-170.7865039999999794
11
54.2732449999999957
21
-170.8817420000000027
0
LINE
8
BLACK
6
CONTINUOUS
10
54.2732449999999957
20
-170.8817420000000027
11
54.3684829999999977
21
-171.0722189999999898
0
LINE
8
BLACK
6
CONTINUOUS
10
54.3684829999999977
20
-171.0722189999999898
11
54.3684829999999977
21
-172.1198379999999872
0
LINE
8
BLACK
6
CONTINUOUS
10
55.3208640000000003
20
-172.1198379999999872
11
55.3208640000000003
21
-170.7865039999999794
0
LINE
8
BLACK
6
CONTINUOUS
10
55.3208640000000003
20
-170.9769799999999975
11
55.4161019999999951
21
-170.8817420000000027
0
LINE
8
BLACK
6
CONTINUOUS
10
55.4161019999999951
20
-170.8817420000000027
11
55.606577999999999
21
-170.7865039999999794
0
LINE
8
BLACK
6
CONTINUOUS
10
55.606577999999999
20
-170.7865039999999794
11
55.8922929999999951
21
-170.7865039999999794
0
LINE
8
BLACK
6
CONTINUOUS
10
55.8922929999999951
20
-170.7865039999999794
11
56.082768999999999
21
-170.8817420000000027
0
LINE
8
BLACK
6
CONTINUOUS
10
56.082768999999999
20
-170.8817420000000027
11
56.1780070000000009
21
-171.0722189999999898
0
LINE
8
BLACK
6
CONTINUOUS
10
56.1780070000000009
20
-171.0722189999999898
11
56.1780070000000009
21
-172.1198379999999872
0
LINE
8
BLACK
6
CONTINUOUS
10
56.1780070000000009
20
-171.0722189999999898
11
56.2732449999999957
21
-170.8817420000000027
0
LINE
8
BLACK
6
CONTINUOUS
10
56.2732449999999957
20
-170.8817420000000027
11
56.4637209999999996
21
-170.7865039999999794
0
LINE
8
BLACK
6
CONTINUOUS
10
56.4637209999999996
20
-170.7865039999999794
11
56.7494349999999983
21
-170.7865039999999794
0
LINE
8
BLACK
6
CONTINUOUS
10
56.7494349999999983
20
-170.7865039999999794
11
56.9399119999999996
21
-170.8817420000000027
0
LINE
8
BLACK
6
CONTINUOUS
10
56.9399119999999996
20
-170.8817420000000027
11
57.0351499999999945
21
-171.0722189999999898
0
LINE
8
BLACK
6
CONTINUOUS
10
57.0351499999999945
20
-171.0722189999999898
11
57.0351499999999945
21
-172.1198379999999872
0
LINE
8
BLACK
6
CONTINUOUS
10
60.9399119999999996
20
-170.0245999999999924
11
59.2256269999999958
21
-172.5960279999999898
0
LINE
8
BLACK
6
CONTINUOUS
10
63.5113409999999945
20
-170.1198379999999872
11
63.7018179999999958
21
-170.1198379999999872
0
LINE
8
BLACK
6
CONTINUOUS
10
63.7018179999999958
20
-170.1198379999999872
11
63.8922939999999997
21
-170.2150759999999821
0
LINE
8
BLACK
6
CONTINUOUS
10
63.8922939999999997
20
-170.2150759999999821
11
63.9875319999999945
21
-170.3103140000000053
0
LINE
8
BLACK
6
CONTINUOUS
10
63.9875319999999945
20
-170.3103140000000053
11
64.0827699999999965
21
-170.500789999999995
0
LINE
8
BLACK
6
CONTINUOUS
10
64.0827699999999965
20
-170.500789999999995
11
64.1780079999999913
21
-170.8817420000000027
0
LINE
8
BLACK
6
CONTINUOUS
10
64.1780079999999913
20
-170.8817420000000027
11
64.1780079999999913
21
-171.3579330000000027
0
LINE
8
BLACK
6
CONTINUOUS
10
64.1780079999999913
20
-171.3579330000000027
11
64.0827699999999965
21
-171.738884999999982
0
LINE
8
BLACK
6
CONTINUOUS
10
64.0827699999999965
20
-171.738884999999982
11
63.9875319999999945
21
-171.9293610000000001
0
LINE
8
BLACK
6
CONTINUOUS
10
63.9875319999999945
20
-171.9293610000000001
11
63.8922939999999997
21
-172.0245999999999924
0
LINE
8
BLACK
6
CONTINUOUS
10
63.8922939999999997
20
-172.0245999999999924
11
63.7018179999999958
21
-172.1198379999999872
0
LINE
8
BLACK
6
CONTINUOUS
10
63.7018179999999958
20
-172.1198379999999872
11
63.5113409999999945
21
-172.1198379999999872
0
LINE
8
BLACK
6
CONTINUOUS
10
63.5113409999999945
20
-172.1198379999999872
11
63.3208649999999977
21
-172.0245999999999924
0
LINE
8
BLACK
6
CONTINUOUS
10
63.3208649999999977
20
-172.0245999999999924
11
63.2256269999999958
21
-171.9293610000000001
0
LINE
8
BLACK
6
CONTINUOUS
10
63.2256269999999958
20
-171.9293610000000001
11
63.1303889999999939
21
-171.738884999999982
0
LINE
8
BLACK
6
CONTINUOUS
10
63.1303889999999939
20
-171.738884999999982
11
63.035150999999999
21
-171.3579330000000027
0
LINE
8
BLACK
6
CONTINUOUS
10
63.035150999999999
20
-171.3579330000000027
11
63.035150999999999
21
-170.8817420000000027
0
LINE
8
BLACK
6
CONTINUOUS
10
63.035150999999999
20
-170.8817420000000027
11
63.1303889999999939
21
-170.500789999999995
0
LINE
8
BLACK
6
CONTINUOUS
10
63.1303889999999939
20
-170.500789999999995
11
63.2256269999999958
21
-170.3103140000000053
0
LINE
8
BLACK
6
CONTINUOUS
10
63.2256269999999958
20
-170.3103140000000053
11
63.3208649999999977
21
-170.2150759999999821
0
LINE
8
BLACK
6
CONTINUOUS
10
63.3208649999999977
20
-170.2150759999999821
11
63.5113409999999945
21
-170.1198379999999872
0
LINE
8
BLACK
6
CONTINUOUS
10
65.035150999999999
20
-171.9293610000000001
11
65.1303889999999939
21
-172.0245999999999924
0
LINE
8
BLACK
6
CONTINUOUS
10
65.1303889999999939
20
-172.0245999999999924
11
65.035150999999999
21
-172.1198379999999872
0
LINE
8
BLACK
6
CONTINUOUS
10
65.035150999999999
20
-172.1198379999999872
11
64.93991299999999
21
-172.0245999999999924
0
LINE
8
BLACK
6
CONTINUOUS
10
64.93991299999999
20
-172.0245999999999924
11
65.035150999999999
21
-171.9293610000000001
0
LINE
8
BLACK
6
CONTINUOUS
10
65.035150999999999
20
-171.9293610000000001
11
65.035150999999999
21
-172.1198379999999872
0
LINE
8
BLACK
6
CONTINUOUS
10
66.3684839999999951
20
-170.1198379999999872
11
66.5589609999999965
21
-170.1198379999999872
0
LINE
8
BLACK
6
CONTINUOUS
10
66.5589609999999965
20
-170.1198379999999872
11
66.7494370000000004
21
-170.2150759999999821
0
LINE
8
BLACK
6
CONTINUOUS
10
66.7494370000000004
20
-170.2150759999999821
11
66.8446749999999952
21
-170.3103140000000053
0
LINE
8
BLACK
6
CONTINUOUS
10
66.8446749999999952
20
-170.3103140000000053
11
66.93991299999999
21
-170.500789999999995
0
LINE
8
BLACK
6
CONTINUOUS
10
66.93991299999999
20
-170.500789999999995
11
67.035150999999999
21
-170.8817420000000027
0
LINE
8
BLACK
6
CONTINUOUS
10
67.035150999999999
20
-170.8817420000000027
11
67.035150999999999
21
-171.3579330000000027
0
LINE
8
BLACK
6
CONTINUOUS
10
67.035150999999999
20
-171.3579330000000027
11
66.93991299999999
21
-171.738884999999982
0
LINE
8
BLACK
6
CONTINUOUS
10
66.93991299999999
20
-171.738884999999982
11
66.8446749999999952
21
-171.9293610000000001
0
LINE
8
BLACK
6
CONTINUOUS
10
66.8446749999999952
20
-171.9293610000000001
11
66.7494370000000004
21
-172.0245999999999924
0
LINE
8
BLACK
6
CONTINUOUS
10
66.7494370000000004
20
-172.0245999999999924
11
66.5589609999999965
21
-172.1198379999999872
0
LINE
8
BLACK
6
CONTINUOUS
10
66.5589609999999965
20
-172.1198379999999872
11
66.3684839999999951
21
-172.1198379999999872
0
LINE
8
BLACK
6
CONTINUOUS
10
66.3684839999999951
20
-172.1198379999999872
11
66.1780079999999913
21
-172.0245999999999924
0
LINE
8
BLACK
6
CONTINUOUS
10
66.1780079999999913
20
-172.0245999999999924
11
66.0827699999999965
21
-171.9293610000000001
0
LINE
8
BLACK
6
CONTINUOUS
10
66.0827699999999965
20
-171.9293610000000001
11
65.9875320000000016
21
-171.738884999999982
0
LINE
8
BLACK
6
CONTINUOUS
10
65.9875320000000016
20
-171.738884999999982
11
65.8922939999999926
21
-171.3579330000000027
0
LINE
8
BLACK
6
CONTINUOUS
10
65.8922939999999926
20
-171.3579330000000027
11
65.8922939999999926
21
-170.8817420000000027
0
LINE
8
BLACK
6
CONTINUOUS
10
65.8922939999999926
20
-170.8817420000000027
11
65.9875320000000016
21
-170.500789999999995
0
LINE
8
BLACK
6
CONTINUOUS
10
65.9875320000000016
20
-170.500789999999995
11
66.0827699999999965
21
-170.3103140000000053
0
LINE
8
BLACK
6
CONTINUOUS
10
66.0827699999999965
20
-170.3103140000000053
11
66.1780079999999913
21
-170.2150759999999821
0
LINE
8
BLACK
6
CONTINUOUS
10
66.1780079999999913
20
-170.2150759999999821
11
66.3684839999999951
21
-170.1198379999999872
0
LINE
8
BLACK
6
CONTINUOUS
10
67.7970559999999978
20
-170.3103140000000053
11
67.8922939999999926
21
-170.2150759999999821
0
LINE
8
BLACK
6
CONTINUOUS
10
67.8922939999999926
20
-170.2150759999999821
11
68.0827699999999965
21
-170.1198379999999872
0
LINE
8
BLACK
6
CONTINUOUS
10
68.0827699999999965
20
-170.1198379999999872
11
68.5589609999999965
21
-170.1198379999999872
0
LINE
8
BLACK
6
CONTINUOUS
10
68.5589609999999965
20
-170.1198379999999872
11
68.7494370000000004
21
-170.2150759999999821
0
LINE
8
BLACK
6
CONTINUOUS
10
68.7494370000000004
20
-170.2150759999999821
11
68.8446749999999952
21
-170.3103140000000053
0
LINE
8
BLACK
6
CONTINUOUS
10
68.8446749999999952
20
-170.3103140000000053
11
68.93991299999999
21
-170.500789999999995
0
LINE
8
BLACK
6
CONTINUOUS
10
68.93991299999999
20
-170.500789999999995
11
68.93991299999999
21
-170.6912659999999846
0
LINE
8
BLACK
6
CONTINUOUS
10
68.93991299999999
20
-170.6912659999999846
11
68.8446749999999952
21
-170.9769799999999975
0
LINE
8
BLACK
6
CONTINUOUS
10
68.8446749999999952
20
-170.9769799999999975
11
67.7018180000000029
21
-172.1198379999999872
0
LINE
8
BLACK
6
CONTINUOUS
10
67.7018180000000029
20
-172.1198379999999872
11
68.93991299999999
21
-172.1198379999999872
0
LINE
8
BLACK
6
CONTINUOUS
10
69.6065799999999939
20
-170.1198379999999872
11
70.8446749999999952
21
-170.1198379999999872
0
LINE
8
BLACK
6
CONTINUOUS
10
70.8446749999999952
20
-170.1198379999999872
11
70.1780079999999913
21
-170.8817420000000027
0
LINE
8
BLACK
6
CONTINUOUS
10
70.1780079999999913
20
-170.8817420000000027
11
70.4637230000000017
21
-170.8817420000000027
0
LINE
8
BLACK
6
CONTINUOUS
10
70.4637230000000017
20
-170.8817420000000027
11
70.6541989999999913
21
-170.9769799999999975
0
LINE
8
BLACK
6
CONTINUOUS
10
70.6541989999999913
20
-170.9769799999999975
11
70.7494370000000004
21
-171.0722189999999898
0
LINE
8
BLACK
6
CONTINUOUS
10
70.7494370000000004
20
-171.0722189999999898
11
70.8446749999999952
21
-171.2626949999999795
0
LINE
8
BLACK
6
CONTINUOUS
10
70.8446749999999952
20
-171.2626949999999795
11
70.8446749999999952
21
-171.738884999999982
0
LINE
8
BLACK
6
CONTINUOUS
10
70.8446749999999952
20
-171.738884999999982
11
70.7494370000000004
21
-171.9293610000000001
0
LINE
8
BLACK
6
CONTINUOUS
10
70.7494370000000004
20
-171.9293610000000001
11
70.6541989999999913
21
-172.0245999999999924
0
LINE
8
BLACK
6
CONTINUOUS
10
70.6541989999999913
20
-172.0245999999999924
11
70.4637230000000017
21
-172.1198379999999872
0
LINE
8
BLACK
6
CONTINUOUS
10
70.4637230000000017
20
-172.1198379999999872
11
69.8922939999999926
21
-172.1198379999999872
0
LINE
8
BLACK
6
CONTINUOUS
10
69.8922939999999926
20
-172.1198379999999872
11
69.7018180000000029
21
-172.0245999999999924
0
LINE
8
BLACK
6
CONTINUOUS
10
69.7018180000000029
20
-172.0245999999999924
11
69.6065799999999939
21
-171.9293610000000001
0
LINE
8
BLACK
6
CONTINUOUS
10
72.5589609999999965
20
-170.1198379999999872
11
72.1780079999999913
21
-170.1198379999999872
0
LINE
8
BLACK
6
CONTINUOUS
10
72.1780079999999913
20
-170.1198379999999872
11
71.9875320000000016
21
-170.2150759999999821
0
LINE
8
BLACK
6
CONTINUOUS
10
71.9875320000000016
20
-170.2150759999999821
11
71.8922939999999926
21
-170.3103140000000053
0
LINE
8
BLACK
6
CONTINUOUS
10
71.8922939999999926
20
-170.3103140000000053
11
71.7018180000000029
21
-170.5960279999999898
0
LINE
8
BLACK
6
CONTINUOUS
10
71.7018180000000029
20
-170.5960279999999898
11
71.6065799999999939
21
-170.9769799999999975
0
LINE
8
BLACK
6
CONTINUOUS
10
71.6065799999999939
20
-170.9769799999999975
11
71.6065799999999939
21
-171.738884999999982
0
LINE
8
BLACK
6
CONTINUOUS
10
71.6065799999999939
20
-171.738884999999982
11
71.7018180000000029
21
-171.9293610000000001
0
LINE
8
BLACK
6
CONTINUOUS
10
71.7018180000000029
20
-171.9293610000000001
11
71.7970559999999978
21
-172.0245999999999924
0
LINE
8
BLACK
6
CONTINUOUS
10
71.7970559999999978
20
-172.0245999999999924
11
71.9875320000000016
21
-172.1198379999999872
0
LINE
8
BLACK
6
CONTINUOUS
10
71.9875320000000016
20
-172.1198379999999872
11
72.3684849999999926
21
-172.1198379999999872
0
LINE
8
BLACK
6
CONTINUOUS
10
72.3684849999999926
20
-172.1198379999999872
11
72.5589609999999965
21
-172.0245999999999924
0
LINE
8
BLACK
6
CONTINUOUS
10
72.5589609999999965
20
-172.0245999999999924
11
72.6541989999999913
21
-171.9293610000000001
0
LINE
8
BLACK
6
CONTINUOUS
10
72.6541989999999913
20
-171.9293610000000001
11
72.7494370000000004
21
-171.738884999999982
0
LINE
8
BLACK
6
CONTINUOUS
10
72.7494370000000004
20
-171.738884999999982
11
72.7494370000000004
21
-171.2626949999999795
0
LINE
8
BLACK
6
CONTINUOUS
10
72.7494370000000004
20
-171.2626949999999795
11
72.6541989999999913
21
-171.0722189999999898
0
LINE
8
BLACK
6
CONTINUOUS
10
72.6541989999999913
20
-171.0722189999999898
11
72.5589609999999965
21
-170.9769799999999975
0
LINE
8
BLACK
6
CONTINUOUS
10
72.5589609999999965
20
-170.9769799999999975
11
72.3684849999999926
21
-170.8817420000000027
0
LINE
8
BLACK
6
CONTINUOUS
10
72.3684849999999926
20
-170.8817420000000027
11
71.9875320000000016
21
-170.8817420000000027
0
LINE
8
BLACK
6
CONTINUOUS
10
71.9875320000000016
20
-170.8817420000000027
11
71.7970559999999978
21
-170.9769799999999975
0
LINE
8
BLACK
6
CONTINUOUS
10
71.7970559999999978
20
-170.9769799999999975
11
71.7018180000000029
21
-171.0722189999999898
0
LINE
8
BLACK
6
CONTINUOUS
10
71.7018180000000029
20
-171.0722189999999898
11
71.6065799999999939
21
-171.2626949999999795
0
LINE
8
BLACK
6
CONTINUOUS
10
73.5113419999999991
20
-170.1198379999999872
11
73.5113419999999991
21
-170.500789999999995
0
LINE
8
BLACK
6
CONTINUOUS
10
74.2732469999999978
20
-170.1198379999999872
11
74.2732469999999978
21
-170.500789999999995
0
LINE
8
BLACK
6
CONTINUOUS
10
77.2256289999999979
20
-172.8817420000000027
11
77.1303899999999913
21
-172.7865039999999794
0
LINE
8
BLACK
6
CONTINUOUS
10
77.1303899999999913
20
-172.7865039999999794
11
76.9399140000000017
21
-172.500789999999995
0
LINE
8
BLACK
6
CONTINUOUS
10
76.9399140000000017
20
-172.500789999999995
11
76.8446759999999927
21
-172.3103140000000053
0
LINE
8
BLACK
6
CONTINUOUS
10
76.8446759999999927
20
-172.3103140000000053
11
76.7494379999999978
21
-172.0245999999999924
0
LINE
8
BLACK
6
CONTINUOUS
10
76.7494379999999978
20
-172.0245999999999924
11
76.654200000000003
21
-171.5484089999999924
0
LINE
8
BLACK
6
CONTINUOUS
10
76.654200000000003
20
-171.5484089999999924
11
76.654200000000003
21
-171.1674569999999846
0
LINE
8
BLACK
6
CONTINUOUS
10
76.654200000000003
20
-171.1674569999999846
11
76.7494379999999978
21
-170.6912659999999846
0
LINE
8
BLACK
6
CONTINUOUS
10
76.7494379999999978
20
-170.6912659999999846
11
76.8446759999999927
21
-170.4055520000000001
0
LINE
8
BLACK
6
CONTINUOUS
10
76.8446759999999927
20
-170.4055520000000001
11
76.9399140000000017
21
-170.2150759999999821
0
LINE
8
BLACK
6
CONTINUOUS
10
76.9399140000000017
20
-170.2150759999999821
11
77.1303899999999913
21
-169.9293610000000001
0
LINE
8
BLACK
6
CONTINUOUS
10
77.1303899999999913
20
-169.9293610000000001
11
77.2256289999999979
21
-169.8341230000000053
0
LINE
8
BLACK
6
CONTINUOUS
10
78.3684849999999926
20
-170.1198379999999872
11
78.558961999999994
21
-170.1198379999999872
0
LINE
8
BLACK
6
CONTINUOUS
10
78.558961999999994
20
-170.1198379999999872
11
78.7494379999999978
21
-170.2150759999999821
0
LINE
8
BLACK
6
CONTINUOUS
10
78.7494379999999978
20
-170.2150759999999821
11
78.8446759999999927
21
-170.3103140000000053
0
LINE
8
BLACK
6
CONTINUOUS
10
78.8446759999999927
20
-170.3103140000000053
11
78.9399140000000017
21
-170.500789999999995
0
LINE
8
BLACK
6
CONTINUOUS
10
78.9399140000000017
20
-170.500789999999995
11
79.0351519999999965
21
-170.8817420000000027
0
LINE
8
BLACK
6
CONTINUOUS
10
79.0351519999999965
20
-170.8817420000000027
11
79.0351519999999965
21
-171.3579330000000027
0
LINE
8
BLACK
6
CONTINUOUS
10
79.0351519999999965
20
-171.3579330000000027
11
78.9399140000000017
21
-171.738884999999982
0
LINE
8
BLACK
6
CONTINUOUS
10
78.9399140000000017
20
-171.738884999999982
11
78.8446759999999927
21
-171.9293610000000001
0
LINE
8
BLACK
6
CONTINUOUS
10
78.8446759999999927
20
-171.9293610000000001
11
78.7494379999999978
21
-172.0245999999999924
0
LINE
8
BLACK
6
CONTINUOUS
10
78.7494379999999978
20
-172.0245999999999924
11
78.558961999999994
21
-172.1198379999999872
0
LINE
8
BLACK
6
CONTINUOUS
10
78.558961999999994
20
-172.1198379999999872
11
78.3684849999999926
21
-172.1198379999999872
0
LINE
8
BLACK
6
CONTINUOUS
10
78.3684849999999926
20
-172.1198379999999872
11
78.178009000000003
21
-172.0245999999999924
0
LINE
8
BLACK
6
CONTINUOUS
10
78.178009000000003
20
-172.0245999999999924
11
78.0827709999999939
21
-171.9293610000000001
0
LINE
8
BLACK
6
CONTINUOUS
10
78.0827709999999939
20
-171.9293610000000001
11
77.9875329999999991
21
-171.738884999999982
0
LINE
8
BLACK
6
CONTINUOUS
10
77.9875329999999991
20
-171.738884999999982
11
77.8922949999999901
21
-171.3579330000000027
0
LINE
8
BLACK
6
CONTINUOUS
10
77.8922949999999901
20
-171.3579330000000027
11
77.8922949999999901
21
-170.8817420000000027
0
LINE
8
BLACK
6
CONTINUOUS
10
77.8922949999999901
20
-170.8817420000000027
11
77.9875329999999991
21
-170.500789999999995
0
LINE
8
BLACK
6
CONTINUOUS
10
77.9875329999999991
20
-170.500789999999995
11
78.0827709999999939
21
-170.3103140000000053
0
LINE
8
BLACK
6
CONTINUOUS
10
78.0827709999999939
20
-170.3103140000000053
11
78.178009000000003
21
-170.2150759999999821
0
LINE
8
BLACK
6
CONTINUOUS
10
78.178009000000003
20
-170.2150759999999821
11
78.3684849999999926
21
-170.1198379999999872
0
LINE
8
BLACK
6
CONTINUOUS
10
81.4161050000000017
20
-172.1198379999999872
11
81.4161050000000017
21
-170.1198379999999872
0
LINE
8
BLACK
6
CONTINUOUS
10
82.2732479999999953
20
-172.1198379999999872
11
82.2732479999999953
21
-171.0722189999999898
0
LINE
8
BLACK
6
CONTINUOUS
10
82.2732479999999953
20
-171.0722189999999898
11
82.1780100000000004
21
-170.8817420000000027
0
LINE
8
BLACK
6
CONTINUOUS
10
82.1780100000000004
20
-170.8817420000000027
11
81.9875339999999966
21
-170.7865039999999794
0
LINE
8
BLACK
6
CONTINUOUS
10
81.9875339999999966
20
-170.7865039999999794
11
81.7018190000000004
21
-170.7865039999999794
0
LINE
8
BLACK
6
CONTINUOUS
10
81.7018190000000004
20
-170.7865039999999794
11
81.5113429999999966
21
-170.8817420000000027
0
LINE
8
BLACK
6
CONTINUOUS
10
81.5113429999999966
20
-170.8817420000000027
11
81.4161050000000017
21
-170.9769799999999975
0
LINE
8
BLACK
6
CONTINUOUS
10
83.5113429999999966
20
-172.1198379999999872
11
83.3208669999999927
21
-172.0245999999999924
0
LINE
8
BLACK
6
CONTINUOUS
10
83.3208669999999927
20
-172.0245999999999924
11
83.2256289999999979
21
-171.9293610000000001
0
LINE
8
BLACK
6
CONTINUOUS
10
83.2256289999999979
20
-171.9293610000000001
11
83.130391000000003
21
-171.738884999999982
0
LINE
8
BLACK
6
CONTINUOUS
10
83.130391000000003
20
-171.738884999999982
11
83.130391000000003
21
-171.1674569999999846
0
LINE
8
BLACK
6
CONTINUOUS
10
83.130391000000003
20
-171.1674569999999846
11
83.2256289999999979
21
-170.9769799999999975
0
LINE
8
BLACK
6
CONTINUOUS
10
83.2256289999999979
20
-170.9769799999999975
11
83.3208669999999927
21
-170.8817420000000027
0
LINE
8
BLACK
6
CONTINUOUS
10
83.3208669999999927
20
-170.8817420000000027
11
83.5113429999999966
21
-170.7865039999999794
0
LINE
8
BLACK
6
CONTINUOUS
10
83.5113429999999966
20
-170.7865039999999794
11
83.7970579999999927
21
-170.7865039999999794
0
LINE
8
BLACK
6
CONTINUOUS
10
83.7970579999999927
20
-170.7865039999999794
11
83.9875339999999966
21
-170.8817420000000027
0
LINE
8
BLACK
6
CONTINUOUS
10
83.9875339999999966
20
-170.8817420000000027
11
84.0827719999999914
21
-170.9769799999999975
0
LINE
8
BLACK
6
CONTINUOUS
10
84.0827719999999914
20
-170.9769799999999975
11
84.1780100000000004
21
-171.1674569999999846
0
LINE
8
BLACK
6
CONTINUOUS
10
84.1780100000000004
20
-171.1674569999999846
11
84.1780100000000004
21
-171.738884999999982
0
LINE
8
BLACK
6
CONTINUOUS
10
84.1780100000000004
20
-171.738884999999982
11
84.0827719999999914
21
-171.9293610000000001
0
LINE
8
BLACK
6
CONTINUOUS
10
84.0827719999999914
20
-171.9293610000000001
11
83.9875339999999966
21
-172.0245999999999924
0
LINE
8
BLACK
6
CONTINUOUS
10
83.9875339999999966
20
-172.0245999999999924
11
83.7970579999999927
21
-172.1198379999999872
0
LINE
8
BLACK
6
CONTINUOUS
10
83.7970579999999927
20
-172.1198379999999872
11
83.5113429999999966
21
-172.1198379999999872
0
LINE
8
BLACK
6
CONTINUOUS
10
85.3208669999999927
20
-172.1198379999999872
11
85.130391000000003
21
-172.0245999999999924
0
LINE
8
BLACK
6
CONTINUOUS
10
85.130391000000003
20
-172.0245999999999924
11
85.035152999999994
21
-171.8341230000000053
0
LINE
8
BLACK
6
CONTINUOUS
10
85.035152999999994
20
-171.8341230000000053
11
85.035152999999994
21
-170.1198379999999872
0
LINE
8
BLACK
6
CONTINUOUS
10
86.8446769999999901
20
-172.0245999999999924
11
86.6542010000000005
21
-172.1198379999999872
0
LINE
8
BLACK
6
CONTINUOUS
10
86.6542010000000005
20
-172.1198379999999872
11
86.2732479999999953
21
-172.1198379999999872
0
LINE
8
BLACK
6
CONTINUOUS
10
86.2732479999999953
20
-172.1198379999999872
11
86.0827719999999914
21
-172.0245999999999924
0
LINE
8
BLACK
6
CONTINUOUS
10
86.0827719999999914
20
-172.0245999999999924
11
85.9875339999999966
21
-171.8341230000000053
0
LINE
8
BLACK
6
CONTINUOUS
10
85.9875339999999966
20
-171.8341230000000053
11
85.9875339999999966
21
-171.0722189999999898
0
LINE
8
BLACK
6
CONTINUOUS
10
85.9875339999999966
20
-171.0722189999999898
11
86.0827719999999914
21
-170.8817420000000027
0
LINE
8
BLACK
6
CONTINUOUS
10
86.0827719999999914
20
-170.8817420000000027
11
86.2732479999999953
21
-170.7865039999999794
0
LINE
8
BLACK
6
CONTINUOUS
10
86.2732479999999953
20
-170.7865039999999794
11
86.6542010000000005
21
-170.7865039999999794
0
LINE
8
BLACK
6
CONTINUOUS
10
86.6542010000000005
20
-170.7865039999999794
11
86.8446769999999901
21
-170.8817420000000027
0
LINE
8
BLACK
6
CONTINUOUS
10
86.8446769999999901
20
-170.8817420000000027
11
86.9399149999999992
21
-171.0722189999999898
0
LINE
8
BLACK
6
CONTINUOUS
10
86.9399149999999992
20
-171.0722189999999898
11
86.9399149999999992
21
-171.2626949999999795
0
LINE
8
BLACK
6
CONTINUOUS
10
86.9399149999999992
20
-171.2626949999999795
11
85.9875339999999966
21
-171.4531709999999975
0
LINE
8
BLACK
6
CONTINUOUS
10
87.7018199999999979
20
-172.0245999999999924
11
87.8922960000000018
21
-172.1198379999999872
0
LINE
8
BLACK
6
CONTINUOUS
10
87.8922960000000018
20
-172.1198379999999872
11
88.2732479999999953
21
-172.1198379999999872
0
LINE
8
BLACK
6
CONTINUOUS
10
88.2732479999999953
20
-172.1198379999999872
11
88.4637249999999966
21
-172.0245999999999924
0
LINE
8
BLACK
6
CONTINUOUS
10
88.4637249999999966
20
-172.0245999999999924
11
88.5589629999999914
21
-171.8341230000000053
0
LINE
8
BLACK
6
CONTINUOUS
10
88.5589629999999914
20
-171.8341230000000053
11
88.5589629999999914
21
-171.738884999999982
0
LINE
8
BLACK
6
CONTINUOUS
10
88.5589629999999914
20
-171.738884999999982
11
88.4637249999999966
21
-171.5484089999999924
0
LINE
8
BLACK
6
CONTINUOUS
10
88.4637249999999966
20
-171.5484089999999924
11
88.2732479999999953
21
-171.4531709999999975
0
LINE
8
BLACK
6
CONTINUOUS
10
88.2732479999999953
20
-171.4531709999999975
11
87.9875339999999966
21
-171.4531709999999975
0
LINE
8
BLACK
6
CONTINUOUS
10
87.9875339999999966
20
-171.4531709999999975
11
87.7970579999999927
21
-171.3579330000000027
0
LINE
8
BLACK
6
CONTINUOUS
10
87.7970579999999927
20
-171.3579330000000027
11
87.7018199999999979
21
-171.1674569999999846
0
LINE
8
BLACK
6
CONTINUOUS
10
87.7018199999999979
20
-171.1674569999999846
11
87.7018199999999979
21
-171.0722189999999898
0
LINE
8
BLACK
6
CONTINUOUS
10
87.7018199999999979
20
-171.0722189999999898
11
87.7970579999999927
21
-170.8817420000000027
0
LINE
8
BLACK
6
CONTINUOUS
10
87.7970579999999927
20
-170.8817420000000027
11
87.9875339999999966
21
-170.7865039999999794
0
LINE
8
BLACK
6
CONTINUOUS
10
87.9875339999999966
20
-170.7865039999999794
11
88.2732479999999953
21
-170.7865039999999794
0
LINE
8
BLACK
6
CONTINUOUS
10
88.2732479999999953
20
-170.7865039999999794
11
88.4637249999999966
21
-170.8817420000000027
0
LINE
8
BLACK
6
CONTINUOUS
10
90.9399159999999966
20
-171.3579330000000027
11
92.4637259999999941
21
-171.3579330000000027
0
LINE
8
BLACK
6
CONTINUOUS
10
91.7018209999999954
20
-172.1198379999999872
11
91.7018209999999954
21
-170.5960279999999898
0
LINE
8
BLACK
6
CONTINUOUS
10
95.7970589999999902
20
-170.7865039999999794
11
95.7970589999999902
21
-172.1198379999999872
0
LINE
8
BLACK
6
CONTINUOUS
10
95.3208679999999902
20
-170.0245999999999924
11
94.8446780000000018
21
-171.4531709999999975
0
LINE
8
BLACK
6
CONTINUOUS
10
94.8446780000000018
20
-171.4531709999999975
11
96.0827729999999889
21
-171.4531709999999975
0
LINE
8
BLACK
6
CONTINUOUS
10
98.2732499999999902
20
-172.0245999999999924
11
98.4637259999999941
21
-172.1198379999999872
0
LINE
8
BLACK
6
CONTINUOUS
10
98.4637259999999941
20
-172.1198379999999872
11
98.8446780000000018
21
-172.1198379999999872
0
LINE
8
BLACK
6
CONTINUOUS
10
98.8446780000000018
20
-172.1198379999999872
11
99.0351549999999889
21
-172.0245999999999924
0
LINE
8
BLACK
6
CONTINUOUS
10
99.0351549999999889
20
-172.0245999999999924
11
99.130392999999998
21
-171.8341230000000053
0
LINE
8
BLACK
6
CONTINUOUS
10
99.130392999999998
20
-171.8341230000000053
11
99.130392999999998
21
-171.738884999999982
0
LINE
8
BLACK
6
CONTINUOUS
10
99.130392999999998
20
-171.738884999999982
11
99.0351549999999889
21
-171.5484089999999924
0
LINE
8
BLACK
6
CONTINUOUS
10
99.0351549999999889
20
-171.5484089999999924
11
98.8446780000000018
21
-171.4531709999999975
0
LINE
8
BLACK
6
CONTINUOUS
10
98.8446780000000018
20
-171.4531709999999975
11
98.5589639999999889
21
-171.4531709999999975
0
LINE
8
BLACK
6
CONTINUOUS
10
98.5589639999999889
20
-171.4531709999999975
11
98.3684879999999993
21
-171.3579330000000027
0
LINE
8
BLACK
6
CONTINUOUS
10
98.3684879999999993
20
-171.3579330000000027
11
98.2732499999999902
21
-171.1674569999999846
0
LINE
8
BLACK
6
CONTINUOUS
10
98.2732499999999902
20
-171.1674569999999846
11
98.2732499999999902
21
-171.0722189999999898
0
LINE
8
BLACK
6
CONTINUOUS
10
98.2732499999999902
20
-171.0722189999999898
11
98.3684879999999993
21
-170.8817420000000027
0
LINE
8
BLACK
6
CONTINUOUS
10
98.3684879999999993
20
-170.8817420000000027
11
98.5589639999999889
21
-170.7865039999999794
0
LINE
8
BLACK
6
CONTINUOUS
10
98.5589639999999889
20
-170.7865039999999794
11
98.8446780000000018
21
-170.7865039999999794
0
LINE
8
BLACK
6
CONTINUOUS
10
98.8446780000000018
20
-170.7865039999999794
11
99.0351549999999889
21
-170.8817420000000027
0
LINE
8
BLACK
6
CONTINUOUS
10
100.2732499999999902
20
-172.1198379999999872
11
100.0827740000000006
21
-172.0245999999999924
0
LINE
8
BLACK
6
CONTINUOUS
10
100.0827740000000006
20
-172.0245999999999924
11
99.9875359999999915
21
-171.8341230000000053
0
LINE
8
BLACK
6
CONTINUOUS
10
99.9875359999999915
20
-171.8341230000000053
11
99.9875359999999915
21
-170.1198379999999872
0
LINE
8
BLACK
6
CONTINUOUS
10
101.3208690000000018
20
-172.1198379999999872
11
101.130392999999998
21
-172.0245999999999924
0
LINE
8
BLACK
6
CONTINUOUS
10
101.130392999999998
20
-172.0245999999999924
11
101.0351549999999889
21
-171.9293610000000001
0
LINE
8
BLACK
6
CONTINUOUS
10
101.0351549999999889
20
-171.9293610000000001
11
100.9399169999999941
21
-171.738884999999982
0
LINE
8
BLACK
6
CONTINUOUS
10
100.9399169999999941
20
-171.738884999999982
11
100.9399169999999941
21
-171.1674569999999846
0
LINE
8
BLACK
6
CONTINUOUS
10
100.9399169999999941
20
-171.1674569999999846
11
101.0351549999999889
21
-170.9769799999999975
0
LINE
8
BLACK
6
CONTINUOUS
10
101.0351549999999889
20
-170.9769799999999975
11
101.130392999999998
21
-170.8817420000000027
0
LINE
8
BLACK
6
CONTINUOUS
10
101.130392999999998
20
-170.8817420000000027
11
101.3208690000000018
21
-170.7865039999999794
0
LINE
8
BLACK
6
CONTINUOUS
10
101.3208690000000018
20
-170.7865039999999794
11
101.606583999999998
21
-170.7865039999999794
0
LINE
8
BLACK
6
CONTINUOUS
10
101.606583999999998
20
-170.7865039999999794
11
101.7970600000000019
21
-170.8817420000000027
0
LINE
8
BLACK
6
CONTINUOUS
10
101.7970600000000019
20
-170.8817420000000027
11
101.8922979999999967
21
-170.9769799999999975
0
LINE
8
BLACK
6
CONTINUOUS
10
101.8922979999999967
20
-170.9769799999999975
11
101.9875359999999915
21
-171.1674569999999846
0
LINE
8
BLACK
6
CONTINUOUS
10
101.9875359999999915
20
-171.1674569999999846
11
101.9875359999999915
21
-171.738884999999982
0
LINE
8
BLACK
6
CONTINUOUS
10
101.9875359999999915
20
-171.738884999999982
11
101.8922979999999967
21
-171.9293610000000001
0
LINE
8
BLACK
6
CONTINUOUS
10
101.8922979999999967
20
-171.9293610000000001
11
101.7970600000000019
21
-172.0245999999999924
0
LINE
8
BLACK
6
CONTINUOUS
10
101.7970600000000019
20
-172.0245999999999924
11
101.606583999999998
21
-172.1198379999999872
0
LINE
8
BLACK
6
CONTINUOUS
10
101.606583999999998
20
-172.1198379999999872
11
101.3208690000000018
21
-172.1198379999999872
0
LINE
8
BLACK
6
CONTINUOUS
10
102.5589650000000006
20
-170.7865039999999794
11
103.3208690000000018
21
-170.7865039999999794
0
LINE
8
BLACK
6
CONTINUOUS
10
102.8446789999999993
20
-170.1198379999999872
11
102.8446789999999993
21
-171.8341230000000053
0
LINE
8
BLACK
6
CONTINUOUS
10
102.8446789999999993
20
-171.8341230000000053
11
102.9399169999999941
21
-172.0245999999999924
0
LINE
8
BLACK
6
CONTINUOUS
10
102.9399169999999941
20
-172.0245999999999924
11
103.130392999999998
21
-172.1198379999999872
0
LINE
8
BLACK
6
CONTINUOUS
10
103.130392999999998
20
-172.1198379999999872
11
103.3208690000000018
21
-172.1198379999999872
0
LINE
8
BLACK
6
CONTINUOUS
10
103.8922979999999967
20
-172.0245999999999924
11
104.0827740000000006
21
-172.1198379999999872
0
LINE
8
BLACK
6
CONTINUOUS
10
104.0827740000000006
20
-172.1198379999999872
11
104.4637259999999941
21
-172.1198379999999872
0
LINE
8
BLACK
6
CONTINUOUS
10
104.4637259999999941
20
-172.1198379999999872
11
104.6542029999999954
21
-172.0245999999999924
0
LINE
8
BLACK
6
CONTINUOUS
10
104.6542029999999954
20
-172.0245999999999924
11
104.7494409999999903
21
-171.8341230000000053
0
LINE
8
BLACK
6
CONTINUOUS
10
104.7494409999999903
20
-171.8341230000000053
11
104.7494409999999903
21
-171.738884999999982
0
LINE
8
BLACK
6
CONTINUOUS
10
104.7494409999999903
20
-171.738884999999982
11
104.6542029999999954
21
-171.5484089999999924
0
LINE
8
BLACK
6
CONTINUOUS
10
104.6542029999999954
20
-171.5484089999999924
11
104.4637259999999941
21
-171.4531709999999975
0
LINE
8
BLACK
6
CONTINUOUS
10
104.4637259999999941
20
-171.4531709999999975
11
104.1780119999999954
21
-171.4531709999999975
0
LINE
8
BLACK
6
CONTINUOUS
10
104.1780119999999954
20
-171.4531709999999975
11
103.9875359999999915
21
-171.3579330000000027
0
LINE
8
BLACK
6
CONTINUOUS
10
103.9875359999999915
20
-171.3579330000000027
11
103.8922979999999967
21
-171.1674569999999846
0
LINE
8
BLACK
6
CONTINUOUS
10
103.8922979999999967
20
-171.1674569999999846
11
103.8922979999999967
21
-171.0722189999999898
0
LINE
8
BLACK
6
CONTINUOUS
10
103.8922979999999967
20
-171.0722189999999898
11
103.9875359999999915
21
-170.8817420000000027
0
LINE
8
BLACK
6
CONTINUOUS
10
103.9875359999999915
20
-170.8817420000000027
11
104.1780119999999954
21
-170.7865039999999794
0
LINE
8
BLACK
6
CONTINUOUS
10
104.1780119999999954
20
-170.7865039999999794
11
104.4637259999999941
21
-170.7865039999999794
0
LINE
8
BLACK
6
CONTINUOUS
10
104.4637259999999941
20
-170.7865039999999794
11
104.6542029999999954
21
-170.8817420000000027
0
LINE
8
BLACK
6
CONTINUOUS
10
105.4161079999999941
20
-172.8817420000000027
11
105.511345999999989
21
-172.7865039999999794
0
LINE
8
BLACK
6
CONTINUOUS
10
105.511345999999989
20
-172.7865039999999794
11
105.7018219999999928
21
-172.500789999999995
0
LINE
8
BLACK
6
CONTINUOUS
10
105.7018219999999928
20
-172.500789999999995
11
105.7970600000000019
21
-172.3103140000000053
0
LINE
8
BLACK
6
CONTINUOUS
10
105.7970600000000019
20
-172.3103140000000053
11
105.8922979999999967
21
-172.0245999999999924
0
LINE
8
BLACK
6
CONTINUOUS
10
105.8922979999999967
20
-172.0245999999999924
11
105.9875359999999915
21
-171.5484089999999924
0
LINE
8
BLACK
6
CONTINUOUS
10
105.9875359999999915
20
-171.5484089999999924
11
105.9875359999999915
21
-171.1674569999999846
0
LINE
8
BLACK
6
CONTINUOUS
10
105.9875359999999915
20
-171.1674569999999846
11
105.8922979999999967
21
-170.6912659999999846
0
LINE
8
BLACK
6
CONTINUOUS
10
105.8922979999999967
20
-170.6912659999999846
11
105.7970600000000019
21
-170.4055520000000001
0
LINE
8
BLACK
6
CONTINUOUS
10
105.7970600000000019
20
-170.4055520000000001
11
105.7018219999999928
21
-170.2150759999999821
0
LINE
8
BLACK
6
CONTINUOUS
10
105.7018219999999928
20
-170.2150759999999821
11
105.511345999999989
21
-169.9293610000000001
0
LINE
8
BLACK
6
CONTINUOUS
10
105.511345999999989
20
-169.9293610000000001
11
105.4161079999999941
21
-169.8341230000000053
0
LINE
8
BLACK
6
CONTINUOUS
10
41.3285569999999964
20
-174.1985569999999939
11
41.3285569999999964
21
-173.4914430000000038
0
LINE
8
BLACK
6
CONTINUOUS
10
41.3285569999999964
20
-173.4914430000000038
11
40.6214429999999993
21
-173.4914430000000038
0
LINE
8
BLACK
6
CONTINUOUS
10
40.6214429999999993
20
-173.4914430000000038
11
40.6214429999999993
21
-174.1985569999999939
0
LINE
8
BLACK
6
CONTINUOUS
10
40.6214429999999993
20
-174.1985569999999939
11
41.3285569999999964
21
-174.1985569999999939
0
LINE
8
BLACK
6
CONTINUOUS
10
45.1303869999999989
20
-174.759838000000002
11
43.9875299999999996
21
-174.759838000000002
0
LINE
8
BLACK
6
CONTINUOUS
10
44.558957999999997
20
-174.759838000000002
11
44.558957999999997
21
-172.759838000000002
0
LINE
8
BLACK
6
CONTINUOUS
10
44.558957999999997
20
-172.759838000000002
11
44.3684820000000002
21
-173.0455519999999865
0
LINE
8
BLACK
6
CONTINUOUS
10
44.3684820000000002
20
-173.0455519999999865
11
44.1780059999999963
21
-173.2360280000000046
0
LINE
8
BLACK
6
CONTINUOUS
10
44.1780059999999963
20
-173.2360280000000046
11
43.9875299999999996
21
-173.3312659999999994
0
LINE
8
BLACK
6
CONTINUOUS
10
45.9875299999999996
20
-174.5693609999999865
11
46.0827679999999944
21
-174.6645999999999788
0
LINE
8
BLACK
6
CONTINUOUS
10
46.0827679999999944
20
-174.6645999999999788
11
45.9875299999999996
21
-174.759838000000002
0
LINE
8
BLACK
6
CONTINUOUS
10
45.9875299999999996
20
-174.759838000000002
11
45.8922919999999976
21
-174.6645999999999788
0
LINE
8
BLACK
6
CONTINUOUS
10
45.8922919999999976
20
-174.6645999999999788
11
45.9875299999999996
21
-174.5693609999999865
0
LINE
8
BLACK
6
CONTINUOUS
10
45.9875299999999996
20
-174.5693609999999865
11
45.9875299999999996
21
-174.759838000000002
0
LINE
8
BLACK
6
CONTINUOUS
10
47.3208629999999957
20
-172.759838000000002
11
47.511339999999997
21
-172.759838000000002
0
LINE
8
BLACK
6
CONTINUOUS
10
47.511339999999997
20
-172.759838000000002
11
47.7018160000000009
21
-172.8550759999999968
0
LINE
8
BLACK
6
CONTINUOUS
10
47.7018160000000009
20
-172.8550759999999968
11
47.7970539999999957
21
-172.9503139999999917
0
LINE
8
BLACK
6
CONTINUOUS
10
47.7970539999999957
20
-172.9503139999999917
11
47.8922919999999976
21
-173.1407899999999813
0
LINE
8
BLACK
6
CONTINUOUS
10
47.8922919999999976
20
-173.1407899999999813
11
47.9875299999999996
21
-173.521741999999989
0
LINE
8
BLACK
6
CONTINUOUS
10
47.9875299999999996
20
-173.521741999999989
11
47.9875299999999996
21
-173.9979329999999891
0
LINE
8
BLACK
6
CONTINUOUS
10
47.9875299999999996
20
-173.9979329999999891
11
47.8922919999999976
21
-174.3788849999999968
0
LINE
8
BLACK
6
CONTINUOUS
10
47.8922919999999976
20
-174.3788849999999968
11
47.7970539999999957
21
-174.5693609999999865
0
LINE
8
BLACK
6
CONTINUOUS
10
47.7970539999999957
20
-174.5693609999999865
11
47.7018160000000009
21
-174.6645999999999788
0
LINE
8
BLACK
6
CONTINUOUS
10
47.7018160000000009
20
-174.6645999999999788
11
47.511339999999997
21
-174.759838000000002
0
LINE
8
BLACK
6
CONTINUOUS
10
47.511339999999997
20
-174.759838000000002
11
47.3208629999999957
21
-174.759838000000002
0
LINE
8
BLACK
6
CONTINUOUS
10
47.3208629999999957
20
-174.759838000000002
11
47.1303869999999989
21
-174.6645999999999788
0
LINE
8
BLACK
6
CONTINUOUS
10
47.1303869999999989
20
-174.6645999999999788
11
47.035148999999997
21
-174.5693609999999865
0
LINE
8
BLACK
6
CONTINUOUS
10
47.035148999999997
20
-174.5693609999999865
11
46.9399109999999951
21
-174.3788849999999968
0
LINE
8
BLACK
6
CONTINUOUS
10
46.9399109999999951
20
-174.3788849999999968
11
46.8446730000000002
21
-173.9979329999999891
0
LINE
8
BLACK
6
CONTINUOUS
10
46.8446730000000002
20
-173.9979329999999891
11
46.8446730000000002
21
-173.521741999999989
0
LINE
8
BLACK
6
CONTINUOUS
10
46.8446730000000002
20
-173.521741999999989
11
46.9399109999999951
21
-173.1407899999999813
0
LINE
8
BLACK
6
CONTINUOUS
10
46.9399109999999951
20
-173.1407899999999813
11
47.035148999999997
21
-172.9503139999999917
0
LINE
8
BLACK
6
CONTINUOUS
10
47.035148999999997
20
-172.9503139999999917
11
47.1303869999999989
21
-172.8550759999999968
0
LINE
8
BLACK
6
CONTINUOUS
10
47.1303869999999989
20
-172.8550759999999968
11
47.3208629999999957
21
-172.759838000000002
0
LINE
8
BLACK
6
CONTINUOUS
10
49.2256250000000009
20
-172.759838000000002
11
49.4161019999999951
21
-172.759838000000002
0
LINE
8
BLACK
6
CONTINUOUS
10
49.4161019999999951
20
-172.759838000000002
11
49.606577999999999
21
-172.8550759999999968
0
LINE
8
BLACK
6
CONTINUOUS
10
49.606577999999999
20
-172.8550759999999968
11
49.7018160000000009
21
-172.9503139999999917
0
LINE
8
BLACK
6
CONTINUOUS
10
49.7018160000000009
20
-172.9503139999999917
11
49.7970539999999957
21
-173.1407899999999813
0
LINE
8
BLACK
6
CONTINUOUS
10
49.7970539999999957
20
-173.1407899999999813
11
49.8922919999999976
21
-173.521741999999989
0
LINE
8
BLACK
6
CONTINUOUS
10
49.8922919999999976
20
-173.521741999999989
11
49.8922919999999976
21
-173.9979329999999891
0
LINE
8
BLACK
6
CONTINUOUS
10
49.8922919999999976
20
-173.9979329999999891
11
49.7970539999999957
21
-174.3788849999999968
0
LINE
8
BLACK
6
CONTINUOUS
10
49.7970539999999957
20
-174.3788849999999968
11
49.7018160000000009
21
-174.5693609999999865
0
LINE
8
BLACK
6
CONTINUOUS
10
49.7018160000000009
20
-174.5693609999999865
11
49.606577999999999
21
-174.6645999999999788
0
LINE
8
BLACK
6
CONTINUOUS
10
49.606577999999999
20
-174.6645999999999788
11
49.4161019999999951
21
-174.759838000000002
0
LINE
8
BLACK
6
CONTINUOUS
10
49.4161019999999951
20
-174.759838000000002
11
49.2256250000000009
21
-174.759838000000002
0
LINE
8
BLACK
6
CONTINUOUS
10
49.2256250000000009
20
-174.759838000000002
11
49.035148999999997
21
-174.6645999999999788
0
LINE
8
BLACK
6
CONTINUOUS
10
49.035148999999997
20
-174.6645999999999788
11
48.9399109999999951
21
-174.5693609999999865
0
LINE
8
BLACK
6
CONTINUOUS
10
48.9399109999999951
20
-174.5693609999999865
11
48.8446730000000002
21
-174.3788849999999968
0
LINE
8
BLACK
6
CONTINUOUS
10
48.8446730000000002
20
-174.3788849999999968
11
48.7494349999999983
21
-173.9979329999999891
0
LINE
8
BLACK
6
CONTINUOUS
10
48.7494349999999983
20
-173.9979329999999891
11
48.7494349999999983
21
-173.521741999999989
0
LINE
8
BLACK
6
CONTINUOUS
10
48.7494349999999983
20
-173.521741999999989
11
48.8446730000000002
21
-173.1407899999999813
0
LINE
8
BLACK
6
CONTINUOUS
10
48.8446730000000002
20
-173.1407899999999813
11
48.9399109999999951
21
-172.9503139999999917
0
LINE
8
BLACK
6
CONTINUOUS
10
48.9399109999999951
20
-172.9503139999999917
11
49.035148999999997
21
-172.8550759999999968
0
LINE
8
BLACK
6
CONTINUOUS
10
49.035148999999997
20
-172.8550759999999968
11
49.2256250000000009
21
-172.759838000000002
0
LINE
8
BLACK
6
CONTINUOUS
10
51.1303869999999989
20
-172.759838000000002
11
51.3208640000000003
21
-172.759838000000002
0
LINE
8
BLACK
6
CONTINUOUS
10
51.3208640000000003
20
-172.759838000000002
11
51.511339999999997
21
-172.8550759999999968
0
LINE
8
BLACK
6
CONTINUOUS
10
51.511339999999997
20
-172.8550759999999968
11
51.606577999999999
21
-172.9503139999999917
0
LINE
8
BLACK
6
CONTINUOUS
10
51.606577999999999
20
-172.9503139999999917
11
51.7018160000000009
21
-173.1407899999999813
0
LINE
8
BLACK
6
CONTINUOUS
10
51.7018160000000009
20
-173.1407899999999813
11
51.7970539999999957
21
-173.521741999999989
0
LINE
8
BLACK
6
CONTINUOUS
10
51.7970539999999957
20
-173.521741999999989
11
51.7970539999999957
21
-173.9979329999999891
0
LINE
8
BLACK
6
CONTINUOUS
10
51.7970539999999957
20
-173.9979329999999891
11
51.7018160000000009
21
-174.3788849999999968
0
LINE
8
BLACK
6
CONTINUOUS
10
51.7018160000000009
20
-174.3788849999999968
11
51.606577999999999
21
-174.5693609999999865
0
LINE
8
BLACK
6
CONTINUOUS
10
51.606577999999999
20
-174.5693609999999865
11
51.511339999999997
21
-174.6645999999999788
0
LINE
8
BLACK
6
CONTINUOUS
10
51.511339999999997
20
-174.6645999999999788
11
51.3208640000000003
21
-174.759838000000002
0
LINE
8
BLACK
6
CONTINUOUS
10
51.3208640000000003
20
-174.759838000000002
11
51.1303869999999989
21
-174.759838000000002
0
LINE
8
BLACK
6
CONTINUOUS
10
51.1303869999999989
20
-174.759838000000002
11
50.9399109999999951
21
-174.6645999999999788
0
LINE
8
BLACK
6
CONTINUOUS
10
50.9399109999999951
20
-174.6645999999999788
11
50.8446730000000002
21
-174.5693609999999865
0
LINE
8
BLACK
6
CONTINUOUS
10
50.8446730000000002
20
-174.5693609999999865
11
50.7494349999999983
21
-174.3788849999999968
0
LINE
8
BLACK
6
CONTINUOUS
10
50.7494349999999983
20
-174.3788849999999968
11
50.6541969999999964
21
-173.9979329999999891
0
LINE
8
BLACK
6
CONTINUOUS
10
50.6541969999999964
20
-173.9979329999999891
11
50.6541969999999964
21
-173.521741999999989
0
LINE
8
BLACK
6
CONTINUOUS
10
50.6541969999999964
20
-173.521741999999989
11
50.7494349999999983
21
-173.1407899999999813
0
LINE
8
BLACK
6
CONTINUOUS
10
50.7494349999999983
20
-173.1407899999999813
11
50.8446730000000002
21
-172.9503139999999917
0
LINE
8
BLACK
6
CONTINUOUS
10
50.8446730000000002
20
-172.9503139999999917
11
50.9399109999999951
21
-172.8550759999999968
0
LINE
8
BLACK
6
CONTINUOUS
10
50.9399109999999951
20
-172.8550759999999968
11
51.1303869999999989
21
-172.759838000000002
0
LINE
8
BLACK
6
CONTINUOUS
10
52.6541969999999964
20
-174.759838000000002
11
52.6541969999999964
21
-173.4265039999999942
0
LINE
8
BLACK
6
CONTINUOUS
10
52.6541969999999964
20
-173.6169799999999839
11
52.7494349999999983
21
-173.521741999999989
0
LINE
8
BLACK
6
CONTINUOUS
10
52.7494349999999983
20
-173.521741999999989
11
52.9399109999999951
21
-173.4265039999999942
0
LINE
8
BLACK
6
CONTINUOUS
10
52.9399109999999951
20
-173.4265039999999942
11
53.2256259999999983
21
-173.4265039999999942
0
LINE
8
BLACK
6
CONTINUOUS
10
53.2256259999999983
20
-173.4265039999999942
11
53.4161019999999951
21
-173.521741999999989
0
LINE
8
BLACK
6
CONTINUOUS
10
53.4161019999999951
20
-173.521741999999989
11
53.511339999999997
21
-173.7122190000000046
0
LINE
8
BLACK
6
CONTINUOUS
10
53.511339999999997
20
-173.7122190000000046
11
53.511339999999997
21
-174.759838000000002
0
LINE
8
BLACK
6
CONTINUOUS
10
53.511339999999997
20
-173.7122190000000046
11
53.606577999999999
21
-173.521741999999989
0
LINE
8
BLACK
6
CONTINUOUS
10
53.606577999999999
20
-173.521741999999989
11
53.7970539999999957
21
-173.4265039999999942
0
LINE
8
BLACK
6
CONTINUOUS
10
53.7970539999999957
20
-173.4265039999999942
11
54.0827679999999944
21
-173.4265039999999942
0
LINE
8
BLACK
6
CONTINUOUS
10
54.0827679999999944
20
-173.4265039999999942
11
54.2732449999999957
21
-173.521741999999989
0
LINE
8
BLACK
6
CONTINUOUS
10
54.2732449999999957
20
-173.521741999999989
11
54.3684829999999977
21
-173.7122190000000046
0
LINE
8
BLACK
6
CONTINUOUS
10
54.3684829999999977
20
-173.7122190000000046
11
54.3684829999999977
21
-174.759838000000002
0
LINE
8
BLACK
6
CONTINUOUS
10
55.3208640000000003
20
-174.759838000000002
11
55.3208640000000003
21
-173.4265039999999942
0
LINE
8
BLACK
6
CONTINUOUS
10
55.3208640000000003
20
-173.6169799999999839
11
55.4161019999999951
21
-173.521741999999989
0
LINE
8
BLACK
6
CONTINUOUS
10
55.4161019999999951
20
-173.521741999999989
11
55.606577999999999
21
-173.4265039999999942
0
LINE
8
BLACK
6
CONTINUOUS
10
55.606577999999999
20
-173.4265039999999942
11
55.8922929999999951
21
-173.4265039999999942
0
LINE
8
BLACK
6
CONTINUOUS
10
55.8922929999999951
20
-173.4265039999999942
11
56.082768999999999
21
-173.521741999999989
0
LINE
8
BLACK
6
CONTINUOUS
10
56.082768999999999
20
-173.521741999999989
11
56.1780070000000009
21
-173.7122190000000046
0
LINE
8
BLACK
6
CONTINUOUS
10
56.1780070000000009
20
-173.7122190000000046
11
56.1780070000000009
21
-174.759838000000002
0
LINE
8
BLACK
6
CONTINUOUS
10
56.1780070000000009
20
-173.7122190000000046
11
56.2732449999999957
21
-173.521741999999989
0
LINE
8
BLACK
6
CONTINUOUS
10
56.2732449999999957
20
-173.521741999999989
11
56.4637209999999996
21
-173.4265039999999942
0
LINE
8
BLACK
6
CONTINUOUS
10
56.4637209999999996
20
-173.4265039999999942
11
56.7494349999999983
21
-173.4265039999999942
0
LINE
8
BLACK
6
CONTINUOUS
10
56.7494349999999983
20
-173.4265039999999942
11
56.9399119999999996
21
-173.521741999999989
0
LINE
8
BLACK
6
CONTINUOUS
10
56.9399119999999996
20
-173.521741999999989
11
57.0351499999999945
21
-173.7122190000000046
0
LINE
8
BLACK
6
CONTINUOUS
10
57.0351499999999945
20
-173.7122190000000046
11
57.0351499999999945
21
-174.759838000000002
0
LINE
8
BLACK
6
CONTINUOUS
10
60.9399119999999996
20
-172.6645999999999788
11
59.2256269999999958
21
-175.2360280000000046
0
LINE
8
BLACK
6
CONTINUOUS
10
63.5113409999999945
20
-172.759838000000002
11
63.7018179999999958
21
-172.759838000000002
0
LINE
8
BLACK
6
CONTINUOUS
10
63.7018179999999958
20
-172.759838000000002
11
63.8922939999999997
21
-172.8550759999999968
0
LINE
8
BLACK
6
CONTINUOUS
10
63.8922939999999997
20
-172.8550759999999968
11
63.9875319999999945
21
-172.9503139999999917
0
LINE
8
BLACK
6
CONTINUOUS
10
63.9875319999999945
20
-172.9503139999999917
11
64.0827699999999965
21
-173.1407899999999813
0
LINE
8
BLACK
6
CONTINUOUS
10
64.0827699999999965
20
-173.1407899999999813
11
64.1780079999999913
21
-173.521741999999989
0
LINE
8
BLACK
6
CONTINUOUS
10
64.1780079999999913
20
-173.521741999999989
11
64.1780079999999913
21
-173.9979329999999891
0
LINE
8
BLACK
6
CONTINUOUS
10
64.1780079999999913
20
-173.9979329999999891
11
64.0827699999999965
21
-174.3788849999999968
0
LINE
8
BLACK
6
CONTINUOUS
10
64.0827699999999965
20
-174.3788849999999968
11
63.9875319999999945
21
-174.5693609999999865
0
LINE
8
BLACK
6
CONTINUOUS
10
63.9875319999999945
20
-174.5693609999999865
11
63.8922939999999997
21
-174.6645999999999788
0
LINE
8
BLACK
6
CONTINUOUS
10
63.8922939999999997
20
-174.6645999999999788
11
63.7018179999999958
21
-174.759838000000002
0
LINE
8
BLACK
6
CONTINUOUS
10
63.7018179999999958
20
-174.759838000000002
11
63.5113409999999945
21
-174.759838000000002
0
LINE
8
BLACK
6
CONTINUOUS
10
63.5113409999999945
20
-174.759838000000002
11
63.3208649999999977
21
-174.6645999999999788
0
LINE
8
BLACK
6
CONTINUOUS
10
63.3208649999999977
20
-174.6645999999999788
11
63.2256269999999958
21
-174.5693609999999865
0
LINE
8
BLACK
6
CONTINUOUS
10
63.2256269999999958
20
-174.5693609999999865
11
63.1303889999999939
21
-174.3788849999999968
0
LINE
8
BLACK
6
CONTINUOUS
10
63.1303889999999939
20
-174.3788849999999968
11
63.035150999999999
21
-173.9979329999999891
0
LINE
8
BLACK
6
CONTINUOUS
10
63.035150999999999
20
-173.9979329999999891
11
63.035150999999999
21
-173.521741999999989
0
LINE
8
BLACK
6
CONTINUOUS
10
63.035150999999999
20
-173.521741999999989
11
63.1303889999999939
21
-173.1407899999999813
0
LINE
8
BLACK
6
CONTINUOUS
10
63.1303889999999939
20
-173.1407899999999813
11
63.2256269999999958
21
-172.9503139999999917
0
LINE
8
BLACK
6
CONTINUOUS
10
63.2256269999999958
20
-172.9503139999999917
11
63.3208649999999977
21
-172.8550759999999968
0
LINE
8
BLACK
6
CONTINUOUS
10
63.3208649999999977
20
-172.8550759999999968
11
63.5113409999999945
21
-172.759838000000002
0
LINE
8
BLACK
6
CONTINUOUS
10
65.035150999999999
20
-174.5693609999999865
11
65.1303889999999939
21
-174.6645999999999788
0
LINE
8
BLACK
6
CONTINUOUS
10
65.1303889999999939
20
-174.6645999999999788
11
65.035150999999999
21
-174.759838000000002
0
LINE
8
BLACK
6
CONTINUOUS
10
65.035150999999999
20
-174.759838000000002
11
64.93991299999999
21
-174.6645999999999788
0
LINE
8
BLACK
6
CONTINUOUS
10
64.93991299999999
20
-174.6645999999999788
11
65.035150999999999
21
-174.5693609999999865
0
LINE
8
BLACK
6
CONTINUOUS
10
65.035150999999999
20
-174.5693609999999865
11
65.035150999999999
21
-174.759838000000002
0
LINE
8
BLACK
6
CONTINUOUS
10
66.3684839999999951
20
-172.759838000000002
11
66.5589609999999965
21
-172.759838000000002
0
LINE
8
BLACK
6
CONTINUOUS
10
66.5589609999999965
20
-172.759838000000002
11
66.7494370000000004
21
-172.8550759999999968
0
LINE
8
BLACK
6
CONTINUOUS
10
66.7494370000000004
20
-172.8550759999999968
11
66.8446749999999952
21
-172.9503139999999917
0
LINE
8
BLACK
6
CONTINUOUS
10
66.8446749999999952
20
-172.9503139999999917
11
66.93991299999999
21
-173.1407899999999813
0
LINE
8
BLACK
6
CONTINUOUS
10
66.93991299999999
20
-173.1407899999999813
11
67.035150999999999
21
-173.521741999999989
0
LINE
8
BLACK
6
CONTINUOUS
10
67.035150999999999
20
-173.521741999999989
11
67.035150999999999
21
-173.9979329999999891
0
LINE
8
BLACK
6
CONTINUOUS
10
67.035150999999999
20
-173.9979329999999891
11
66.93991299999999
21
-174.3788849999999968
0
LINE
8
BLACK
6
CONTINUOUS
10
66.93991299999999
20
-174.3788849999999968
11
66.8446749999999952
21
-174.5693609999999865
0
LINE
8
BLACK
6
CONTINUOUS
10
66.8446749999999952
20
-174.5693609999999865
11
66.7494370000000004
21
-174.6645999999999788
0
LINE
8
BLACK
6
CONTINUOUS
10
66.7494370000000004
20
-174.6645999999999788
11
66.5589609999999965
21
-174.759838000000002
0
LINE
8
BLACK
6
CONTINUOUS
10
66.5589609999999965
20
-174.759838000000002
11
66.3684839999999951
21
-174.759838000000002
0
LINE
8
BLACK
6
CONTINUOUS
10
66.3684839999999951
20
-174.759838000000002
11
66.1780079999999913
21
-174.6645999999999788
0
LINE
8
BLACK
6
CONTINUOUS
10
66.1780079999999913
20
-174.6645999999999788
11
66.0827699999999965
21
-174.5693609999999865
0
LINE
8
BLACK
6
CONTINUOUS
10
66.0827699999999965
20
-174.5693609999999865
11
65.9875320000000016
21
-174.3788849999999968
0
LINE
8
BLACK
6
CONTINUOUS
10
65.9875320000000016
20
-174.3788849999999968
11
65.8922939999999926
21
-173.9979329999999891
0
LINE
8
BLACK
6
CONTINUOUS
10
65.8922939999999926
20
-173.9979329999999891
11
65.8922939999999926
21
-173.521741999999989
0
LINE
8
BLACK
6
CONTINUOUS
10
65.8922939999999926
20
-173.521741999999989
11
65.9875320000000016
21
-173.1407899999999813
0
LINE
8
BLACK
6
CONTINUOUS
10
65.9875320000000016
20
-173.1407899999999813
11
66.0827699999999965
21
-172.9503139999999917
0
LINE
8
BLACK
6
CONTINUOUS
10
66.0827699999999965
20
-172.9503139999999917
11
66.1780079999999913
21
-172.8550759999999968
0
LINE
8
BLACK
6
CONTINUOUS
10
66.1780079999999913
20
-172.8550759999999968
11
66.3684839999999951
21
-172.759838000000002
0
LINE
8
BLACK
6
CONTINUOUS
10
67.7018180000000029
20
-172.759838000000002
11
68.93991299999999
21
-172.759838000000002
0
LINE
8
BLACK
6
CONTINUOUS
10
68.93991299999999
20
-172.759838000000002
11
68.2732460000000003
21
-173.521741999999989
0
LINE
8
BLACK
6
CONTINUOUS
10
68.2732460000000003
20
-173.521741999999989
11
68.5589609999999965
21
-173.521741999999989
0
LINE
8
BLACK
6
CONTINUOUS
10
68.5589609999999965
20
-173.521741999999989
11
68.7494370000000004
21
-173.6169799999999839
0
LINE
8
BLACK
6
CONTINUOUS
10
68.7494370000000004
20
-173.6169799999999839
11
68.8446749999999952
21
-173.7122190000000046
0
LINE
8
BLACK
6
CONTINUOUS
10
68.8446749999999952
20
-173.7122190000000046
11
68.93991299999999
21
-173.9026949999999943
0
LINE
8
BLACK
6
CONTINUOUS
10
68.93991299999999
20
-173.9026949999999943
11
68.93991299999999
21
-174.3788849999999968
0
LINE
8
BLACK
6
CONTINUOUS
10
68.93991299999999
20
-174.3788849999999968
11
68.8446749999999952
21
-174.5693609999999865
0
LINE
8
BLACK
6
CONTINUOUS
10
68.8446749999999952
20
-174.5693609999999865
11
68.7494370000000004
21
-174.6645999999999788
0
LINE
8
BLACK
6
CONTINUOUS
10
68.7494370000000004
20
-174.6645999999999788
11
68.5589609999999965
21
-174.759838000000002
0
LINE
8
BLACK
6
CONTINUOUS
10
68.5589609999999965
20
-174.759838000000002
11
67.9875320000000016
21
-174.759838000000002
0
LINE
8
BLACK
6
CONTINUOUS
10
67.9875320000000016
20
-174.759838000000002
11
67.7970559999999978
21
-174.6645999999999788
0
LINE
8
BLACK
6
CONTINUOUS
10
67.7970559999999978
20
-174.6645999999999788
11
67.7018180000000029
21
-174.5693609999999865
0
LINE
8
BLACK
6
CONTINUOUS
10
69.8922939999999926
20
-174.759838000000002
11
70.2732460000000003
21
-174.759838000000002
0
LINE
8
BLACK
6
CONTINUOUS
10
70.2732460000000003
20
-174.759838000000002
11
70.4637230000000017
21
-174.6645999999999788
0
LINE
8
BLACK
6
CONTINUOUS
10
70.4637230000000017
20
-174.6645999999999788
11
70.5589609999999965
21
-174.5693609999999865
0
LINE
8
BLACK
6
CONTINUOUS
10
70.5589609999999965
20
-174.5693609999999865
11
70.7494370000000004
21
-174.283647000000002
0
LINE
8
BLACK
6
CONTINUOUS
10
70.7494370000000004
20
-174.283647000000002
11
70.8446749999999952
21
-173.9026949999999943
0
LINE
8
BLACK
6
CONTINUOUS
10
70.8446749999999952
20
-173.9026949999999943
11
70.8446749999999952
21
-173.1407899999999813
0
LINE
8
BLACK
6
CONTINUOUS
10
70.8446749999999952
20
-173.1407899999999813
11
70.7494370000000004
21
-172.9503139999999917
0
LINE
8
BLACK
6
CONTINUOUS
10
70.7494370000000004
20
-172.9503139999999917
11
70.6541989999999913
21
-172.8550759999999968
0
LINE
8
BLACK
6
CONTINUOUS
10
70.6541989999999913
20
-172.8550759999999968
11
70.4637230000000017
21
-172.759838000000002
0
LINE
8
BLACK
6
CONTINUOUS
10
70.4637230000000017
20
-172.759838000000002
11
70.0827699999999965
21
-172.759838000000002
0
LINE
8
BLACK
6
CONTINUOUS
10
70.0827699999999965
20
-172.759838000000002
11
69.8922939999999926
21
-172.8550759999999968
0
LINE
8
BLACK
6
CONTINUOUS
10
69.8922939999999926
20
-172.8550759999999968
11
69.7970559999999978
21
-172.9503139999999917
0
LINE
8
BLACK
6
CONTINUOUS
10
69.7970559999999978
20
-172.9503139999999917
11
69.7018180000000029
21
-173.1407899999999813
0
LINE
8
BLACK
6
CONTINUOUS
10
69.7018180000000029
20
-173.1407899999999813
11
69.7018180000000029
21
-173.6169799999999839
0
LINE
8
BLACK
6
CONTINUOUS
10
69.7018180000000029
20
-173.6169799999999839
11
69.7970559999999978
21
-173.8074569999999994
0
LINE
8
BLACK
6
CONTINUOUS
10
69.7970559999999978
20
-173.8074569999999994
11
69.8922939999999926
21
-173.9026949999999943
0
LINE
8
BLACK
6
CONTINUOUS
10
69.8922939999999926
20
-173.9026949999999943
11
70.0827699999999965
21
-173.9979329999999891
0
LINE
8
BLACK
6
CONTINUOUS
10
70.0827699999999965
20
-173.9979329999999891
11
70.4637230000000017
21
-173.9979329999999891
0
LINE
8
BLACK
6
CONTINUOUS
10
70.4637230000000017
20
-173.9979329999999891
11
70.6541989999999913
21
-173.9026949999999943
0
LINE
8
BLACK
6
CONTINUOUS
10
70.6541989999999913
20
-173.9026949999999943
11
70.7494370000000004
21
-173.8074569999999994
0
LINE
8
BLACK
6
CONTINUOUS
10
70.7494370000000004
20
-173.8074569999999994
11
70.8446749999999952
21
-173.6169799999999839
0
LINE
8
BLACK
6
CONTINUOUS
10
72.5589609999999965
20
-173.4265039999999942
11
72.5589609999999965
21
-174.759838000000002
0
LINE
8
BLACK
6
CONTINUOUS
10
72.0827699999999965
20
-172.6645999999999788
11
71.6065799999999939
21
-174.0931709999999839
0
LINE
8
BLACK
6
CONTINUOUS
10
71.6065799999999939
20
-174.0931709999999839
11
72.8446749999999952
21
-174.0931709999999839
0
LINE
8
BLACK
6
CONTINUOUS
10
73.5113419999999991
20
-172.759838000000002
11
73.5113419999999991
21
-173.1407899999999813
0
LINE
8
BLACK
6
CONTINUOUS
10
74.2732469999999978
20
-172.759838000000002
11
74.2732469999999978
21
-173.1407899999999813
0
LINE
8
BLACK
6
CONTINUOUS
10
77.2256289999999979
20
-175.521741999999989
11
77.1303899999999913
21
-175.4265039999999942
0
LINE
8
BLACK
6
CONTINUOUS
10
77.1303899999999913
20
-175.4265039999999942
11
76.9399140000000017
21
-175.1407899999999813
0
LINE
8
BLACK
6
CONTINUOUS
10
76.9399140000000017
20
-175.1407899999999813
11
76.8446759999999927
21
-174.9503139999999917
0
LINE
8
BLACK
6
CONTINUOUS
10
76.8446759999999927
20
-174.9503139999999917
11
76.7494379999999978
21
-174.6645999999999788
0
LINE
8
BLACK
6
CONTINUOUS
10
76.7494379999999978
20
-174.6645999999999788
11
76.654200000000003
21
-174.1884089999999787
0
LINE
8
BLACK
6
CONTINUOUS
10
76.654200000000003
20
-174.1884089999999787
11
76.654200000000003
21
-173.8074569999999994
0
LINE
8
BLACK
6
CONTINUOUS
10
76.654200000000003
20
-173.8074569999999994
11
76.7494379999999978
21
-173.3312659999999994
0
LINE
8
BLACK
6
CONTINUOUS
10
76.7494379999999978
20
-173.3312659999999994
11
76.8446759999999927
21
-173.0455519999999865
0
LINE
8
BLACK
6
CONTINUOUS
10
76.8446759999999927
20
-173.0455519999999865
11
76.9399140000000017
21
-172.8550759999999968
0
LINE
8
BLACK
6
CONTINUOUS
10
76.9399140000000017
20
-172.8550759999999968
11
77.1303899999999913
21
-172.5693609999999865
0
LINE
8
BLACK
6
CONTINUOUS
10
77.1303899999999913
20
-172.5693609999999865
11
77.2256289999999979
21
-172.4741229999999916
0
LINE
8
BLACK
6
CONTINUOUS
10
78.8446759999999927
20
-173.4265039999999942
11
78.8446759999999927
21
-174.759838000000002
0
LINE
8
BLACK
6
CONTINUOUS
10
78.3684849999999926
20
-172.6645999999999788
11
77.8922949999999901
21
-174.0931709999999839
0
LINE
8
BLACK
6
CONTINUOUS
10
77.8922949999999901
20
-174.0931709999999839
11
79.1303899999999913
21
-174.0931709999999839
0
LINE
8
BLACK
6
CONTINUOUS
10
79.7018190000000004
20
-172.759838000000002
11
81.0351519999999965
21
-172.759838000000002
0
LINE
8
BLACK
6
CONTINUOUS
10
81.0351519999999965
20
-172.759838000000002
11
80.178009000000003
21
-174.759838000000002
0
LINE
8
BLACK
6
CONTINUOUS
10
83.3208669999999927
20
-174.759838000000002
11
83.3208669999999927
21
-172.759838000000002
0
LINE
8
BLACK
6
CONTINUOUS
10
84.1780100000000004
20
-174.759838000000002
11
84.1780100000000004
21
-173.7122190000000046
0
LINE
8
BLACK
6
CONTINUOUS
10
84.1780100000000004
20
-173.7122190000000046
11
84.0827719999999914
21
-173.521741999999989
0
LINE
8
BLACK
6
CONTINUOUS
10
84.0827719999999914
20
-173.521741999999989
11
83.8922960000000018
21
-173.4265039999999942
0
LINE
8
BLACK
6
CONTINUOUS
10
83.8922960000000018
20
-173.4265039999999942
11
83.6065809999999914
21
-173.4265039999999942
0
LINE
8
BLACK
6
CONTINUOUS
10
83.6065809999999914
20
-173.4265039999999942
11
83.4161050000000017
21
-173.521741999999989
0
LINE
8
BLACK
6
CONTINUOUS
10
83.4161050000000017
20
-173.521741999999989
11
83.3208669999999927
21
-173.6169799999999839
0
LINE
8
BLACK
6
CONTINUOUS
10
85.4161050000000017
20
-174.759838000000002
11
85.2256289999999979
21
-174.6645999999999788
0
LINE
8
BLACK
6
CONTINUOUS
10
85.2256289999999979
20
-174.6645999999999788
11
85.130391000000003
21
-174.5693609999999865
0
LINE
8
BLACK
6
CONTINUOUS
10
85.130391000000003
20
-174.5693609999999865
11
85.035152999999994
21
-174.3788849999999968
0
LINE
8
BLACK
6
CONTINUOUS
10
85.035152999999994
20
-174.3788849999999968
11
85.035152999999994
21
-173.8074569999999994
0
LINE
8
BLACK
6
CONTINUOUS
10
85.035152999999994
20
-173.8074569999999994
11
85.130391000000003
21
-173.6169799999999839
0
LINE
8
BLACK
6
CONTINUOUS
10
85.130391000000003
20
-173.6169799999999839
11
85.2256289999999979
21
-173.521741999999989
0
LINE
8
BLACK
6
CONTINUOUS
10
85.2256289999999979
20
-173.521741999999989
11
85.4161050000000017
21
-173.4265039999999942
0
LINE
8
BLACK
6
CONTINUOUS
10
85.4161050000000017
20
-173.4265039999999942
11
85.7018199999999979
21
-173.4265039999999942
0
LINE
8
BLACK
6
CONTINUOUS
10
85.7018199999999979
20
-173.4265039999999942
11
85.8922960000000018
21
-173.521741999999989
0
LINE
8
BLACK
6
CONTINUOUS
10
85.8922960000000018
20
-173.521741999999989
11
85.9875339999999966
21
-173.6169799999999839
0
LINE
8
BLACK
6
CONTINUOUS
10
85.9875339999999966
20
-173.6169799999999839
11
86.0827719999999914
21
-173.8074569999999994
0
LINE
8
BLACK
6
CONTINUOUS
10
86.0827719999999914
20
-173.8074569999999994
11
86.0827719999999914
21
-174.3788849999999968
0
LINE
8
BLACK
6
CONTINUOUS
10
86.0827719999999914
20
-174.3788849999999968
11
85.9875339999999966
21
-174.5693609999999865
0
LINE
8
BLACK
6
CONTINUOUS
10
85.9875339999999966
20
-174.5693609999999865
11
85.8922960000000018
21
-174.6645999999999788
0
LINE
8
BLACK
6
CONTINUOUS
10
85.8922960000000018
20
-174.6645999999999788
11
85.7018199999999979
21
-174.759838000000002
0
LINE
8
BLACK
6
CONTINUOUS
10
85.7018199999999979
20
-174.759838000000002
11
85.4161050000000017
21
-174.759838000000002
0
LINE
8
BLACK
6
CONTINUOUS
10
87.2256289999999979
20
-174.759838000000002
11
87.035152999999994
21
-174.6645999999999788
0
LINE
8
BLACK
6
CONTINUOUS
10
87.035152999999994
20
-174.6645999999999788
11
86.9399149999999992
21
-174.4741229999999916
0
LINE
8
BLACK
6
CONTINUOUS
10
86.9399149999999992
20
-174.4741229999999916
11
86.9399149999999992
21
-172.759838000000002
0
LINE
8
BLACK
6
CONTINUOUS
10
88.7494389999999953
20
-174.6645999999999788
11
88.5589629999999914
21
-174.759838000000002
0
LINE
8
BLACK
6
CONTINUOUS
10
88.5589629999999914
20
-174.759838000000002
11
88.1780100000000004
21
-174.759838000000002
0
LINE
8
BLACK
6
CONTINUOUS
10
88.1780100000000004
20
-174.759838000000002
11
87.9875339999999966
21
-174.6645999999999788
0
LINE
8
BLACK
6
CONTINUOUS
10
87.9875339999999966
20
-174.6645999999999788
11
87.8922960000000018
21
-174.4741229999999916
0
LINE
8
BLACK
6
CONTINUOUS
10
87.8922960000000018
20
-174.4741229999999916
11
87.8922960000000018
21
-173.7122190000000046
0
LINE
8
BLACK
6
CONTINUOUS
10
87.8922960000000018
20
-173.7122190000000046
11
87.9875339999999966
21
-173.521741999999989
0
LINE
8
BLACK
6
CONTINUOUS
10
87.9875339999999966
20
-173.521741999999989
11
88.1780100000000004
21
-173.4265039999999942
0
LINE
8
BLACK
6
CONTINUOUS
10
88.1780100000000004
20
-173.4265039999999942
11
88.5589629999999914
21
-173.4265039999999942
0
LINE
8
BLACK
6
CONTINUOUS
10
88.5589629999999914
20
-173.4265039999999942
11
88.7494389999999953
21
-173.521741999999989
0
LINE
8
BLACK
6
CONTINUOUS
10
88.7494389999999953
20
-173.521741999999989
11
88.8446769999999901
21
-173.7122190000000046
0
LINE
8
BLACK
6
CONTINUOUS
10
88.8446769999999901
20
-173.7122190000000046
11
88.8446769999999901
21
-173.9026949999999943
0
LINE
8
BLACK
6
CONTINUOUS
10
88.8446769999999901
20
-173.9026949999999943
11
87.8922960000000018
21
-174.0931709999999839
0
LINE
8
BLACK
6
CONTINUOUS
10
89.6065819999999889
20
-174.6645999999999788
11
89.7970579999999927
21
-174.759838000000002
0
LINE
8
BLACK
6
CONTINUOUS
10
89.7970579999999927
20
-174.759838000000002
11
90.1780100000000004
21
-174.759838000000002
0
LINE
8
BLACK
6
CONTINUOUS
10
90.1780100000000004
20
-174.759838000000002
11
90.3684870000000018
21
-174.6645999999999788
0
LINE
8
BLACK
6
CONTINUOUS
10
90.3684870000000018
20
-174.6645999999999788
11
90.4637249999999966
21
-174.4741229999999916
0
LINE
8
BLACK
6
CONTINUOUS
10
90.4637249999999966
20
-174.4741229999999916
11
90.4637249999999966
21
-174.3788849999999968
0
LINE
8
BLACK
6
CONTINUOUS
10
90.4637249999999966
20
-174.3788849999999968
11
90.3684870000000018
21
-174.1884089999999787
0
LINE
8
BLACK
6
CONTINUOUS
10
90.3684870000000018
20
-174.1884089999999787
11
90.1780100000000004
21
-174.0931709999999839
0
LINE
8
BLACK
6
CONTINUOUS
10
90.1780100000000004
20
-174.0931709999999839
11
89.8922960000000018
21
-174.0931709999999839
0
LINE
8
BLACK
6
CONTINUOUS
10
89.8922960000000018
20
-174.0931709999999839
11
89.7018199999999979
21
-173.9979329999999891
0
LINE
8
BLACK
6
CONTINUOUS
10
89.7018199999999979
20
-173.9979329999999891
11
89.6065819999999889
21
-173.8074569999999994
0
LINE
8
BLACK
6
CONTINUOUS
10
89.6065819999999889
20
-173.8074569999999994
11
89.6065819999999889
21
-173.7122190000000046
0
LINE
8
BLACK
6
CONTINUOUS
10
89.6065819999999889
20
-173.7122190000000046
11
89.7018199999999979
21
-173.521741999999989
0
LINE
8
BLACK
6
CONTINUOUS
10
89.7018199999999979
20
-173.521741999999989
11
89.8922960000000018
21
-173.4265039999999942
0
LINE
8
BLACK
6
CONTINUOUS
10
89.8922960000000018
20
-173.4265039999999942
11
90.1780100000000004
21
-173.4265039999999942
0
LINE
8
BLACK
6
CONTINUOUS
10
90.1780100000000004
20
-173.4265039999999942
11
90.3684870000000018
21
-173.521741999999989
0
LINE
8
BLACK
6
CONTINUOUS
10
91.1303920000000005
20
-175.521741999999989
11
91.2256299999999953
21
-175.4265039999999942
0
LINE
8
BLACK
6
CONTINUOUS
10
91.2256299999999953
20
-175.4265039999999942
11
91.4161059999999992
21
-175.1407899999999813
0
LINE
8
BLACK
6
CONTINUOUS
10
91.4161059999999992
20
-175.1407899999999813
11
91.511343999999994
21
-174.9503139999999917
0
LINE
8
BLACK
6
CONTINUOUS
10
91.511343999999994
20
-174.9503139999999917
11
91.6065819999999889
21
-174.6645999999999788
0
LINE
8
BLACK
6
CONTINUOUS
10
91.6065819999999889
20
-174.6645999999999788
11
91.7018199999999979
21
-174.1884089999999787
0
LINE
8
BLACK
6
CONTINUOUS
10
91.7018199999999979
20
-174.1884089999999787
11
91.7018199999999979
21
-173.8074569999999994
0
LINE
8
BLACK
6
CONTINUOUS
10
91.7018199999999979
20
-173.8074569999999994
11
91.6065819999999889
21
-173.3312659999999994
0
LINE
8
BLACK
6
CONTINUOUS
10
91.6065819999999889
20
-173.3312659999999994
11
91.511343999999994
21
-173.0455519999999865
0
LINE
8
BLACK
6
CONTINUOUS
10
91.511343999999994
20
-173.0455519999999865
11
91.4161059999999992
21
-172.8550759999999968
0
LINE
8
BLACK
6
CONTINUOUS
10
91.4161059999999992
20
-172.8550759999999968
11
91.2256299999999953
21
-172.5693609999999865
0
LINE
8
BLACK
6
CONTINUOUS
10
91.2256299999999953
20
-172.5693609999999865
11
91.1303920000000005
21
-172.4741229999999916
0
LINE
8
BLACK
6
CONTINUOUS
10
40.9499999999999957
20
-177.0099999999999909
11
41.4750000000000014
21
-176.4849999999999852
0
LINE
8
BLACK
6
CONTINUOUS
10
41.4750000000000014
20
-176.4849999999999852
11
40.9499999999999957
21
-175.9599999999999795
0
LINE
8
BLACK
6
CONTINUOUS
10
40.9499999999999957
20
-175.9599999999999795
11
40.4249999999999972
21
-176.4849999999999852
0
LINE
8
BLACK
6
CONTINUOUS
10
40.4249999999999972
20
-176.4849999999999852
11
40.9499999999999957
21
-177.0099999999999909
0
LINE
8
BLACK
6
CONTINUOUS
10
45.1303869999999989
20
-177.3998379999999884
11
43.9875299999999996
21
-177.3998379999999884
0
LINE
8
BLACK
6
CONTINUOUS
10
44.558957999999997
20
-177.3998379999999884
11
44.558957999999997
21
-175.3998379999999884
0
LINE
8
BLACK
6
CONTINUOUS
10
44.558957999999997
20
-175.3998379999999884
11
44.3684820000000002
21
-175.6855520000000013
0
LINE
8
BLACK
6
CONTINUOUS
10
44.3684820000000002
20
-175.6855520000000013
11
44.1780059999999963
21
-175.8760279999999909
0
LINE
8
BLACK
6
CONTINUOUS
10
44.1780059999999963
20
-175.8760279999999909
11
43.9875299999999996
21
-175.9712659999999858
0
LINE
8
BLACK
6
CONTINUOUS
10
45.9875299999999996
20
-177.2093610000000012
11
46.0827679999999944
21
-177.3045999999999935
0
LINE
8
BLACK
6
CONTINUOUS
10
46.0827679999999944
20
-177.3045999999999935
11
45.9875299999999996
21
-177.3998379999999884
0
LINE
8
BLACK
6
CONTINUOUS
10
45.9875299999999996
20
-177.3998379999999884
11
45.8922919999999976
21
-177.3045999999999935
0
LINE
8
BLACK
6
CONTINUOUS
10
45.8922919999999976
20
-177.3045999999999935
11
45.9875299999999996
21
-177.2093610000000012
0
LINE
8
BLACK
6
CONTINUOUS
10
45.9875299999999996
20
-177.2093610000000012
11
45.9875299999999996
21
-177.3998379999999884
0
LINE
8
BLACK
6
CONTINUOUS
10
47.3208629999999957
20
-175.3998379999999884
11
47.511339999999997
21
-175.3998379999999884
0
LINE
8
BLACK
6
CONTINUOUS
10
47.511339999999997
20
-175.3998379999999884
11
47.7018160000000009
21
-175.4950759999999832
0
LINE
8
BLACK
6
CONTINUOUS
10
47.7018160000000009
20
-175.4950759999999832
11
47.7970539999999957
21
-175.590313999999978
0
LINE
8
BLACK
6
CONTINUOUS
10
47.7970539999999957
20
-175.590313999999978
11
47.8922919999999976
21
-175.7807899999999961
0
LINE
8
BLACK
6
CONTINUOUS
10
47.8922919999999976
20
-175.7807899999999961
11
47.9875299999999996
21
-176.1617420000000038
0
LINE
8
BLACK
6
CONTINUOUS
10
47.9875299999999996
20
-176.1617420000000038
11
47.9875299999999996
21
-176.6379330000000039
0
LINE
8
BLACK
6
CONTINUOUS
10
47.9875299999999996
20
-176.6379330000000039
11
47.8922919999999976
21
-177.0188849999999832
0
LINE
8
BLACK
6
CONTINUOUS
10
47.8922919999999976
20
-177.0188849999999832
11
47.7970539999999957
21
-177.2093610000000012
0
LINE
8
BLACK
6
CONTINUOUS
10
47.7970539999999957
20
-177.2093610000000012
11
47.7018160000000009
21
-177.3045999999999935
0
LINE
8
BLACK
6
CONTINUOUS
10
47.7018160000000009
20
-177.3045999999999935
11
47.511339999999997
21
-177.3998379999999884
0
LINE
8
BLACK
6
CONTINUOUS
10
47.511339999999997
20
-177.3998379999999884
11
47.3208629999999957
21
-177.3998379999999884
0
LINE
8
BLACK
6
CONTINUOUS
10
47.3208629999999957
20
-177.3998379999999884
11
47.1303869999999989
21
-177.3045999999999935
0
LINE
8
BLACK
6
CONTINUOUS
10
47.1303869999999989
20
-177.3045999999999935
11
47.035148999999997
21
-177.2093610000000012
0
LINE
8
BLACK
6
CONTINUOUS
10
47.035148999999997
20
-177.2093610000000012
11
46.9399109999999951
21
-177.0188849999999832
0
LINE
8
BLACK
6
CONTINUOUS
10
46.9399109999999951
20
-177.0188849999999832
11
46.8446730000000002
21
-176.6379330000000039
0
LINE
8
BLACK
6
CONTINUOUS
10
46.8446730000000002
20
-176.6379330000000039
11
46.8446730000000002
21
-176.1617420000000038
0
LINE
8
BLACK
6
CONTINUOUS
10
46.8446730000000002
20
-176.1617420000000038
11
46.9399109999999951
21
-175.7807899999999961
0
LINE
8
BLACK
6
CONTINUOUS
10
46.9399109999999951
20
-175.7807899999999961
11
47.035148999999997
21
-175.590313999999978
0
LINE
8
BLACK
6
CONTINUOUS
10
47.035148999999997
20
-175.590313999999978
11
47.1303869999999989
21
-175.4950759999999832
0
LINE
8
BLACK
6
CONTINUOUS
10
47.1303869999999989
20
-175.4950759999999832
11
47.3208629999999957
21
-175.3998379999999884
0
LINE
8
BLACK
6
CONTINUOUS
10
49.7970539999999957
20
-175.3998379999999884
11
48.8446730000000002
21
-175.3998379999999884
0
LINE
8
BLACK
6
CONTINUOUS
10
48.8446730000000002
20
-175.3998379999999884
11
48.7494349999999983
21
-176.352218999999991
0
LINE
8
BLACK
6
CONTINUOUS
10
48.7494349999999983
20
-176.352218999999991
11
48.8446730000000002
21
-176.2569799999999987
0
LINE
8
BLACK
6
CONTINUOUS
10
48.8446730000000002
20
-176.2569799999999987
11
49.035148999999997
21
-176.1617420000000038
0
LINE
8
BLACK
6
CONTINUOUS
10
49.035148999999997
20
-176.1617420000000038
11
49.511339999999997
21
-176.1617420000000038
0
LINE
8
BLACK
6
CONTINUOUS
10
49.511339999999997
20
-176.1617420000000038
11
49.7018160000000009
21
-176.2569799999999987
0
LINE
8
BLACK
6
CONTINUOUS
10
49.7018160000000009
20
-176.2569799999999987
11
49.7970539999999957
21
-176.352218999999991
0
LINE
8
BLACK
6
CONTINUOUS
10
49.7970539999999957
20
-176.352218999999991
11
49.8922919999999976
21
-176.5426949999999806
0
LINE
8
BLACK
6
CONTINUOUS
10
49.8922919999999976
20
-176.5426949999999806
11
49.8922919999999976
21
-177.0188849999999832
0
LINE
8
BLACK
6
CONTINUOUS
10
49.8922919999999976
20
-177.0188849999999832
11
49.7970539999999957
21
-177.2093610000000012
0
LINE
8
BLACK
6
CONTINUOUS
10
49.7970539999999957
20
-177.2093610000000012
11
49.7018160000000009
21
-177.3045999999999935
0
LINE
8
BLACK
6
CONTINUOUS
10
49.7018160000000009
20
-177.3045999999999935
11
49.511339999999997
21
-177.3998379999999884
0
LINE
8
BLACK
6
CONTINUOUS
10
49.511339999999997
20
-177.3998379999999884
11
49.035148999999997
21
-177.3998379999999884
0
LINE
8
BLACK
6
CONTINUOUS
10
49.035148999999997
20
-177.3998379999999884
11
48.8446730000000002
21
-177.3045999999999935
0
LINE
8
BLACK
6
CONTINUOUS
10
48.8446730000000002
20
-177.3045999999999935
11
48.7494349999999983
21
-177.2093610000000012
0
LINE
8
BLACK
6
CONTINUOUS
10
51.1303869999999989
20
-175.3998379999999884
11
51.3208640000000003
21
-175.3998379999999884
0
LINE
8
BLACK
6
CONTINUOUS
10
51.3208640000000003
20
-175.3998379999999884
11
51.511339999999997
21
-175.4950759999999832
0
LINE
8
BLACK
6
CONTINUOUS
10
51.511339999999997
20
-175.4950759999999832
11
51.606577999999999
21
-175.590313999999978
0
LINE
8
BLACK
6
CONTINUOUS
10
51.606577999999999
20
-175.590313999999978
11
51.7018160000000009
21
-175.7807899999999961
0
LINE
8
BLACK
6
CONTINUOUS
10
51.7018160000000009
20
-175.7807899999999961
11
51.7970539999999957
21
-176.1617420000000038
0
LINE
8
BLACK
6
CONTINUOUS
10
51.7970539999999957
20
-176.1617420000000038
11
51.7970539999999957
21
-176.6379330000000039
0
LINE
8
BLACK
6
CONTINUOUS
10
51.7970539999999957
20
-176.6379330000000039
11
51.7018160000000009
21
-177.0188849999999832
0
LINE
8
BLACK
6
CONTINUOUS
10
51.7018160000000009
20
-177.0188849999999832
11
51.606577999999999
21
-177.2093610000000012
0
LINE
8
BLACK
6
CONTINUOUS
10
51.606577999999999
20
-177.2093610000000012
11
51.511339999999997
21
-177.3045999999999935
0
LINE
8
BLACK
6
CONTINUOUS
10
51.511339999999997
20
-177.3045999999999935
11
51.3208640000000003
21
-177.3998379999999884
0
LINE
8
BLACK
6
CONTINUOUS
10
51.3208640000000003
20
-177.3998379999999884
11
51.1303869999999989
21
-177.3998379999999884
0
LINE
8
BLACK
6
CONTINUOUS
10
51.1303869999999989
20
-177.3998379999999884
11
50.9399109999999951
21
-177.3045999999999935
0
LINE
8
BLACK
6
CONTINUOUS
10
50.9399109999999951
20
-177.3045999999999935
11
50.8446730000000002
21
-177.2093610000000012
0
LINE
8
BLACK
6
CONTINUOUS
10
50.8446730000000002
20
-177.2093610000000012
11
50.7494349999999983
21
-177.0188849999999832
0
LINE
8
BLACK
6
CONTINUOUS
10
50.7494349999999983
20
-177.0188849999999832
11
50.6541969999999964
21
-176.6379330000000039
0
LINE
8
BLACK
6
CONTINUOUS
10
50.6541969999999964
20
-176.6379330000000039
11
50.6541969999999964
21
-176.1617420000000038
0
LINE
8
BLACK
6
CONTINUOUS
10
50.6541969999999964
20
-176.1617420000000038
11
50.7494349999999983
21
-175.7807899999999961
0
LINE
8
BLACK
6
CONTINUOUS
10
50.7494349999999983
20
-175.7807899999999961
11
50.8446730000000002
21
-175.590313999999978
0
LINE
8
BLACK
6
CONTINUOUS
10
50.8446730000000002
20
-175.590313999999978
11
50.9399109999999951
21
-175.4950759999999832
0
LINE
8
BLACK
6
CONTINUOUS
10
50.9399109999999951
20
-175.4950759999999832
11
51.1303869999999989
21
-175.3998379999999884
0
LINE
8
BLACK
6
CONTINUOUS
10
52.6541969999999964
20
-177.3998379999999884
11
52.6541969999999964
21
-176.0665039999999806
0
LINE
8
BLACK
6
CONTINUOUS
10
52.6541969999999964
20
-176.2569799999999987
11
52.7494349999999983
21
-176.1617420000000038
0
LINE
8
BLACK
6
CONTINUOUS
10
52.7494349999999983
20
-176.1617420000000038
11
52.9399109999999951
21
-176.0665039999999806
0
LINE
8
BLACK
6
CONTINUOUS
10
52.9399109999999951
20
-176.0665039999999806
11
53.2256259999999983
21
-176.0665039999999806
0
LINE
8
BLACK
6
CONTINUOUS
10
53.2256259999999983
20
-176.0665039999999806
11
53.4161019999999951
21
-176.1617420000000038
0
LINE
8
BLACK
6
CONTINUOUS
10
53.4161019999999951
20
-176.1617420000000038
11
53.511339999999997
21
-176.352218999999991
0
LINE
8
BLACK
6
CONTINUOUS
10
53.511339999999997
20
-176.352218999999991
11
53.511339999999997
21
-177.3998379999999884
0
LINE
8
BLACK
6
CONTINUOUS
10
53.511339999999997
20
-176.352218999999991
11
53.606577999999999
21
-176.1617420000000038
0
LINE
8
BLACK
6
CONTINUOUS
10
53.606577999999999
20
-176.1617420000000038
11
53.7970539999999957
21
-176.0665039999999806
0
LINE
8
BLACK
6
CONTINUOUS
10
53.7970539999999957
20
-176.0665039999999806
11
54.0827679999999944
21
-176.0665039999999806
0
LINE
8
BLACK
6
CONTINUOUS
10
54.0827679999999944
20
-176.0665039999999806
11
54.2732449999999957
21
-176.1617420000000038
0
LINE
8
BLACK
6
CONTINUOUS
10
54.2732449999999957
20
-176.1617420000000038
11
54.3684829999999977
21
-176.352218999999991
0
LINE
8
BLACK
6
CONTINUOUS
10
54.3684829999999977
20
-176.352218999999991
11
54.3684829999999977
21
-177.3998379999999884
0
LINE
8
BLACK
6
CONTINUOUS
10
55.3208640000000003
20
-177.3998379999999884
11
55.3208640000000003
21
-176.0665039999999806
0
LINE
8
BLACK
6
CONTINUOUS
10
55.3208640000000003
20
-176.2569799999999987
11
55.4161019999999951
21
-176.1617420000000038
0
LINE
8
BLACK
6
CONTINUOUS
10
55.4161019999999951
20
-176.1617420000000038
11
55.606577999999999
21
-176.0665039999999806
0
LINE
8
BLACK
6
CONTINUOUS
10
55.606577999999999
20
-176.0665039999999806
11
55.8922929999999951
21
-176.0665039999999806
0
LINE
8
BLACK
6
CONTINUOUS
10
55.8922929999999951
20
-176.0665039999999806
11
56.082768999999999
21
-176.1617420000000038
0
LINE
8
BLACK
6
CONTINUOUS
10
56.082768999999999
20
-176.1617420000000038
11
56.1780070000000009
21
-176.352218999999991
0
LINE
8
BLACK
6
CONTINUOUS
10
56.1780070000000009
20
-176.352218999999991
11
56.1780070000000009
21
-177.3998379999999884
0
LINE
8
BLACK
6
CONTINUOUS
10
56.1780070000000009
20
-176.352218999999991
11
56.2732449999999957
21
-176.1617420000000038
0
LINE
8
BLACK
6
CONTINUOUS
10
56.2732449999999957
20
-176.1617420000000038
11
56.4637209999999996
21
-176.0665039999999806
0
LINE
8
BLACK
6
CONTINUOUS
10
56.4637209999999996
20
-176.0665039999999806
11
56.7494349999999983
21
-176.0665039999999806
0
LINE
8
BLACK
6
CONTINUOUS
10
56.7494349999999983
20
-176.0665039999999806
11
56.9399119999999996
21
-176.1617420000000038
0
LINE
8
BLACK
6
CONTINUOUS
10
56.9399119999999996
20
-176.1617420000000038
11
57.0351499999999945
21
-176.352218999999991
0
LINE
8
BLACK
6
CONTINUOUS
10
57.0351499999999945
20
-176.352218999999991
11
57.0351499999999945
21
-177.3998379999999884
0
LINE
8
BLACK
6
CONTINUOUS
10
60.9399119999999996
20
-175.3045999999999935
11
59.2256269999999958
21
-177.8760279999999909
0
LINE
8
BLACK
6
CONTINUOUS
10
63.5113409999999945
20
-175.3998379999999884
11
63.7018179999999958
21
-175.3998379999999884
0
LINE
8
BLACK
6
CONTINUOUS
10
63.7018179999999958
20
-175.3998379999999884
11
63.8922939999999997
21
-175.4950759999999832
0
LINE
8
BLACK
6
CONTINUOUS
10
63.8922939999999997
20
-175.4950759999999832
11
63.9875319999999945
21
-175.590313999999978
0
LINE
8
BLACK
6
CONTINUOUS
10
63.9875319999999945
20
-175.590313999999978
11
64.0827699999999965
21
-175.7807899999999961
0
LINE
8
BLACK
6
CONTINUOUS
10
64.0827699999999965
20
-175.7807899999999961
11
64.1780079999999913
21
-176.1617420000000038
0
LINE
8
BLACK
6
CONTINUOUS
10
64.1780079999999913
20
-176.1617420000000038
11
64.1780079999999913
21
-176.6379330000000039
0
LINE
8
BLACK
6
CONTINUOUS
10
64.1780079999999913
20
-176.6379330000000039
11
64.0827699999999965
21
-177.0188849999999832
0
LINE
8
BLACK
6
CONTINUOUS
10
64.0827699999999965
20
-177.0188849999999832
11
63.9875319999999945
21
-177.2093610000000012
0
LINE
8
BLACK
6
CONTINUOUS
10
63.9875319999999945
20
-177.2093610000000012
11
63.8922939999999997
21
-177.3045999999999935
0
LINE
8
BLACK
6
CONTINUOUS
10
63.8922939999999997
20
-177.3045999999999935
11
63.7018179999999958
21
-177.3998379999999884
0
LINE
8
BLACK
6
CONTINUOUS
10
63.7018179999999958
20
-177.3998379999999884
11
63.5113409999999945
21
-177.3998379999999884
0
LINE
8
BLACK
6
CONTINUOUS
10
63.5113409999999945
20
-177.3998379999999884
11
63.3208649999999977
21
-177.3045999999999935
0
LINE
8
BLACK
6
CONTINUOUS
10
63.3208649999999977
20
-177.3045999999999935
11
63.2256269999999958
21
-177.2093610000000012
0
LINE
8
BLACK
6
CONTINUOUS
10
63.2256269999999958
20
-177.2093610000000012
11
63.1303889999999939
21
-177.0188849999999832
0
LINE
8
BLACK
6
CONTINUOUS
10
63.1303889999999939
20
-177.0188849999999832
11
63.035150999999999
21
-176.6379330000000039
0
LINE
8
BLACK
6
CONTINUOUS
10
63.035150999999999
20
-176.6379330000000039
11
63.035150999999999
21
-176.1617420000000038
0
LINE
8
BLACK
6
CONTINUOUS
10
63.035150999999999
20
-176.1617420000000038
11
63.1303889999999939
21
-175.7807899999999961
0
LINE
8
BLACK
6
CONTINUOUS
10
63.1303889999999939
20
-175.7807899999999961
11
63.2256269999999958
21
-175.590313999999978
0
LINE
8
BLACK
6
CONTINUOUS
10
63.2256269999999958
20
-175.590313999999978
11
63.3208649999999977
21
-175.4950759999999832
0
LINE
8
BLACK
6
CONTINUOUS
10
63.3208649999999977
20
-175.4950759999999832
11
63.5113409999999945
21
-175.3998379999999884
0
LINE
8
BLACK
6
CONTINUOUS
10
65.035150999999999
20
-177.2093610000000012
11
65.1303889999999939
21
-177.3045999999999935
0
LINE
8
BLACK
6
CONTINUOUS
10
65.1303889999999939
20
-177.3045999999999935
11
65.035150999999999
21
-177.3998379999999884
0
LINE
8
BLACK
6
CONTINUOUS
10
65.035150999999999
20
-177.3998379999999884
11
64.93991299999999
21
-177.3045999999999935
0
LINE
8
BLACK
6
CONTINUOUS
10
64.93991299999999
20
-177.3045999999999935
11
65.035150999999999
21
-177.2093610000000012
0
LINE
8
BLACK
6
CONTINUOUS
10
65.035150999999999
20
-177.2093610000000012
11
65.035150999999999
21
-177.3998379999999884
0
LINE
8
BLACK
6
CONTINUOUS
10
66.3684839999999951
20
-175.3998379999999884
11
66.5589609999999965
21
-175.3998379999999884
0
LINE
8
BLACK
6
CONTINUOUS
10
66.5589609999999965
20
-175.3998379999999884
11
66.7494370000000004
21
-175.4950759999999832
0
LINE
8
BLACK
6
CONTINUOUS
10
66.7494370000000004
20
-175.4950759999999832
11
66.8446749999999952
21
-175.590313999999978
0
LINE
8
BLACK
6
CONTINUOUS
10
66.8446749999999952
20
-175.590313999999978
11
66.93991299999999
21
-175.7807899999999961
0
LINE
8
BLACK
6
CONTINUOUS
10
66.93991299999999
20
-175.7807899999999961
11
67.035150999999999
21
-176.1617420000000038
0
LINE
8
BLACK
6
CONTINUOUS
10
67.035150999999999
20
-176.1617420000000038
11
67.035150999999999
21
-176.6379330000000039
0
LINE
8
BLACK
6
CONTINUOUS
10
67.035150999999999
20
-176.6379330000000039
11
66.93991299999999
21
-177.0188849999999832
0
LINE
8
BLACK
6
CONTINUOUS
10
66.93991299999999
20
-177.0188849999999832
11
66.8446749999999952
21
-177.2093610000000012
0
LINE
8
BLACK
6
CONTINUOUS
10
66.8446749999999952
20
-177.2093610000000012
11
66.7494370000000004
21
-177.3045999999999935
0
LINE
8
BLACK
6
CONTINUOUS
10
66.7494370000000004
20
-177.3045999999999935
11
66.5589609999999965
21
-177.3998379999999884
0
LINE
8
BLACK
6
CONTINUOUS
10
66.5589609999999965
20
-177.3998379999999884
11
66.3684839999999951
21
-177.3998379999999884
0
LINE
8
BLACK
6
CONTINUOUS
10
66.3684839999999951
20
-177.3998379999999884
11
66.1780079999999913
21
-177.3045999999999935
0
LINE
8
BLACK
6
CONTINUOUS
10
66.1780079999999913
20
-177.3045999999999935
11
66.0827699999999965
21
-177.2093610000000012
0
LINE
8
BLACK
6
CONTINUOUS
10
66.0827699999999965
20
-177.2093610000000012
11
65.9875320000000016
21
-177.0188849999999832
0
LINE
8
BLACK
6
CONTINUOUS
10
65.9875320000000016
20
-177.0188849999999832
11
65.8922939999999926
21
-176.6379330000000039
0
LINE
8
BLACK
6
CONTINUOUS
10
65.8922939999999926
20
-176.6379330000000039
11
65.8922939999999926
21
-176.1617420000000038
0
LINE
8
BLACK
6
CONTINUOUS
10
65.8922939999999926
20
-176.1617420000000038
11
65.9875320000000016
21
-175.7807899999999961
0
LINE
8
BLACK
6
CONTINUOUS
10
65.9875320000000016
20
-175.7807899999999961
11
66.0827699999999965
21
-175.590313999999978
0
LINE
8
BLACK
6
CONTINUOUS
10
66.0827699999999965
20
-175.590313999999978
11
66.1780079999999913
21
-175.4950759999999832
0
LINE
8
BLACK
6
CONTINUOUS
10
66.1780079999999913
20
-175.4950759999999832
11
66.3684839999999951
21
-175.3998379999999884
0
LINE
8
BLACK
6
CONTINUOUS
10
68.7494370000000004
20
-176.0665039999999806
11
68.7494370000000004
21
-177.3998379999999884
0
LINE
8
BLACK
6
CONTINUOUS
10
68.2732460000000003
20
-175.3045999999999935
11
67.7970559999999978
21
-176.7331709999999987
0
LINE
8
BLACK
6
CONTINUOUS
10
67.7970559999999978
20
-176.7331709999999987
11
69.035150999999999
21
-176.7331709999999987
0
LINE
8
BLACK
6
CONTINUOUS
10
70.8446749999999952
20
-177.3998379999999884
11
69.7018180000000029
21
-177.3998379999999884
0
LINE
8
BLACK
6
CONTINUOUS
10
70.2732460000000003
20
-177.3998379999999884
11
70.2732460000000003
21
-175.3998379999999884
0
LINE
8
BLACK
6
CONTINUOUS
10
70.2732460000000003
20
-175.3998379999999884
11
70.0827699999999965
21
-175.6855520000000013
0
LINE
8
BLACK
6
CONTINUOUS
10
70.0827699999999965
20
-175.6855520000000013
11
69.8922939999999926
21
-175.8760279999999909
0
LINE
8
BLACK
6
CONTINUOUS
10
69.8922939999999926
20
-175.8760279999999909
11
69.7018180000000029
21
-175.9712659999999858
0
LINE
8
BLACK
6
CONTINUOUS
10
71.5113419999999991
20
-175.3998379999999884
11
72.7494370000000004
21
-175.3998379999999884
0
LINE
8
BLACK
6
CONTINUOUS
10
72.7494370000000004
20
-175.3998379999999884
11
72.0827699999999965
21
-176.1617420000000038
0
LINE
8
BLACK
6
CONTINUOUS
10
72.0827699999999965
20
-176.1617420000000038
11
72.3684849999999926
21
-176.1617420000000038
0
LINE
8
BLACK
6
CONTINUOUS
10
72.3684849999999926
20
-176.1617420000000038
11
72.5589609999999965
21
-176.2569799999999987
0
LINE
8
BLACK
6
CONTINUOUS
10
72.5589609999999965
20
-176.2569799999999987
11
72.6541989999999913
21
-176.352218999999991
0
LINE
8
BLACK
6
CONTINUOUS
10
72.6541989999999913
20
-176.352218999999991
11
72.7494370000000004
21
-176.5426949999999806
0
LINE
8
BLACK
6
CONTINUOUS
10
72.7494370000000004
20
-176.5426949999999806
11
72.7494370000000004
21
-177.0188849999999832
0
LINE
8
BLACK
6
CONTINUOUS
10
72.7494370000000004
20
-177.0188849999999832
11
72.6541989999999913
21
-177.2093610000000012
0
LINE
8
BLACK
6
CONTINUOUS
10
72.6541989999999913
20
-177.2093610000000012
11
72.5589609999999965
21
-177.3045999999999935
0
LINE
8
BLACK
6
CONTINUOUS
10
72.5589609999999965
20
-177.3045999999999935
11
72.3684849999999926
21
-177.3998379999999884
0
LINE
8
BLACK
6
CONTINUOUS
10
72.3684849999999926
20
-177.3998379999999884
11
71.7970559999999978
21
-177.3998379999999884
0
LINE
8
BLACK
6
CONTINUOUS
10
71.7970559999999978
20
-177.3998379999999884
11
71.6065799999999939
21
-177.3045999999999935
0
LINE
8
BLACK
6
CONTINUOUS
10
71.6065799999999939
20
-177.3045999999999935
11
71.5113419999999991
21
-177.2093610000000012
0
LINE
8
BLACK
6
CONTINUOUS
10
73.5113419999999991
20
-175.3998379999999884
11
73.5113419999999991
21
-175.7807899999999961
0
LINE
8
BLACK
6
CONTINUOUS
10
74.2732469999999978
20
-175.3998379999999884
11
74.2732469999999978
21
-175.7807899999999961
0
LINE
8
BLACK
6
CONTINUOUS
10
77.2256289999999979
20
-178.1617420000000038
11
77.1303899999999913
21
-178.0665039999999806
0
LINE
8
BLACK
6
CONTINUOUS
10
77.1303899999999913
20
-178.0665039999999806
11
76.9399140000000017
21
-177.7807899999999961
0
LINE
8
BLACK
6
CONTINUOUS
10
76.9399140000000017
20
-177.7807899999999961
11
76.8446759999999927
21
-177.590313999999978
0
LINE
8
BLACK
6
CONTINUOUS
10
76.8446759999999927
20
-177.590313999999978
11
76.7494379999999978
21
-177.3045999999999935
0
LINE
8
BLACK
6
CONTINUOUS
10
76.7494379999999978
20
-177.3045999999999935
11
76.654200000000003
21
-176.8284089999999935
0
LINE
8
BLACK
6
CONTINUOUS
10
76.654200000000003
20
-176.8284089999999935
11
76.654200000000003
21
-176.4474569999999858
0
LINE
8
BLACK
6
CONTINUOUS
10
76.654200000000003
20
-176.4474569999999858
11
76.7494379999999978
21
-175.9712659999999858
0
LINE
8
BLACK
6
CONTINUOUS
10
76.7494379999999978
20
-175.9712659999999858
11
76.8446759999999927
21
-175.6855520000000013
0
LINE
8
BLACK
6
CONTINUOUS
10
76.8446759999999927
20
-175.6855520000000013
11
76.9399140000000017
21
-175.4950759999999832
0
LINE
8
BLACK
6
CONTINUOUS
10
76.9399140000000017
20
-175.4950759999999832
11
77.1303899999999913
21
-175.2093610000000012
0
LINE
8
BLACK
6
CONTINUOUS
10
77.1303899999999913
20
-175.2093610000000012
11
77.2256289999999979
21
-175.114122999999978
0
LINE
8
BLACK
6
CONTINUOUS
10
77.8922949999999901
20
-175.590313999999978
11
77.9875329999999991
21
-175.4950759999999832
0
LINE
8
BLACK
6
CONTINUOUS
10
77.9875329999999991
20
-175.4950759999999832
11
78.178009000000003
21
-175.3998379999999884
0
LINE
8
BLACK
6
CONTINUOUS
10
78.178009000000003
20
-175.3998379999999884
11
78.654200000000003
21
-175.3998379999999884
0
LINE
8
BLACK
6
CONTINUOUS
10
78.654200000000003
20
-175.3998379999999884
11
78.8446759999999927
21
-175.4950759999999832
0
LINE
8
BLACK
6
CONTINUOUS
10
78.8446759999999927
20
-175.4950759999999832
11
78.9399140000000017
21
-175.590313999999978
0
LINE
8
BLACK
6
CONTINUOUS
10
78.9399140000000017
20
-175.590313999999978
11
79.0351519999999965
21
-175.7807899999999961
0
LINE
8
BLACK
6
CONTINUOUS
10
79.0351519999999965
20
-175.7807899999999961
11
79.0351519999999965
21
-175.9712659999999858
0
LINE
8
BLACK
6
CONTINUOUS
10
79.0351519999999965
20
-175.9712659999999858
11
78.9399140000000017
21
-176.2569799999999987
0
LINE
8
BLACK
6
CONTINUOUS
10
78.9399140000000017
20
-176.2569799999999987
11
77.7970569999999952
21
-177.3998379999999884
0
LINE
8
BLACK
6
CONTINUOUS
10
77.7970569999999952
20
-177.3998379999999884
11
79.0351519999999965
21
-177.3998379999999884
0
LINE
8
BLACK
6
CONTINUOUS
10
81.4161050000000017
20
-177.3998379999999884
11
81.4161050000000017
21
-175.3998379999999884
0
LINE
8
BLACK
6
CONTINUOUS
10
82.2732479999999953
20
-177.3998379999999884
11
82.2732479999999953
21
-176.352218999999991
0
LINE
8
BLACK
6
CONTINUOUS
10
82.2732479999999953
20
-176.352218999999991
11
82.1780100000000004
21
-176.1617420000000038
0
LINE
8
BLACK
6
CONTINUOUS
10
82.1780100000000004
20
-176.1617420000000038
11
81.9875339999999966
21
-176.0665039999999806
0
LINE
8
BLACK
6
CONTINUOUS
10
81.9875339999999966
20
-176.0665039999999806
11
81.7018190000000004
21
-176.0665039999999806
0
LINE
8
BLACK
6
CONTINUOUS
10
81.7018190000000004
20
-176.0665039999999806
11
81.5113429999999966
21
-176.1617420000000038
0
LINE
8
BLACK
6
CONTINUOUS
10
81.5113429999999966
20
-176.1617420000000038
11
81.4161050000000017
21
-176.2569799999999987
0
LINE
8
BLACK
6
CONTINUOUS
10
83.5113429999999966
20
-177.3998379999999884
11
83.3208669999999927
21
-177.3045999999999935
0
LINE
8
BLACK
6
CONTINUOUS
10
83.3208669999999927
20
-177.3045999999999935
11
83.2256289999999979
21
-177.2093610000000012
0
LINE
8
BLACK
6
CONTINUOUS
10
83.2256289999999979
20
-177.2093610000000012
11
83.130391000000003
21
-177.0188849999999832
0
LINE
8
BLACK
6
CONTINUOUS
10
83.130391000000003
20
-177.0188849999999832
11
83.130391000000003
21
-176.4474569999999858
0
LINE
8
BLACK
6
CONTINUOUS
10
83.130391000000003
20
-176.4474569999999858
11
83.2256289999999979
21
-176.2569799999999987
0
LINE
8
BLACK
6
CONTINUOUS
10
83.2256289999999979
20
-176.2569799999999987
11
83.3208669999999927
21
-176.1617420000000038
0
LINE
8
BLACK
6
CONTINUOUS
10
83.3208669999999927
20
-176.1617420000000038
11
83.5113429999999966
21
-176.0665039999999806
0
LINE
8
BLACK
6
CONTINUOUS
10
83.5113429999999966
20
-176.0665039999999806
11
83.7970579999999927
21
-176.0665039999999806
0
LINE
8
BLACK
6
CONTINUOUS
10
83.7970579999999927
20
-176.0665039999999806
11
83.9875339999999966
21
-176.1617420000000038
0
LINE
8
BLACK
6
CONTINUOUS
10
83.9875339999999966
20
-176.1617420000000038
11
84.0827719999999914
21
-176.2569799999999987
0
LINE
8
BLACK
6
CONTINUOUS
10
84.0827719999999914
20
-176.2569799999999987
11
84.1780100000000004
21
-176.4474569999999858
0
LINE
8
BLACK
6
CONTINUOUS
10
84.1780100000000004
20
-176.4474569999999858
11
84.1780100000000004
21
-177.0188849999999832
0
LINE
8
BLACK
6
CONTINUOUS
10
84.1780100000000004
20
-177.0188849999999832
11
84.0827719999999914
21
-177.2093610000000012
0
LINE
8
BLACK
6
CONTINUOUS
10
84.0827719999999914
20
-177.2093610000000012
11
83.9875339999999966
21
-177.3045999999999935
0
LINE
8
BLACK
6
CONTINUOUS
10
83.9875339999999966
20
-177.3045999999999935
11
83.7970579999999927
21
-177.3998379999999884
0
LINE
8
BLACK
6
CONTINUOUS
10
83.7970579999999927
20
-177.3998379999999884
11
83.5113429999999966
21
-177.3998379999999884
0
LINE
8
BLACK
6
CONTINUOUS
10
85.3208669999999927
20
-177.3998379999999884
11
85.130391000000003
21
-177.3045999999999935
0
LINE
8
BLACK
6
CONTINUOUS
10
85.130391000000003
20
-177.3045999999999935
11
85.035152999999994
21
-177.114122999999978
0
LINE
8
BLACK
6
CONTINUOUS
10
85.035152999999994
20
-177.114122999999978
11
85.035152999999994
21
-175.3998379999999884
0
LINE
8
BLACK
6
CONTINUOUS
10
86.8446769999999901
20
-177.3045999999999935
11
86.6542010000000005
21
-177.3998379999999884
0
LINE
8
BLACK
6
CONTINUOUS
10
86.6542010000000005
20
-177.3998379999999884
11
86.2732479999999953
21
-177.3998379999999884
0
LINE
8
BLACK
6
CONTINUOUS
10
86.2732479999999953
20
-177.3998379999999884
11
86.0827719999999914
21
-177.3045999999999935
0
LINE
8
BLACK
6
CONTINUOUS
10
86.0827719999999914
20
-177.3045999999999935
11
85.9875339999999966
21
-177.114122999999978
0
LINE
8
BLACK
6
CONTINUOUS
10
85.9875339999999966
20
-177.114122999999978
11
85.9875339999999966
21
-176.352218999999991
0
LINE
8
BLACK
6
CONTINUOUS
10
85.9875339999999966
20
-176.352218999999991
11
86.0827719999999914
21
-176.1617420000000038
0
LINE
8
BLACK
6
CONTINUOUS
10
86.0827719999999914
20
-176.1617420000000038
11
86.2732479999999953
21
-176.0665039999999806
0
LINE
8
BLACK
6
CONTINUOUS
10
86.2732479999999953
20
-176.0665039999999806
11
86.6542010000000005
21
-176.0665039999999806
0
LINE
8
BLACK
6
CONTINUOUS
10
86.6542010000000005
20
-176.0665039999999806
11
86.8446769999999901
21
-176.1617420000000038
0
LINE
8
BLACK
6
CONTINUOUS
10
86.8446769999999901
20
-176.1617420000000038
11
86.9399149999999992
21
-176.352218999999991
0
LINE
8
BLACK
6
CONTINUOUS
10
86.9399149999999992
20
-176.352218999999991
11
86.9399149999999992
21
-176.5426949999999806
0
LINE
8
BLACK
6
CONTINUOUS
10
86.9399149999999992
20
-176.5426949999999806
11
85.9875339999999966
21
-176.7331709999999987
0
LINE
8
BLACK
6
CONTINUOUS
10
87.7018199999999979
20
-177.3045999999999935
11
87.8922960000000018
21
-177.3998379999999884
0
LINE
8
BLACK
6
CONTINUOUS
10
87.8922960000000018
20
-177.3998379999999884
11
88.2732479999999953
21
-177.3998379999999884
0
LINE
8
BLACK
6
CONTINUOUS
10
88.2732479999999953
20
-177.3998379999999884
11
88.4637249999999966
21
-177.3045999999999935
0
LINE
8
BLACK
6
CONTINUOUS
10
88.4637249999999966
20
-177.3045999999999935
11
88.5589629999999914
21
-177.114122999999978
0
LINE
8
BLACK
6
CONTINUOUS
10
88.5589629999999914
20
-177.114122999999978
11
88.5589629999999914
21
-177.0188849999999832
0
LINE
8
BLACK
6
CONTINUOUS
10
88.5589629999999914
20
-177.0188849999999832
11
88.4637249999999966
21
-176.8284089999999935
0
LINE
8
BLACK
6
CONTINUOUS
10
88.4637249999999966
20
-176.8284089999999935
11
88.2732479999999953
21
-176.7331709999999987
0
LINE
8
BLACK
6
CONTINUOUS
10
88.2732479999999953
20
-176.7331709999999987
11
87.9875339999999966
21
-176.7331709999999987
0
LINE
8
BLACK
6
CONTINUOUS
10
87.9875339999999966
20
-176.7331709999999987
11
87.7970579999999927
21
-176.6379330000000039
0
LINE
8
BLACK
6
CONTINUOUS
10
87.7970579999999927
20
-176.6379330000000039
11
87.7018199999999979
21
-176.4474569999999858
0
LINE
8
BLACK
6
CONTINUOUS
10
87.7018199999999979
20
-176.4474569999999858
11
87.7018199999999979
21
-176.352218999999991
0
LINE
8
BLACK
6
CONTINUOUS
10
87.7018199999999979
20
-176.352218999999991
11
87.7970579999999927
21
-176.1617420000000038
0
LINE
8
BLACK
6
CONTINUOUS
10
87.7970579999999927
20
-176.1617420000000038
11
87.9875339999999966
21
-176.0665039999999806
0
LINE
8
BLACK
6
CONTINUOUS
10
87.9875339999999966
20
-176.0665039999999806
11
88.2732479999999953
21
-176.0665039999999806
0
LINE
8
BLACK
6
CONTINUOUS
10
88.2732479999999953
20
-176.0665039999999806
11
88.4637249999999966
21
-176.1617420000000038
0
LINE
8
BLACK
6
CONTINUOUS
10
89.2256299999999953
20
-178.1617420000000038
11
89.3208679999999902
21
-178.0665039999999806
0
LINE
8
BLACK
6
CONTINUOUS
10
89.3208679999999902
20
-178.0665039999999806
11
89.511343999999994
21
-177.7807899999999961
0
LINE
8
BLACK
6
CONTINUOUS
10
89.511343999999994
20
-177.7807899999999961
11
89.6065819999999889
21
-177.590313999999978
0
LINE
8
BLACK
6
CONTINUOUS
10
89.6065819999999889
20
-177.590313999999978
11
89.7018199999999979
21
-177.3045999999999935
0
LINE
8
BLACK
6
CONTINUOUS
10
89.7018199999999979
20
-177.3045999999999935
11
89.7970579999999927
21
-176.8284089999999935
0
LINE
8
BLACK
6
CONTINUOUS
10
89.7970579999999927
20
-176.8284089999999935
11
89.7970579999999927
21
-176.4474569999999858
0
LINE
8
BLACK
6
CONTINUOUS
10
89.7970579999999927
20
-176.4474569999999858
11
89.7018199999999979
21
-175.9712659999999858
0
LINE
8
BLACK
6
CONTINUOUS
10
89.7018199999999979
20
-175.9712659999999858
11
89.6065819999999889
21
-175.6855520000000013
0
LINE
8
BLACK
6
CONTINUOUS
10
89.6065819999999889
20
-175.6855520000000013
11
89.511343999999994
21
-175.4950759999999832
0
LINE
8
BLACK
6
CONTINUOUS
10
89.511343999999994
20
-175.4950759999999832
11
89.3208679999999902
21
-175.2093610000000012
0
LINE
8
BLACK
6
CONTINUOUS
10
89.3208679999999902
20
-175.2093610000000012
11
89.2256299999999953
21
-175.114122999999978
0
LINE
8
BLACK
6
CONTINUOUS
10
39.4750000000000014
20
-178.125
11
41.4750000000000014
21
-180.125
0
LINE
8
BLACK
6
CONTINUOUS
10
41.4750000000000014
20
-178.125
11
39.4750000000000014
21
-180.125
0
CIRCLE
8
BLACK
10
40.4750000000000014
20
-179.125
40
1.
0
LINE
8
BLACK
6
CONTINUOUS
10
43.9875299999999996
20
-178.2303139999999928
11
44.0827680000000015
21
-178.135075999999998
0
LINE
8
BLACK
6
CONTINUOUS
10
44.0827680000000015
20
-178.135075999999998
11
44.2732439999999983
21
-178.0398380000000031
0
LINE
8
BLACK
6
CONTINUOUS
10
44.2732439999999983
20
-178.0398380000000031
11
44.7494349999999983
21
-178.0398380000000031
0
LINE
8
BLACK
6
CONTINUOUS
10
44.7494349999999983
20
-178.0398380000000031
11
44.9399109999999951
21
-178.135075999999998
0
LINE
8
BLACK
6
CONTINUOUS
10
44.9399109999999951
20
-178.135075999999998
11
45.035148999999997
21
-178.2303139999999928
0
LINE
8
BLACK
6
CONTINUOUS
10
45.035148999999997
20
-178.2303139999999928
11
45.1303869999999989
21
-178.4207899999999825
0
LINE
8
BLACK
6
CONTINUOUS
10
45.1303869999999989
20
-178.4207899999999825
11
45.1303869999999989
21
-178.6112660000000005
0
LINE
8
BLACK
6
CONTINUOUS
10
45.1303869999999989
20
-178.6112660000000005
11
45.035148999999997
21
-178.896979999999985
0
LINE
8
BLACK
6
CONTINUOUS
10
45.035148999999997
20
-178.896979999999985
11
43.8922919999999976
21
-180.0398380000000031
0
LINE
8
BLACK
6
CONTINUOUS
10
43.8922919999999976
20
-180.0398380000000031
11
45.1303869999999989
21
-180.0398380000000031
0
LINE
8
BLACK
6
CONTINUOUS
10
45.9875299999999996
20
-179.8493609999999876
11
46.0827679999999944
21
-179.9445999999999799
0
LINE
8
BLACK
6
CONTINUOUS
10
46.0827679999999944
20
-179.9445999999999799
11
45.9875299999999996
21
-180.0398380000000031
0
LINE
8
BLACK
6
CONTINUOUS
10
45.9875299999999996
20
-180.0398380000000031
11
45.8922919999999976
21
-179.9445999999999799
0
LINE
8
BLACK
6
CONTINUOUS
10
45.8922919999999976
20
-179.9445999999999799
11
45.9875299999999996
21
-179.8493609999999876
0
LINE
8
BLACK
6
CONTINUOUS
10
45.9875299999999996
20
-179.8493609999999876
11
45.9875299999999996
21
-180.0398380000000031
0
LINE
8
BLACK
6
CONTINUOUS
10
46.8446730000000002
20
-178.2303139999999928
11
46.9399109999999951
21
-178.135075999999998
0
LINE
8
BLACK
6
CONTINUOUS
10
46.9399109999999951
20
-178.135075999999998
11
47.1303869999999989
21
-178.0398380000000031
0
LINE
8
BLACK
6
CONTINUOUS
10
47.1303869999999989
20
-178.0398380000000031
11
47.606577999999999
21
-178.0398380000000031
0
LINE
8
BLACK
6
CONTINUOUS
10
47.606577999999999
20
-178.0398380000000031
11
47.7970539999999957
21
-178.135075999999998
0
LINE
8
BLACK
6
CONTINUOUS
10
47.7970539999999957
20
-178.135075999999998
11
47.8922919999999976
21
-178.2303139999999928
0
LINE
8
BLACK
6
CONTINUOUS
10
47.8922919999999976
20
-178.2303139999999928
11
47.9875299999999996
21
-178.4207899999999825
0
LINE
8
BLACK
6
CONTINUOUS
10
47.9875299999999996
20
-178.4207899999999825
11
47.9875299999999996
21
-178.6112660000000005
0
LINE
8
BLACK
6
CONTINUOUS
10
47.9875299999999996
20
-178.6112660000000005
11
47.8922919999999976
21
-178.896979999999985
0
LINE
8
BLACK
6
CONTINUOUS
10
47.8922919999999976
20
-178.896979999999985
11
46.7494349999999983
21
-180.0398380000000031
0
LINE
8
BLACK
6
CONTINUOUS
10
46.7494349999999983
20
-180.0398380000000031
11
47.9875299999999996
21
-180.0398380000000031
0
LINE
8
BLACK
6
CONTINUOUS
10
49.2256250000000009
20
-178.0398380000000031
11
49.4161019999999951
21
-178.0398380000000031
0
LINE
8
BLACK
6
CONTINUOUS
10
49.4161019999999951
20
-178.0398380000000031
11
49.606577999999999
21
-178.135075999999998
0
LINE
8
BLACK
6
CONTINUOUS
10
49.606577999999999
20
-178.135075999999998
11
49.7018160000000009
21
-178.2303139999999928
0
LINE
8
BLACK
6
CONTINUOUS
10
49.7018160000000009
20
-178.2303139999999928
11
49.7970539999999957
21
-178.4207899999999825
0
LINE
8
BLACK
6
CONTINUOUS
10
49.7970539999999957
20
-178.4207899999999825
11
49.8922919999999976
21
-178.8017419999999902
0
LINE
8
BLACK
6
CONTINUOUS
10
49.8922919999999976
20
-178.8017419999999902
11
49.8922919999999976
21
-179.2779329999999902
0
LINE
8
BLACK
6
CONTINUOUS
10
49.8922919999999976
20
-179.2779329999999902
11
49.7970539999999957
21
-179.6588849999999979
0
LINE
8
BLACK
6
CONTINUOUS
10
49.7970539999999957
20
-179.6588849999999979
11
49.7018160000000009
21
-179.8493609999999876
0
LINE
8
BLACK
6
CONTINUOUS
10
49.7018160000000009
20
-179.8493609999999876
11
49.606577999999999
21
-179.9445999999999799
0
LINE
8
BLACK
6
CONTINUOUS
10
49.606577999999999
20
-179.9445999999999799
11
49.4161019999999951
21
-180.0398380000000031
0
LINE
8
BLACK
6
CONTINUOUS
10
49.4161019999999951
20
-180.0398380000000031
11
49.2256250000000009
21
-180.0398380000000031
0
LINE
8
BLACK
6
CONTINUOUS
10
49.2256250000000009
20
-180.0398380000000031
11
49.035148999999997
21
-179.9445999999999799
0
LINE
8
BLACK
6
CONTINUOUS
10
49.035148999999997
20
-179.9445999999999799
11
48.9399109999999951
21
-179.8493609999999876
0
LINE
8
BLACK
6
CONTINUOUS
10
48.9399109999999951
20
-179.8493609999999876
11
48.8446730000000002
21
-179.6588849999999979
0
LINE
8
BLACK
6
CONTINUOUS
10
48.8446730000000002
20
-179.6588849999999979
11
48.7494349999999983
21
-179.2779329999999902
0
LINE
8
BLACK
6
CONTINUOUS
10
48.7494349999999983
20
-179.2779329999999902
11
48.7494349999999983
21
-178.8017419999999902
0
LINE
8
BLACK
6
CONTINUOUS
10
48.7494349999999983
20
-178.8017419999999902
11
48.8446730000000002
21
-178.4207899999999825
0
LINE
8
BLACK
6
CONTINUOUS
10
48.8446730000000002
20
-178.4207899999999825
11
48.9399109999999951
21
-178.2303139999999928
0
LINE
8
BLACK
6
CONTINUOUS
10
48.9399109999999951
20
-178.2303139999999928
11
49.035148999999997
21
-178.135075999999998
0
LINE
8
BLACK
6
CONTINUOUS
10
49.035148999999997
20
-178.135075999999998
11
49.2256250000000009
21
-178.0398380000000031
0
LINE
8
BLACK
6
CONTINUOUS
10
51.1303869999999989
20
-178.0398380000000031
11
51.3208640000000003
21
-178.0398380000000031
0
LINE
8
BLACK
6
CONTINUOUS
10
51.3208640000000003
20
-178.0398380000000031
11
51.511339999999997
21
-178.135075999999998
0
LINE
8
BLACK
6
CONTINUOUS
10
51.511339999999997
20
-178.135075999999998
11
51.606577999999999
21
-178.2303139999999928
0
LINE
8
BLACK
6
CONTINUOUS
10
51.606577999999999
20
-178.2303139999999928
11
51.7018160000000009
21
-178.4207899999999825
0
LINE
8
BLACK
6
CONTINUOUS
10
51.7018160000000009
20
-178.4207899999999825
11
51.7970539999999957
21
-178.8017419999999902
0
LINE
8
BLACK
6
CONTINUOUS
10
51.7970539999999957
20
-178.8017419999999902
11
51.7970539999999957
21
-179.2779329999999902
0
LINE
8
BLACK
6
CONTINUOUS
10
51.7970539999999957
20
-179.2779329999999902
11
51.7018160000000009
21
-179.6588849999999979
0
LINE
8
BLACK
6
CONTINUOUS
10
51.7018160000000009
20
-179.6588849999999979
11
51.606577999999999
21
-179.8493609999999876
0
LINE
8
BLACK
6
CONTINUOUS
10
51.606577999999999
20
-179.8493609999999876
11
51.511339999999997
21
-179.9445999999999799
0
LINE
8
BLACK
6
CONTINUOUS
10
51.511339999999997
20
-179.9445999999999799
11
51.3208640000000003
21
-180.0398380000000031
0
LINE
8
BLACK
6
CONTINUOUS
10
51.3208640000000003
20
-180.0398380000000031
11
51.1303869999999989
21
-180.0398380000000031
0
LINE
8
BLACK
6
CONTINUOUS
10
51.1303869999999989
20
-180.0398380000000031
11
50.9399109999999951
21
-179.9445999999999799
0
LINE
8
BLACK
6
CONTINUOUS
10
50.9399109999999951
20
-179.9445999999999799
11
50.8446730000000002
21
-179.8493609999999876
0
LINE
8
BLACK
6
CONTINUOUS
10
50.8446730000000002
20
-179.8493609999999876
11
50.7494349999999983
21
-179.6588849999999979
0
LINE
8
BLACK
6
CONTINUOUS
10
50.7494349999999983
20
-179.6588849999999979
11
50.6541969999999964
21
-179.2779329999999902
0
LINE
8
BLACK
6
CONTINUOUS
10
50.6541969999999964
20
-179.2779329999999902
11
50.6541969999999964
21
-178.8017419999999902
0
LINE
8
BLACK
6
CONTINUOUS
10
50.6541969999999964
20
-178.8017419999999902
11
50.7494349999999983
21
-178.4207899999999825
0
LINE
8
BLACK
6
CONTINUOUS
10
50.7494349999999983
20
-178.4207899999999825
11
50.8446730000000002
21
-178.2303139999999928
0
LINE
8
BLACK
6
CONTINUOUS
10
50.8446730000000002
20
-178.2303139999999928
11
50.9399109999999951
21
-178.135075999999998
0
LINE
8
BLACK
6
CONTINUOUS
10
50.9399109999999951
20
-178.135075999999998
11
51.1303869999999989
21
-178.0398380000000031
0
LINE
8
BLACK
6
CONTINUOUS
10
52.6541969999999964
20
-180.0398380000000031
11
52.6541969999999964
21
-178.7065039999999954
0
LINE
8
BLACK
6
CONTINUOUS
10
52.6541969999999964
20
-178.896979999999985
11
52.7494349999999983
21
-178.8017419999999902
0
LINE
8
BLACK
6
CONTINUOUS
10
52.7494349999999983
20
-178.8017419999999902
11
52.9399109999999951
21
-178.7065039999999954
0
LINE
8
BLACK
6
CONTINUOUS
10
52.9399109999999951
20
-178.7065039999999954
11
53.2256259999999983
21
-178.7065039999999954
0
LINE
8
BLACK
6
CONTINUOUS
10
53.2256259999999983
20
-178.7065039999999954
11
53.4161019999999951
21
-178.8017419999999902
0
LINE
8
BLACK
6
CONTINUOUS
10
53.4161019999999951
20
-178.8017419999999902
11
53.511339999999997
21
-178.9922190000000057
0
LINE
8
BLACK
6
CONTINUOUS
10
53.511339999999997
20
-178.9922190000000057
11
53.511339999999997
21
-180.0398380000000031
0
LINE
8
BLACK
6
CONTINUOUS
10
53.511339999999997
20
-178.9922190000000057
11
53.606577999999999
21
-178.8017419999999902
0
LINE
8
BLACK
6
CONTINUOUS
10
53.606577999999999
20
-178.8017419999999902
11
53.7970539999999957
21
-178.7065039999999954
0
LINE
8
BLACK
6
CONTINUOUS
10
53.7970539999999957
20
-178.7065039999999954
11
54.0827679999999944
21
-178.7065039999999954
0
LINE
8
BLACK
6
CONTINUOUS
10
54.0827679999999944
20
-178.7065039999999954
11
54.2732449999999957
21
-178.8017419999999902
0
LINE
8
BLACK
6
CONTINUOUS
10
54.2732449999999957
20
-178.8017419999999902
11
54.3684829999999977
21
-178.9922190000000057
0
LINE
8
BLACK
6
CONTINUOUS
10
54.3684829999999977
20
-178.9922190000000057
11
54.3684829999999977
21
-180.0398380000000031
0
LINE
8
BLACK
6
CONTINUOUS
10
55.3208640000000003
20
-180.0398380000000031
11
55.3208640000000003
21
-178.7065039999999954
0
LINE
8
BLACK
6
CONTINUOUS
10
55.3208640000000003
20
-178.896979999999985
11
55.4161019999999951
21
-178.8017419999999902
0
LINE
8
BLACK
6
CONTINUOUS
10
55.4161019999999951
20
-178.8017419999999902
11
55.606577999999999
21
-178.7065039999999954
0
LINE
8
BLACK
6
CONTINUOUS
10
55.606577999999999
20
-178.7065039999999954
11
55.8922929999999951
21
-178.7065039999999954
0
LINE
8
BLACK
6
CONTINUOUS
10
55.8922929999999951
20
-178.7065039999999954
11
56.082768999999999
21
-178.8017419999999902
0
LINE
8
BLACK
6
CONTINUOUS
10
56.082768999999999
20
-178.8017419999999902
11
56.1780070000000009
21
-178.9922190000000057
0
LINE
8
BLACK
6
CONTINUOUS
10
56.1780070000000009
20
-178.9922190000000057
11
56.1780070000000009
21
-180.0398380000000031
0
LINE
8
BLACK
6
CONTINUOUS
10
56.1780070000000009
20
-178.9922190000000057
11
56.2732449999999957
21
-178.8017419999999902
0
LINE
8
BLACK
6
CONTINUOUS
10
56.2732449999999957
20
-178.8017419999999902
11
56.4637209999999996
21
-178.7065039999999954
0
LINE
8
BLACK
6
CONTINUOUS
10
56.4637209999999996
20
-178.7065039999999954
11
56.7494349999999983
21
-178.7065039999999954
0
LINE
8
BLACK
6
CONTINUOUS
10
56.7494349999999983
20
-178.7065039999999954
11
56.9399119999999996
21
-178.8017419999999902
0
LINE
8
BLACK
6
CONTINUOUS
10
56.9399119999999996
20
-178.8017419999999902
11
57.0351499999999945
21
-178.9922190000000057
0
LINE
8
BLACK
6
CONTINUOUS
10
57.0351499999999945
20
-178.9922190000000057
11
57.0351499999999945
21
-180.0398380000000031
0
LINE
8
BLACK
6
CONTINUOUS
10
60.9399119999999996
20
-177.9445999999999799
11
59.2256269999999958
21
-180.5160280000000057
0
LINE
8
BLACK
6
CONTINUOUS
10
63.5113409999999945
20
-178.0398380000000031
11
63.7018179999999958
21
-178.0398380000000031
0
LINE
8
BLACK
6
CONTINUOUS
10
63.7018179999999958
20
-178.0398380000000031
11
63.8922939999999997
21
-178.135075999999998
0
LINE
8
BLACK
6
CONTINUOUS
10
63.8922939999999997
20
-178.135075999999998
11
63.9875319999999945
21
-178.2303139999999928
0
LINE
8
BLACK
6
CONTINUOUS
10
63.9875319999999945
20
-178.2303139999999928
11
64.0827699999999965
21
-178.4207899999999825
0
LINE
8
BLACK
6
CONTINUOUS
10
64.0827699999999965
20
-178.4207899999999825
11
64.1780079999999913
21
-178.8017419999999902
0
LINE
8
BLACK
6
CONTINUOUS
10
64.1780079999999913
20
-178.8017419999999902
11
64.1780079999999913
21
-179.2779329999999902
0
LINE
8
BLACK
6
CONTINUOUS
10
64.1780079999999913
20
-179.2779329999999902
11
64.0827699999999965
21
-179.6588849999999979
0
LINE
8
BLACK
6
CONTINUOUS
10
64.0827699999999965
20
-179.6588849999999979
11
63.9875319999999945
21
-179.8493609999999876
0
LINE
8
BLACK
6
CONTINUOUS
10
63.9875319999999945
20
-179.8493609999999876
11
63.8922939999999997
21
-179.9445999999999799
0
LINE
8
BLACK
6
CONTINUOUS
10
63.8922939999999997
20
-179.9445999999999799
11
63.7018179999999958
21
-180.0398380000000031
0
LINE
8
BLACK
6
CONTINUOUS
10
63.7018179999999958
20
-180.0398380000000031
11
63.5113409999999945
21
-180.0398380000000031
0
LINE
8
BLACK
6
CONTINUOUS
10
63.5113409999999945
20
-180.0398380000000031
11
63.3208649999999977
21
-179.9445999999999799
0
LINE
8
BLACK
6
CONTINUOUS
10
63.3208649999999977
20
-179.9445999999999799
11
63.2256269999999958
21
-179.8493609999999876
0
LINE
8
BLACK
6
CONTINUOUS
10
63.2256269999999958
20
-179.8493609999999876
11
63.1303889999999939
21
-179.6588849999999979
0
LINE
8
BLACK
6
CONTINUOUS
10
63.1303889999999939
20
-179.6588849999999979
11
63.035150999999999
21
-179.2779329999999902
0
LINE
8
BLACK
6
CONTINUOUS
10
63.035150999999999
20
-179.2779329999999902
11
63.035150999999999
21
-178.8017419999999902
0
LINE
8
BLACK
6
CONTINUOUS
10
63.035150999999999
20
-178.8017419999999902
11
63.1303889999999939
21
-178.4207899999999825
0
LINE
8
BLACK
6
CONTINUOUS
10
63.1303889999999939
20
-178.4207899999999825
11
63.2256269999999958
21
-178.2303139999999928
0
LINE
8
BLACK
6
CONTINUOUS
10
63.2256269999999958
20
-178.2303139999999928
11
63.3208649999999977
21
-178.135075999999998
0
LINE
8
BLACK
6
CONTINUOUS
10
63.3208649999999977
20
-178.135075999999998
11
63.5113409999999945
21
-178.0398380000000031
0
LINE
8
BLACK
6
CONTINUOUS
10
65.035150999999999
20
-179.8493609999999876
11
65.1303889999999939
21
-179.9445999999999799
0
LINE
8
BLACK
6
CONTINUOUS
10
65.1303889999999939
20
-179.9445999999999799
11
65.035150999999999
21
-180.0398380000000031
0
LINE
8
BLACK
6
CONTINUOUS
10
65.035150999999999
20
-180.0398380000000031
11
64.93991299999999
21
-179.9445999999999799
0
LINE
8
BLACK
6
CONTINUOUS
10
64.93991299999999
20
-179.9445999999999799
11
65.035150999999999
21
-179.8493609999999876
0
LINE
8
BLACK
6
CONTINUOUS
10
65.035150999999999
20
-179.8493609999999876
11
65.035150999999999
21
-180.0398380000000031
0
LINE
8
BLACK
6
CONTINUOUS
10
66.3684839999999951
20
-178.0398380000000031
11
66.5589609999999965
21
-178.0398380000000031
0
LINE
8
BLACK
6
CONTINUOUS
10
66.5589609999999965
20
-178.0398380000000031
11
66.7494370000000004
21
-178.135075999999998
0
LINE
8
BLACK
6
CONTINUOUS
10
66.7494370000000004
20
-178.135075999999998
11
66.8446749999999952
21
-178.2303139999999928
0
LINE
8
BLACK
6
CONTINUOUS
10
66.8446749999999952
20
-178.2303139999999928
11
66.93991299999999
21
-178.4207899999999825
0
LINE
8
BLACK
6
CONTINUOUS
10
66.93991299999999
20
-178.4207899999999825
11
67.035150999999999
21
-178.8017419999999902
0
LINE
8
BLACK
6
CONTINUOUS
10
67.035150999999999
20
-178.8017419999999902
11
67.035150999999999
21
-179.2779329999999902
0
LINE
8
BLACK
6
CONTINUOUS
10
67.035150999999999
20
-179.2779329999999902
11
66.93991299999999
21
-179.6588849999999979
0
LINE
8
BLACK
6
CONTINUOUS
10
66.93991299999999
20
-179.6588849999999979
11
66.8446749999999952
21
-179.8493609999999876
0
LINE
8
BLACK
6
CONTINUOUS
10
66.8446749999999952
20
-179.8493609999999876
11
66.7494370000000004
21
-179.9445999999999799
0
LINE
8
BLACK
6
CONTINUOUS
10
66.7494370000000004
20
-179.9445999999999799
11
66.5589609999999965
21
-180.0398380000000031
0
LINE
8
BLACK
6
CONTINUOUS
10
66.5589609999999965
20
-180.0398380000000031
11
66.3684839999999951
21
-180.0398380000000031
0
LINE
8
BLACK
6
CONTINUOUS
10
66.3684839999999951
20
-180.0398380000000031
11
66.1780079999999913
21
-179.9445999999999799
0
LINE
8
BLACK
6
CONTINUOUS
10
66.1780079999999913
20
-179.9445999999999799
11
66.0827699999999965
21
-179.8493609999999876
0
LINE
8
BLACK
6
CONTINUOUS
10
66.0827699999999965
20
-179.8493609999999876
11
65.9875320000000016
21
-179.6588849999999979
0
LINE
8
BLACK
6
CONTINUOUS
10
65.9875320000000016
20
-179.6588849999999979
11
65.8922939999999926
21
-179.2779329999999902
0
LINE
8
BLACK
6
CONTINUOUS
10
65.8922939999999926
20
-179.2779329999999902
11
65.8922939999999926
21
-178.8017419999999902
0
LINE
8
BLACK
6
CONTINUOUS
10
65.8922939999999926
20
-178.8017419999999902
11
65.9875320000000016
21
-178.4207899999999825
0
LINE
8
BLACK
6
CONTINUOUS
10
65.9875320000000016
20
-178.4207899999999825
11
66.0827699999999965
21
-178.2303139999999928
0
LINE
8
BLACK
6
CONTINUOUS
10
66.0827699999999965
20
-178.2303139999999928
11
66.1780079999999913
21
-178.135075999999998
0
LINE
8
BLACK
6
CONTINUOUS
10
66.1780079999999913
20
-178.135075999999998
11
66.3684839999999951
21
-178.0398380000000031
0
LINE
8
BLACK
6
CONTINUOUS
10
68.1780079999999913
20
-178.896979999999985
11
67.9875320000000016
21
-178.8017419999999902
0
LINE
8
BLACK
6
CONTINUOUS
10
67.9875320000000016
20
-178.8017419999999902
11
67.8922939999999926
21
-178.7065039999999954
0
LINE
8
BLACK
6
CONTINUOUS
10
67.8922939999999926
20
-178.7065039999999954
11
67.7970559999999978
21
-178.5160280000000057
0
LINE
8
BLACK
6
CONTINUOUS
10
67.7970559999999978
20
-178.5160280000000057
11
67.7970559999999978
21
-178.4207899999999825
0
LINE
8
BLACK
6
CONTINUOUS
10
67.7970559999999978
20
-178.4207899999999825
11
67.8922939999999926
21
-178.2303139999999928
0
LINE
8
BLACK
6
CONTINUOUS
10
67.8922939999999926
20
-178.2303139999999928
11
67.9875320000000016
21
-178.135075999999998
0
LINE
8
BLACK
6
CONTINUOUS
10
67.9875320000000016
20
-178.135075999999998
11
68.1780079999999913
21
-178.0398380000000031
0
LINE
8
BLACK
6
CONTINUOUS
10
68.1780079999999913
20
-178.0398380000000031
11
68.5589609999999965
21
-178.0398380000000031
0
LINE
8
BLACK
6
CONTINUOUS
10
68.5589609999999965
20
-178.0398380000000031
11
68.7494370000000004
21
-178.135075999999998
0
LINE
8
BLACK
6
CONTINUOUS
10
68.7494370000000004
20
-178.135075999999998
11
68.8446749999999952
21
-178.2303139999999928
0
LINE
8
BLACK
6
CONTINUOUS
10
68.8446749999999952
20
-178.2303139999999928
11
68.93991299999999
21
-178.4207899999999825
0
LINE
8
BLACK
6
CONTINUOUS
10
68.93991299999999
20
-178.4207899999999825
11
68.93991299999999
21
-178.5160280000000057
0
LINE
8
BLACK
6
CONTINUOUS
10
68.93991299999999
20
-178.5160280000000057
11
68.8446749999999952
21
-178.7065039999999954
0
LINE
8
BLACK
6
CONTINUOUS
10
68.8446749999999952
20
-178.7065039999999954
11
68.7494370000000004
21
-178.8017419999999902
0
LINE
8
BLACK
6
CONTINUOUS
10
68.7494370000000004
20
-178.8017419999999902
11
68.5589609999999965
21
-178.896979999999985
0
LINE
8
BLACK
6
CONTINUOUS
10
68.5589609999999965
20
-178.896979999999985
11
68.1780079999999913
21
-178.896979999999985
0
LINE
8
BLACK
6
CONTINUOUS
10
68.1780079999999913
20
-178.896979999999985
11
67.9875320000000016
21
-178.9922190000000057
0
LINE
8
BLACK
6
CONTINUOUS
10
67.9875320000000016
20
-178.9922190000000057
11
67.8922939999999926
21
-179.0874570000000006
0
LINE
8
BLACK
6
CONTINUOUS
10
67.8922939999999926
20
-179.0874570000000006
11
67.7970559999999978
21
-179.2779329999999902
0
LINE
8
BLACK
6
CONTINUOUS
10
67.7970559999999978
20
-179.2779329999999902
11
67.7970559999999978
21
-179.6588849999999979
0
LINE
8
BLACK
6
CONTINUOUS
10
67.7970559999999978
20
-179.6588849999999979
11
67.8922939999999926
21
-179.8493609999999876
0
LINE
8
BLACK
6
CONTINUOUS
10
67.8922939999999926
20
-179.8493609999999876
11
67.9875320000000016
21
-179.9445999999999799
0
LINE
8
BLACK
6
CONTINUOUS
10
67.9875320000000016
20
-179.9445999999999799
11
68.1780079999999913
21
-180.0398380000000031
0
LINE
8
BLACK
6
CONTINUOUS
10
68.1780079999999913
20
-180.0398380000000031
11
68.5589609999999965
21
-180.0398380000000031
0
LINE
8
BLACK
6
CONTINUOUS
10
68.5589609999999965
20
-180.0398380000000031
11
68.7494370000000004
21
-179.9445999999999799
0
LINE
8
BLACK
6
CONTINUOUS
10
68.7494370000000004
20
-179.9445999999999799
11
68.8446749999999952
21
-179.8493609999999876
0
LINE
8
BLACK
6
CONTINUOUS
10
68.8446749999999952
20
-179.8493609999999876
11
68.93991299999999
21
-179.6588849999999979
0
LINE
8
BLACK
6
CONTINUOUS
10
68.93991299999999
20
-179.6588849999999979
11
68.93991299999999
21
-179.2779329999999902
0
LINE
8
BLACK
6
CONTINUOUS
10
68.93991299999999
20
-179.2779329999999902
11
68.8446749999999952
21
-179.0874570000000006
0
LINE
8
BLACK
6
CONTINUOUS
10
68.8446749999999952
20
-179.0874570000000006
11
68.7494370000000004
21
-178.9922190000000057
0
LINE
8
BLACK
6
CONTINUOUS
10
68.7494370000000004
20
-178.9922190000000057
11
68.5589609999999965
21
-178.896979999999985
0
LINE
8
BLACK
6
CONTINUOUS
10
70.6541989999999913
20
-178.0398380000000031
11
70.2732460000000003
21
-178.0398380000000031
0
LINE
8
BLACK
6
CONTINUOUS
10
70.2732460000000003
20
-178.0398380000000031
11
70.0827699999999965
21
-178.135075999999998
0
LINE
8
BLACK
6
CONTINUOUS
10
70.0827699999999965
20
-178.135075999999998
11
69.9875320000000016
21
-178.2303139999999928
0
LINE
8
BLACK
6
CONTINUOUS
10
69.9875320000000016
20
-178.2303139999999928
11
69.7970559999999978
21
-178.5160280000000057
0
LINE
8
BLACK
6
CONTINUOUS
10
69.7970559999999978
20
-178.5160280000000057
11
69.7018180000000029
21
-178.896979999999985
0
LINE
8
BLACK
6
CONTINUOUS
10
69.7018180000000029
20
-178.896979999999985
11
69.7018180000000029
21
-179.6588849999999979
0
LINE
8
BLACK
6
CONTINUOUS
10
69.7018180000000029
20
-179.6588849999999979
11
69.7970559999999978
21
-179.8493609999999876
0
LINE
8
BLACK
6
CONTINUOUS
10
69.7970559999999978
20
-179.8493609999999876
11
69.8922939999999926
21
-179.9445999999999799
0
LINE
8
BLACK
6
CONTINUOUS
10
69.8922939999999926
20
-179.9445999999999799
11
70.0827699999999965
21
-180.0398380000000031
0
LINE
8
BLACK
6
CONTINUOUS
10
70.0827699999999965
20
-180.0398380000000031
11
70.4637230000000017
21
-180.0398380000000031
0
LINE
8
BLACK
6
CONTINUOUS
10
70.4637230000000017
20
-180.0398380000000031
11
70.6541989999999913
21
-179.9445999999999799
0
LINE
8
BLACK
6
CONTINUOUS
10
70.6541989999999913
20
-179.9445999999999799
11
70.7494370000000004
21
-179.8493609999999876
0
LINE
8
BLACK
6
CONTINUOUS
10
70.7494370000000004
20
-179.8493609999999876
11
70.8446749999999952
21
-179.6588849999999979
0
LINE
8
BLACK
6
CONTINUOUS
10
70.8446749999999952
20
-179.6588849999999979
11
70.8446749999999952
21
-179.1826949999999954
0
LINE
8
BLACK
6
CONTINUOUS
10
70.8446749999999952
20
-179.1826949999999954
11
70.7494370000000004
21
-178.9922190000000057
0
LINE
8
BLACK
6
CONTINUOUS
10
70.7494370000000004
20
-178.9922190000000057
11
70.6541989999999913
21
-178.896979999999985
0
LINE
8
BLACK
6
CONTINUOUS
10
70.6541989999999913
20
-178.896979999999985
11
70.4637230000000017
21
-178.8017419999999902
0
LINE
8
BLACK
6
CONTINUOUS
10
70.4637230000000017
20
-178.8017419999999902
11
70.0827699999999965
21
-178.8017419999999902
0
LINE
8
BLACK
6
CONTINUOUS
10
70.0827699999999965
20
-178.8017419999999902
11
69.8922939999999926
21
-178.896979999999985
0
LINE
8
BLACK
6
CONTINUOUS
10
69.8922939999999926
20
-178.896979999999985
11
69.7970559999999978
21
-178.9922190000000057
0
LINE
8
BLACK
6
CONTINUOUS
10
69.7970559999999978
20
-178.9922190000000057
11
69.7018180000000029
21
-179.1826949999999954
0
LINE
8
BLACK
6
CONTINUOUS
10
72.5589609999999965
20
-178.0398380000000031
11
72.1780079999999913
21
-178.0398380000000031
0
LINE
8
BLACK
6
CONTINUOUS
10
72.1780079999999913
20
-178.0398380000000031
11
71.9875320000000016
21
-178.135075999999998
0
LINE
8
BLACK
6
CONTINUOUS
10
71.9875320000000016
20
-178.135075999999998
11
71.8922939999999926
21
-178.2303139999999928
0
LINE
8
BLACK
6
CONTINUOUS
10
71.8922939999999926
20
-178.2303139999999928
11
71.7018180000000029
21
-178.5160280000000057
0
LINE
8
BLACK
6
CONTINUOUS
10
71.7018180000000029
20
-178.5160280000000057
11
71.6065799999999939
21
-178.896979999999985
0
LINE
8
BLACK
6
CONTINUOUS
10
71.6065799999999939
20
-178.896979999999985
11
71.6065799999999939
21
-179.6588849999999979
0
LINE
8
BLACK
6
CONTINUOUS
10
71.6065799999999939
20
-179.6588849999999979
11
71.7018180000000029
21
-179.8493609999999876
0
LINE
8
BLACK
6
CONTINUOUS
10
71.7018180000000029
20
-179.8493609999999876
11
71.7970559999999978
21
-179.9445999999999799
0
LINE
8
BLACK
6
CONTINUOUS
10
71.7970559999999978
20
-179.9445999999999799
11
71.9875320000000016
21
-180.0398380000000031
0
LINE
8
BLACK
6
CONTINUOUS
10
71.9875320000000016
20
-180.0398380000000031
11
72.3684849999999926
21
-180.0398380000000031
0
LINE
8
BLACK
6
CONTINUOUS
10
72.3684849999999926
20
-180.0398380000000031
11
72.5589609999999965
21
-179.9445999999999799
0
LINE
8
BLACK
6
CONTINUOUS
10
72.5589609999999965
20
-179.9445999999999799
11
72.6541989999999913
21
-179.8493609999999876
0
LINE
8
BLACK
6
CONTINUOUS
10
72.6541989999999913
20
-179.8493609999999876
11
72.7494370000000004
21
-179.6588849999999979
0
LINE
8
BLACK
6
CONTINUOUS
10
72.7494370000000004
20
-179.6588849999999979
11
72.7494370000000004
21
-179.1826949999999954
0
LINE
8
BLACK
6
CONTINUOUS
10
72.7494370000000004
20
-179.1826949999999954
11
72.6541989999999913
21
-178.9922190000000057
0
LINE
8
BLACK
6
CONTINUOUS
10
72.6541989999999913
20
-178.9922190000000057
11
72.5589609999999965
21
-178.896979999999985
0
LINE
8
BLACK
6
CONTINUOUS
10
72.5589609999999965
20
-178.896979999999985
11
72.3684849999999926
21
-178.8017419999999902
0
LINE
8
BLACK
6
CONTINUOUS
10
72.3684849999999926
20
-178.8017419999999902
11
71.9875320000000016
21
-178.8017419999999902
0
LINE
8
BLACK
6
CONTINUOUS
10
71.9875320000000016
20
-178.8017419999999902
11
71.7970559999999978
21
-178.896979999999985
0
LINE
8
BLACK
6
CONTINUOUS
10
71.7970559999999978
20
-178.896979999999985
11
71.7018180000000029
21
-178.9922190000000057
0
LINE
8
BLACK
6
CONTINUOUS
10
71.7018180000000029
20
-178.9922190000000057
11
71.6065799999999939
21
-179.1826949999999954
0
LINE
8
BLACK
6
CONTINUOUS
10
73.5113419999999991
20
-178.0398380000000031
11
73.5113419999999991
21
-178.4207899999999825
0
LINE
8
BLACK
6
CONTINUOUS
10
74.2732469999999978
20
-178.0398380000000031
11
74.2732469999999978
21
-178.4207899999999825
0
LINE
8
BLACK
6
CONTINUOUS
10
77.2256289999999979
20
-180.8017419999999902
11
77.1303899999999913
21
-180.7065039999999954
0
LINE
8
BLACK
6
CONTINUOUS
10
77.1303899999999913
20
-180.7065039999999954
11
76.9399140000000017
21
-180.4207899999999825
0
LINE
8
BLACK
6
CONTINUOUS
10
76.9399140000000017
20
-180.4207899999999825
11
76.8446759999999927
21
-180.2303139999999928
0
LINE
8
BLACK
6
CONTINUOUS
10
76.8446759999999927
20
-180.2303139999999928
11
76.7494379999999978
21
-179.9445999999999799
0
LINE
8
BLACK
6
CONTINUOUS
10
76.7494379999999978
20
-179.9445999999999799
11
76.654200000000003
21
-179.4684089999999799
0
LINE
8
BLACK
6
CONTINUOUS
10
76.654200000000003
20
-179.4684089999999799
11
76.654200000000003
21
-179.0874570000000006
0
LINE
8
BLACK
6
CONTINUOUS
10
76.654200000000003
20
-179.0874570000000006
11
76.7494379999999978
21
-178.6112660000000005
0
LINE
8
BLACK
6
CONTINUOUS
10
76.7494379999999978
20
-178.6112660000000005
11
76.8446759999999927
21
-178.3255519999999876
0
LINE
8
BLACK
6
CONTINUOUS
10
76.8446759999999927
20
-178.3255519999999876
11
76.9399140000000017
21
-178.135075999999998
0
LINE
8
BLACK
6
CONTINUOUS
10
76.9399140000000017
20
-178.135075999999998
11
77.1303899999999913
21
-177.8493609999999876
0
LINE
8
BLACK
6
CONTINUOUS
10
77.1303899999999913
20
-177.8493609999999876
11
77.2256289999999979
21
-177.7541229999999928
0
LINE
8
BLACK
6
CONTINUOUS
10
78.8446759999999927
20
-178.7065039999999954
11
78.8446759999999927
21
-180.0398380000000031
0
LINE
8
BLACK
6
CONTINUOUS
10
78.3684849999999926
20
-177.9445999999999799
11
77.8922949999999901
21
-179.373170999999985
0
LINE
8
BLACK
6
CONTINUOUS
10
77.8922949999999901
20
-179.373170999999985
11
79.1303899999999913
21
-179.373170999999985
0
LINE
8
BLACK
6
CONTINUOUS
10
81.4161050000000017
20
-180.0398380000000031
11
81.4161050000000017
21
-178.0398380000000031
0
LINE
8
BLACK
6
CONTINUOUS
10
82.2732479999999953
20
-180.0398380000000031
11
82.2732479999999953
21
-178.9922190000000057
0
LINE
8
BLACK
6
CONTINUOUS
10
82.2732479999999953
20
-178.9922190000000057
11
82.1780100000000004
21
-178.8017419999999902
0
LINE
8
BLACK
6
CONTINUOUS
10
82.1780100000000004
20
-178.8017419999999902
11
81.9875339999999966
21
-178.7065039999999954
0
LINE
8
BLACK
6
CONTINUOUS
10
81.9875339999999966
20
-178.7065039999999954
11
81.7018190000000004
21
-178.7065039999999954
0
LINE
8
BLACK
6
CONTINUOUS
10
81.7018190000000004
20
-178.7065039999999954
11
81.5113429999999966
21
-178.8017419999999902
0
LINE
8
BLACK
6
CONTINUOUS
10
81.5113429999999966
20
-178.8017419999999902
11
81.4161050000000017
21
-178.896979999999985
0
LINE
8
BLACK
6
CONTINUOUS
10
83.5113429999999966
20
-180.0398380000000031
11
83.3208669999999927
21
-179.9445999999999799
0
LINE
8
BLACK
6
CONTINUOUS
10
83.3208669999999927
20
-179.9445999999999799
11
83.2256289999999979
21
-179.8493609999999876
0
LINE
8
BLACK
6
CONTINUOUS
10
83.2256289999999979
20
-179.8493609999999876
11
83.130391000000003
21
-179.6588849999999979
0
LINE
8
BLACK
6
CONTINUOUS
10
83.130391000000003
20
-179.6588849999999979
11
83.130391000000003
21
-179.0874570000000006
0
LINE
8
BLACK
6
CONTINUOUS
10
83.130391000000003
20
-179.0874570000000006
11
83.2256289999999979
21
-178.896979999999985
0
LINE
8
BLACK
6
CONTINUOUS
10
83.2256289999999979
20
-178.896979999999985
11
83.3208669999999927
21
-178.8017419999999902
0
LINE
8
BLACK
6
CONTINUOUS
10
83.3208669999999927
20
-178.8017419999999902
11
83.5113429999999966
21
-178.7065039999999954
0
LINE
8
BLACK
6
CONTINUOUS
10
83.5113429999999966
20
-178.7065039999999954
11
83.7970579999999927
21
-178.7065039999999954
0
LINE
8
BLACK
6
CONTINUOUS
10
83.7970579999999927
20
-178.7065039999999954
11
83.9875339999999966
21
-178.8017419999999902
0
LINE
8
BLACK
6
CONTINUOUS
10
83.9875339999999966
20
-178.8017419999999902
11
84.0827719999999914
21
-178.896979999999985
0
LINE
8
BLACK
6
CONTINUOUS
10
84.0827719999999914
20
-178.896979999999985
11
84.1780100000000004
21
-179.0874570000000006
0
LINE
8
BLACK
6
CONTINUOUS
10
84.1780100000000004
20
-179.0874570000000006
11
84.1780100000000004
21
-179.6588849999999979
0
LINE
8
BLACK
6
CONTINUOUS
10
84.1780100000000004
20
-179.6588849999999979
11
84.0827719999999914
21
-179.8493609999999876
0
LINE
8
BLACK
6
CONTINUOUS
10
84.0827719999999914
20
-179.8493609999999876
11
83.9875339999999966
21
-179.9445999999999799
0
LINE
8
BLACK
6
CONTINUOUS
10
83.9875339999999966
20
-179.9445999999999799
11
83.7970579999999927
21
-180.0398380000000031
0
LINE
8
BLACK
6
CONTINUOUS
10
83.7970579999999927
20
-180.0398380000000031
11
83.5113429999999966
21
-180.0398380000000031
0
LINE
8
BLACK
6
CONTINUOUS
10
85.3208669999999927
20
-180.0398380000000031
11
85.130391000000003
21
-179.9445999999999799
0
LINE
8
BLACK
6
CONTINUOUS
10
85.130391000000003
20
-179.9445999999999799
11
85.035152999999994
21
-179.7541229999999928
0
LINE
8
BLACK
6
CONTINUOUS
10
85.035152999999994
20
-179.7541229999999928
11
85.035152999999994
21
-178.0398380000000031
0
LINE
8
BLACK
6
CONTINUOUS
10
86.8446769999999901
20
-179.9445999999999799
11
86.6542010000000005
21
-180.0398380000000031
0
LINE
8
BLACK
6
CONTINUOUS
10
86.6542010000000005
20
-180.0398380000000031
11
86.2732479999999953
21
-180.0398380000000031
0
LINE
8
BLACK
6
CONTINUOUS
10
86.2732479999999953
20
-180.0398380000000031
11
86.0827719999999914
21
-179.9445999999999799
0
LINE
8
BLACK
6
CONTINUOUS
10
86.0827719999999914
20
-179.9445999999999799
11
85.9875339999999966
21
-179.7541229999999928
0
LINE
8
BLACK
6
CONTINUOUS
10
85.9875339999999966
20
-179.7541229999999928
11
85.9875339999999966
21
-178.9922190000000057
0
LINE
8
BLACK
6
CONTINUOUS
10
85.9875339999999966
20
-178.9922190000000057
11
86.0827719999999914
21
-178.8017419999999902
0
LINE
8
BLACK
6
CONTINUOUS
10
86.0827719999999914
20
-178.8017419999999902
11
86.2732479999999953
21
-178.7065039999999954
0
LINE
8
BLACK
6
CONTINUOUS
10
86.2732479999999953
20
-178.7065039999999954
11
86.6542010000000005
21
-178.7065039999999954
0
LINE
8
BLACK
6
CONTINUOUS
10
86.6542010000000005
20
-178.7065039999999954
11
86.8446769999999901
21
-178.8017419999999902
0
LINE
8
BLACK
6
CONTINUOUS
10
86.8446769999999901
20
-178.8017419999999902
11
86.9399149999999992
21
-178.9922190000000057
0
LINE
8
BLACK
6
CONTINUOUS
10
86.9399149999999992
20
-178.9922190000000057
11
86.9399149999999992
21
-179.1826949999999954
0
LINE
8
BLACK
6
CONTINUOUS
10
86.9399149999999992
20
-179.1826949999999954
11
85.9875339999999966
21
-179.373170999999985
0
LINE
8
BLACK
6
CONTINUOUS
10
87.7018199999999979
20
-179.9445999999999799
11
87.8922960000000018
21
-180.0398380000000031
0
LINE
8
BLACK
6
CONTINUOUS
10
87.8922960000000018
20
-180.0398380000000031
11
88.2732479999999953
21
-180.0398380000000031
0
LINE
8
BLACK
6
CONTINUOUS
10
88.2732479999999953
20
-180.0398380000000031
11
88.4637249999999966
21
-179.9445999999999799
0
LINE
8
BLACK
6
CONTINUOUS
10
88.4637249999999966
20
-179.9445999999999799
11
88.5589629999999914
21
-179.7541229999999928
0
LINE
8
BLACK
6
CONTINUOUS
10
88.5589629999999914
20
-179.7541229999999928
11
88.5589629999999914
21
-179.6588849999999979
0
LINE
8
BLACK
6
CONTINUOUS
10
88.5589629999999914
20
-179.6588849999999979
11
88.4637249999999966
21
-179.4684089999999799
0
LINE
8
BLACK
6
CONTINUOUS
10
88.4637249999999966
20
-179.4684089999999799
11
88.2732479999999953
21
-179.373170999999985
0
LINE
8
BLACK
6
CONTINUOUS
10
88.2732479999999953
20
-179.373170999999985
11
87.9875339999999966
21
-179.373170999999985
0
LINE
8
BLACK
6
CONTINUOUS
10
87.9875339999999966
20
-179.373170999999985
11
87.7970579999999927
21
-179.2779329999999902
0
LINE
8
BLACK
6
CONTINUOUS
10
87.7970579999999927
20
-179.2779329999999902
11
87.7018199999999979
21
-179.0874570000000006
0
LINE
8
BLACK
6
CONTINUOUS
10
87.7018199999999979
20
-179.0874570000000006
11
87.7018199999999979
21
-178.9922190000000057
0
LINE
8
BLACK
6
CONTINUOUS
10
87.7018199999999979
20
-178.9922190000000057
11
87.7970579999999927
21
-178.8017419999999902
0
LINE
8
BLACK
6
CONTINUOUS
10
87.7970579999999927
20
-178.8017419999999902
11
87.9875339999999966
21
-178.7065039999999954
0
LINE
8
BLACK
6
CONTINUOUS
10
87.9875339999999966
20
-178.7065039999999954
11
88.2732479999999953
21
-178.7065039999999954
0
LINE
8
BLACK
6
CONTINUOUS
10
88.2732479999999953
20
-178.7065039999999954
11
88.4637249999999966
21
-178.8017419999999902
0
LINE
8
BLACK
6
CONTINUOUS
10
89.2256299999999953
20
-180.8017419999999902
11
89.3208679999999902
21
-180.7065039999999954
0
LINE
8
BLACK
6
CONTINUOUS
10
89.3208679999999902
20
-180.7065039999999954
11
89.511343999999994
21
-180.4207899999999825
0
LINE
8
BLACK
6
CONTINUOUS
10
89.511343999999994
20
-180.4207899999999825
11
89.6065819999999889
21
-180.2303139999999928
0
LINE
8
BLACK
6
CONTINUOUS
10
89.6065819999999889
20
-180.2303139999999928
11
89.7018199999999979
21
-179.9445999999999799
0
LINE
8
BLACK
6
CONTINUOUS
10
89.7018199999999979
20
-179.9445999999999799
11
89.7970579999999927
21
-179.4684089999999799
0
LINE
8
BLACK
6
CONTINUOUS
10
89.7970579999999927
20
-179.4684089999999799
11
89.7970579999999927
21
-179.0874570000000006
0
LINE
8
BLACK
6
CONTINUOUS
10
89.7970579999999927
20
-179.0874570000000006
11
89.7018199999999979
21
-178.6112660000000005
0
LINE
8
BLACK
6
CONTINUOUS
10
89.7018199999999979
20
-178.6112660000000005
11
89.6065819999999889
21
-178.3255519999999876
0
LINE
8
BLACK
6
CONTINUOUS
10
89.6065819999999889
20
-178.3255519999999876
11
89.511343999999994
21
-178.135075999999998
0
LINE
8
BLACK
6
CONTINUOUS
10
89.511343999999994
20
-178.135075999999998
11
89.3208679999999902
21
-177.8493609999999876
0
LINE
8
BLACK
6
CONTINUOUS
10
89.3208679999999902
20
-177.8493609999999876
11
89.2256299999999953
21
-177.7541229999999928
0
LINE
8
BLACK
6
CONTINUOUS
10
40.8249999999999957
20
-182.
11
41.4750000000000014
21
-182.6500000000000057
0
LINE
8
BLACK
6
CONTINUOUS
10
41.4750000000000014
20
-182.
11
40.8249999999999957
21
-182.6500000000000057
0
LINE
8
BLACK
6
CONTINUOUS
10
41.1499999999999986
20
-182.
11
41.1499999999999986
21
-182.6500000000000057
0
LINE
8
BLACK
6
CONTINUOUS
10
40.8249999999999957
20
-182.3249999999999886
11
41.4750000000000014
21
-182.3249999999999886
0
LINE
8
BLACK
6
CONTINUOUS
10
44.463719999999995
20
-181.2398379999999918
11
44.6541969999999964
21
-181.2398379999999918
0
LINE
8
BLACK
6
CONTINUOUS
10
44.6541969999999964
20
-181.2398379999999918
11
44.8446730000000002
21
-181.3350759999999866
0
LINE
8
BLACK
6
CONTINUOUS
10
44.8446730000000002
20
-181.3350759999999866
11
44.9399109999999951
21
-181.4303139999999814
0
LINE
8
BLACK
6
CONTINUOUS
10
44.9399109999999951
20
-181.4303139999999814
11
45.035148999999997
21
-181.6207899999999995
0
LINE
8
BLACK
6
CONTINUOUS
10
45.035148999999997
20
-181.6207899999999995
11
45.1303869999999989
21
-182.0017419999999788
0
LINE
8
BLACK
6
CONTINUOUS
10
45.1303869999999989
20
-182.0017419999999788
11
45.1303869999999989
21
-182.4779329999999788
0
LINE
8
BLACK
6
CONTINUOUS
10
45.1303869999999989
20
-182.4779329999999788
11
45.035148999999997
21
-182.8588849999999866
0
LINE
8
BLACK
6
CONTINUOUS
10
45.035148999999997
20
-182.8588849999999866
11
44.9399109999999951
21
-183.0493610000000047
0
LINE
8
BLACK
6
CONTINUOUS
10
44.9399109999999951
20
-183.0493610000000047
11
44.8446730000000002
21
-183.144599999999997
0
LINE
8
BLACK
6
CONTINUOUS
10
44.8446730000000002
20
-183.144599999999997
11
44.6541969999999964
21
-183.2398379999999918
0
LINE
8
BLACK
6
CONTINUOUS
10
44.6541969999999964
20
-183.2398379999999918
11
44.463719999999995
21
-183.2398379999999918
0
LINE
8
BLACK
6
CONTINUOUS
10
44.463719999999995
20
-183.2398379999999918
11
44.2732439999999983
21
-183.144599999999997
0
LINE
8
BLACK
6
CONTINUOUS
10
44.2732439999999983
20
-183.144599999999997
11
44.1780059999999963
21
-183.0493610000000047
0
LINE
8
BLACK
6
CONTINUOUS
10
44.1780059999999963
20
-183.0493610000000047
11
44.0827680000000015
21
-182.8588849999999866
0
LINE
8
BLACK
6
CONTINUOUS
10
44.0827680000000015
20
-182.8588849999999866
11
43.9875299999999996
21
-182.4779329999999788
0
LINE
8
BLACK
6
CONTINUOUS
10
43.9875299999999996
20
-182.4779329999999788
11
43.9875299999999996
21
-182.0017419999999788
0
LINE
8
BLACK
6
CONTINUOUS
10
43.9875299999999996
20
-182.0017419999999788
11
44.0827680000000015
21
-181.6207899999999995
0
LINE
8
BLACK
6
CONTINUOUS
10
44.0827680000000015
20
-181.6207899999999995
11
44.1780059999999963
21
-181.4303139999999814
0
LINE
8
BLACK
6
CONTINUOUS
10
44.1780059999999963
20
-181.4303139999999814
11
44.2732439999999983
21
-181.3350759999999866
0
LINE
8
BLACK
6
CONTINUOUS
10
44.2732439999999983
20
-181.3350759999999866
11
44.463719999999995
21
-181.2398379999999918
0
LINE
8
BLACK
6
CONTINUOUS
10
45.9875299999999996
20
-183.0493610000000047
11
46.0827679999999944
21
-183.144599999999997
0
LINE
8
BLACK
6
CONTINUOUS
10
46.0827679999999944
20
-183.144599999999997
11
45.9875299999999996
21
-183.2398379999999918
0
LINE
8
BLACK
6
CONTINUOUS
10
45.9875299999999996
20
-183.2398379999999918
11
45.8922919999999976
21
-183.144599999999997
0
LINE
8
BLACK
6
CONTINUOUS
10
45.8922919999999976
20
-183.144599999999997
11
45.9875299999999996
21
-183.0493610000000047
0
LINE
8
BLACK
6
CONTINUOUS
10
45.9875299999999996
20
-183.0493610000000047
11
45.9875299999999996
21
-183.2398379999999918
0
LINE
8
BLACK
6
CONTINUOUS
10
47.7970539999999957
20
-181.2398379999999918
11
47.4161009999999976
21
-181.2398379999999918
0
LINE
8
BLACK
6
CONTINUOUS
10
47.4161009999999976
20
-181.2398379999999918
11
47.2256250000000009
21
-181.3350759999999866
0
LINE
8
BLACK
6
CONTINUOUS
10
47.2256250000000009
20
-181.3350759999999866
11
47.1303869999999989
21
-181.4303139999999814
0
LINE
8
BLACK
6
CONTINUOUS
10
47.1303869999999989
20
-181.4303139999999814
11
46.9399109999999951
21
-181.7160279999999943
0
LINE
8
BLACK
6
CONTINUOUS
10
46.9399109999999951
20
-181.7160279999999943
11
46.8446730000000002
21
-182.0969800000000021
0
LINE
8
BLACK
6
CONTINUOUS
10
46.8446730000000002
20
-182.0969800000000021
11
46.8446730000000002
21
-182.8588849999999866
0
LINE
8
BLACK
6
CONTINUOUS
10
46.8446730000000002
20
-182.8588849999999866
11
46.9399109999999951
21
-183.0493610000000047
0
LINE
8
BLACK
6
CONTINUOUS
10
46.9399109999999951
20
-183.0493610000000047
11
47.035148999999997
21
-183.144599999999997
0
LINE
8
BLACK
6
CONTINUOUS
10
47.035148999999997
20
-183.144599999999997
11
47.2256250000000009
21
-183.2398379999999918
0
LINE
8
BLACK
6
CONTINUOUS
10
47.2256250000000009
20
-183.2398379999999918
11
47.606577999999999
21
-183.2398379999999918
0
LINE
8
BLACK
6
CONTINUOUS
10
47.606577999999999
20
-183.2398379999999918
11
47.7970539999999957
21
-183.144599999999997
0
LINE
8
BLACK
6
CONTINUOUS
10
47.7970539999999957
20
-183.144599999999997
11
47.8922919999999976
21
-183.0493610000000047
0
LINE
8
BLACK
6
CONTINUOUS
10
47.8922919999999976
20
-183.0493610000000047
11
47.9875299999999996
21
-182.8588849999999866
0
LINE
8
BLACK
6
CONTINUOUS
10
47.9875299999999996
20
-182.8588849999999866
11
47.9875299999999996
21
-182.382694999999984
0
LINE
8
BLACK
6
CONTINUOUS
10
47.9875299999999996
20
-182.382694999999984
11
47.8922919999999976
21
-182.1922189999999944
0
LINE
8
BLACK
6
CONTINUOUS
10
47.8922919999999976
20
-182.1922189999999944
11
47.7970539999999957
21
-182.0969800000000021
0
LINE
8
BLACK
6
CONTINUOUS
10
47.7970539999999957
20
-182.0969800000000021
11
47.606577999999999
21
-182.0017419999999788
0
LINE
8
BLACK
6
CONTINUOUS
10
47.606577999999999
20
-182.0017419999999788
11
47.2256250000000009
21
-182.0017419999999788
0
LINE
8
BLACK
6
CONTINUOUS
10
47.2256250000000009
20
-182.0017419999999788
11
47.035148999999997
21
-182.0969800000000021
0
LINE
8
BLACK
6
CONTINUOUS
10
47.035148999999997
20
-182.0969800000000021
11
46.9399109999999951
21
-182.1922189999999944
0
LINE
8
BLACK
6
CONTINUOUS
10
46.9399109999999951
20
-182.1922189999999944
11
46.8446730000000002
21
-182.382694999999984
0
LINE
8
BLACK
6
CONTINUOUS
10
49.7970539999999957
20
-181.2398379999999918
11
48.8446730000000002
21
-181.2398379999999918
0
LINE
8
BLACK
6
CONTINUOUS
10
48.8446730000000002
20
-181.2398379999999918
11
48.7494349999999983
21
-182.1922189999999944
0
LINE
8
BLACK
6
CONTINUOUS
10
48.7494349999999983
20
-182.1922189999999944
11
48.8446730000000002
21
-182.0969800000000021
0
LINE
8
BLACK
6
CONTINUOUS
10
48.8446730000000002
20
-182.0969800000000021
11
49.035148999999997
21
-182.0017419999999788
0
LINE
8
BLACK
6
CONTINUOUS
10
49.035148999999997
20
-182.0017419999999788
11
49.511339999999997
21
-182.0017419999999788
0
LINE
8
BLACK
6
CONTINUOUS
10
49.511339999999997
20
-182.0017419999999788
11
49.7018160000000009
21
-182.0969800000000021
0
LINE
8
BLACK
6
CONTINUOUS
10
49.7018160000000009
20
-182.0969800000000021
11
49.7970539999999957
21
-182.1922189999999944
0
LINE
8
BLACK
6
CONTINUOUS
10
49.7970539999999957
20
-182.1922189999999944
11
49.8922919999999976
21
-182.382694999999984
0
LINE
8
BLACK
6
CONTINUOUS
10
49.8922919999999976
20
-182.382694999999984
11
49.8922919999999976
21
-182.8588849999999866
0
LINE
8
BLACK
6
CONTINUOUS
10
49.8922919999999976
20
-182.8588849999999866
11
49.7970539999999957
21
-183.0493610000000047
0
LINE
8
BLACK
6
CONTINUOUS
10
49.7970539999999957
20
-183.0493610000000047
11
49.7018160000000009
21
-183.144599999999997
0
LINE
8
BLACK
6
CONTINUOUS
10
49.7018160000000009
20
-183.144599999999997
11
49.511339999999997
21
-183.2398379999999918
0
LINE
8
BLACK
6
CONTINUOUS
10
49.511339999999997
20
-183.2398379999999918
11
49.035148999999997
21
-183.2398379999999918
0
LINE
8
BLACK
6
CONTINUOUS
10
49.035148999999997
20
-183.2398379999999918
11
48.8446730000000002
21
-183.144599999999997
0
LINE
8
BLACK
6
CONTINUOUS
10
48.8446730000000002
20
-183.144599999999997
11
48.7494349999999983
21
-183.0493610000000047
0
LINE
8
BLACK
6
CONTINUOUS
10
51.1303869999999989
20
-181.2398379999999918
11
51.3208640000000003
21
-181.2398379999999918
0
LINE
8
BLACK
6
CONTINUOUS
10
51.3208640000000003
20
-181.2398379999999918
11
51.511339999999997
21
-181.3350759999999866
0
LINE
8
BLACK
6
CONTINUOUS
10
51.511339999999997
20
-181.3350759999999866
11
51.606577999999999
21
-181.4303139999999814
0
LINE
8
BLACK
6
CONTINUOUS
10
51.606577999999999
20
-181.4303139999999814
11
51.7018160000000009
21
-181.6207899999999995
0
LINE
8
BLACK
6
CONTINUOUS
10
51.7018160000000009
20
-181.6207899999999995
11
51.7970539999999957
21
-182.0017419999999788
0
LINE
8
BLACK
6
CONTINUOUS
10
51.7970539999999957
20
-182.0017419999999788
11
51.7970539999999957
21
-182.4779329999999788
0
LINE
8
BLACK
6
CONTINUOUS
10
51.7970539999999957
20
-182.4779329999999788
11
51.7018160000000009
21
-182.8588849999999866
0
LINE
8
BLACK
6
CONTINUOUS
10
51.7018160000000009
20
-182.8588849999999866
11
51.606577999999999
21
-183.0493610000000047
0
LINE
8
BLACK
6
CONTINUOUS
10
51.606577999999999
20
-183.0493610000000047
11
51.511339999999997
21
-183.144599999999997
0
LINE
8
BLACK
6
CONTINUOUS
10
51.511339999999997
20
-183.144599999999997
11
51.3208640000000003
21
-183.2398379999999918
0
LINE
8
BLACK
6
CONTINUOUS
10
51.3208640000000003
20
-183.2398379999999918
11
51.1303869999999989
21
-183.2398379999999918
0
LINE
8
BLACK
6
CONTINUOUS
10
51.1303869999999989
20
-183.2398379999999918
11
50.9399109999999951
21
-183.144599999999997
0
LINE
8
BLACK
6
CONTINUOUS
10
50.9399109999999951
20
-183.144599999999997
11
50.8446730000000002
21
-183.0493610000000047
0
LINE
8
BLACK
6
CONTINUOUS
10
50.8446730000000002
20
-183.0493610000000047
11
50.7494349999999983
21
-182.8588849999999866
0
LINE
8
BLACK
6
CONTINUOUS
10
50.7494349999999983
20
-182.8588849999999866
11
50.6541969999999964
21
-182.4779329999999788
0
LINE
8
BLACK
6
CONTINUOUS
10
50.6541969999999964
20
-182.4779329999999788
11
50.6541969999999964
21
-182.0017419999999788
0
LINE
8
BLACK
6
CONTINUOUS
10
50.6541969999999964
20
-182.0017419999999788
11
50.7494349999999983
21
-181.6207899999999995
0
LINE
8
BLACK
6
CONTINUOUS
10
50.7494349999999983
20
-181.6207899999999995
11
50.8446730000000002
21
-181.4303139999999814
0
LINE
8
BLACK
6
CONTINUOUS
10
50.8446730000000002
20
-181.4303139999999814
11
50.9399109999999951
21
-181.3350759999999866
0
LINE
8
BLACK
6
CONTINUOUS
10
50.9399109999999951
20
-181.3350759999999866
11
51.1303869999999989
21
-181.2398379999999918
0
LINE
8
BLACK
6
CONTINUOUS
10
52.6541969999999964
20
-183.2398379999999918
11
52.6541969999999964
21
-181.906503999999984
0
LINE
8
BLACK
6
CONTINUOUS
10
52.6541969999999964
20
-182.0969800000000021
11
52.7494349999999983
21
-182.0017419999999788
0
LINE
8
BLACK
6
CONTINUOUS
10
52.7494349999999983
20
-182.0017419999999788
11
52.9399109999999951
21
-181.906503999999984
0
LINE
8
BLACK
6
CONTINUOUS
10
52.9399109999999951
20
-181.906503999999984
11
53.2256259999999983
21
-181.906503999999984
0
LINE
8
BLACK
6
CONTINUOUS
10
53.2256259999999983
20
-181.906503999999984
11
53.4161019999999951
21
-182.0017419999999788
0
LINE
8
BLACK
6
CONTINUOUS
10
53.4161019999999951
20
-182.0017419999999788
11
53.511339999999997
21
-182.1922189999999944
0
LINE
8
BLACK
6
CONTINUOUS
10
53.511339999999997
20
-182.1922189999999944
11
53.511339999999997
21
-183.2398379999999918
0
LINE
8
BLACK
6
CONTINUOUS
10
53.511339999999997
20
-182.1922189999999944
11
53.606577999999999
21
-182.0017419999999788
0
LINE
8
BLACK
6
CONTINUOUS
10
53.606577999999999
20
-182.0017419999999788
11
53.7970539999999957
21
-181.906503999999984
0
LINE
8
BLACK
6
CONTINUOUS
10
53.7970539999999957
20
-181.906503999999984
11
54.0827679999999944
21
-181.906503999999984
0
LINE
8
BLACK
6
CONTINUOUS
10
54.0827679999999944
20
-181.906503999999984
11
54.2732449999999957
21
-182.0017419999999788
0
LINE
8
BLACK
6
CONTINUOUS
10
54.2732449999999957
20
-182.0017419999999788
11
54.3684829999999977
21
-182.1922189999999944
0
LINE
8
BLACK
6
CONTINUOUS
10
54.3684829999999977
20
-182.1922189999999944
11
54.3684829999999977
21
-183.2398379999999918
0
LINE
8
BLACK
6
CONTINUOUS
10
55.3208640000000003
20
-183.2398379999999918
11
55.3208640000000003
21
-181.906503999999984
0
LINE
8
BLACK
6
CONTINUOUS
10
55.3208640000000003
20
-182.0969800000000021
11
55.4161019999999951
21
-182.0017419999999788
0
LINE
8
BLACK
6
CONTINUOUS
10
55.4161019999999951
20
-182.0017419999999788
11
55.606577999999999
21
-181.906503999999984
0
LINE
8
BLACK
6
CONTINUOUS
10
55.606577999999999
20
-181.906503999999984
11
55.8922929999999951
21
-181.906503999999984
0
LINE
8
BLACK
6
CONTINUOUS
10
55.8922929999999951
20
-181.906503999999984
11
56.082768999999999
21
-182.0017419999999788
0
LINE
8
BLACK
6
CONTINUOUS
10
56.082768999999999
20
-182.0017419999999788
11
56.1780070000000009
21
-182.1922189999999944
0
LINE
8
BLACK
6
CONTINUOUS
10
56.1780070000000009
20
-182.1922189999999944
11
56.1780070000000009
21
-183.2398379999999918
0
LINE
8
BLACK
6
CONTINUOUS
10
56.1780070000000009
20
-182.1922189999999944
11
56.2732449999999957
21
-182.0017419999999788
0
LINE
8
BLACK
6
CONTINUOUS
10
56.2732449999999957
20
-182.0017419999999788
11
56.4637209999999996
21
-181.906503999999984
0
LINE
8
BLACK
6
CONTINUOUS
10
56.4637209999999996
20
-181.906503999999984
11
56.7494349999999983
21
-181.906503999999984
0
LINE
8
BLACK
6
CONTINUOUS
10
56.7494349999999983
20
-181.906503999999984
11
56.9399119999999996
21
-182.0017419999999788
0
LINE
8
BLACK
6
CONTINUOUS
10
56.9399119999999996
20
-182.0017419999999788
11
57.0351499999999945
21
-182.1922189999999944
0
LINE
8
BLACK
6
CONTINUOUS
10
57.0351499999999945
20
-182.1922189999999944
11
57.0351499999999945
21
-183.2398379999999918
0
LINE
8
BLACK
6
CONTINUOUS
10
60.9399119999999996
20
-181.144599999999997
11
59.2256269999999958
21
-183.7160279999999943
0
LINE
8
BLACK
6
CONTINUOUS
10
63.5113409999999945
20
-181.2398379999999918
11
63.7018179999999958
21
-181.2398379999999918
0
LINE
8
BLACK
6
CONTINUOUS
10
63.7018179999999958
20
-181.2398379999999918
11
63.8922939999999997
21
-181.3350759999999866
0
LINE
8
BLACK
6
CONTINUOUS
10
63.8922939999999997
20
-181.3350759999999866
11
63.9875319999999945
21
-181.4303139999999814
0
LINE
8
BLACK
6
CONTINUOUS
10
63.9875319999999945
20
-181.4303139999999814
11
64.0827699999999965
21
-181.6207899999999995
0
LINE
8
BLACK
6
CONTINUOUS
10
64.0827699999999965
20
-181.6207899999999995
11
64.1780079999999913
21
-182.0017419999999788
0
LINE
8
BLACK
6
CONTINUOUS
10
64.1780079999999913
20
-182.0017419999999788
11
64.1780079999999913
21
-182.4779329999999788
0
LINE
8
BLACK
6
CONTINUOUS
10
64.1780079999999913
20
-182.4779329999999788
11
64.0827699999999965
21
-182.8588849999999866
0
LINE
8
BLACK
6
CONTINUOUS
10
64.0827699999999965
20
-182.8588849999999866
11
63.9875319999999945
21
-183.0493610000000047
0
LINE
8
BLACK
6
CONTINUOUS
10
63.9875319999999945
20
-183.0493610000000047
11
63.8922939999999997
21
-183.144599999999997
0
LINE
8
BLACK
6
CONTINUOUS
10
63.8922939999999997
20
-183.144599999999997
11
63.7018179999999958
21
-183.2398379999999918
0
LINE
8
BLACK
6
CONTINUOUS
10
63.7018179999999958
20
-183.2398379999999918
11
63.5113409999999945
21
-183.2398379999999918
0
LINE
8
BLACK
6
CONTINUOUS
10
63.5113409999999945
20
-183.2398379999999918
11
63.3208649999999977
21
-183.144599999999997
0
LINE
8
BLACK
6
CONTINUOUS
10
63.3208649999999977
20
-183.144599999999997
11
63.2256269999999958
21
-183.0493610000000047
0
LINE
8
BLACK
6
CONTINUOUS
10
63.2256269999999958
20
-183.0493610000000047
11
63.1303889999999939
21
-182.8588849999999866
0
LINE
8
BLACK
6
CONTINUOUS
10
63.1303889999999939
20
-182.8588849999999866
11
63.035150999999999
21
-182.4779329999999788
0
LINE
8
BLACK
6
CONTINUOUS
10
63.035150999999999
20
-182.4779329999999788
11
63.035150999999999
21
-182.0017419999999788
0
LINE
8
BLACK
6
CONTINUOUS
10
63.035150999999999
20
-182.0017419999999788
11
63.1303889999999939
21
-181.6207899999999995
0
LINE
8
BLACK
6
CONTINUOUS
10
63.1303889999999939
20
-181.6207899999999995
11
63.2256269999999958
21
-181.4303139999999814
0
LINE
8
BLACK
6
CONTINUOUS
10
63.2256269999999958
20
-181.4303139999999814
11
63.3208649999999977
21
-181.3350759999999866
0
LINE
8
BLACK
6
CONTINUOUS
10
63.3208649999999977
20
-181.3350759999999866
11
63.5113409999999945
21
-181.2398379999999918
0
LINE
8
BLACK
6
CONTINUOUS
10
65.035150999999999
20
-183.0493610000000047
11
65.1303889999999939
21
-183.144599999999997
0
LINE
8
BLACK
6
CONTINUOUS
10
65.1303889999999939
20
-183.144599999999997
11
65.035150999999999
21
-183.2398379999999918
0
LINE
8
BLACK
6
CONTINUOUS
10
65.035150999999999
20
-183.2398379999999918
11
64.93991299999999
21
-183.144599999999997
0
LINE
8
BLACK
6
CONTINUOUS
10
64.93991299999999
20
-183.144599999999997
11
65.035150999999999
21
-183.0493610000000047
0
LINE
8
BLACK
6
CONTINUOUS
10
65.035150999999999
20
-183.0493610000000047
11
65.035150999999999
21
-183.2398379999999918
0
LINE
8
BLACK
6
CONTINUOUS
10
66.3684839999999951
20
-181.2398379999999918
11
66.5589609999999965
21
-181.2398379999999918
0
LINE
8
BLACK
6
CONTINUOUS
10
66.5589609999999965
20
-181.2398379999999918
11
66.7494370000000004
21
-181.3350759999999866
0
LINE
8
BLACK
6
CONTINUOUS
10
66.7494370000000004
20
-181.3350759999999866
11
66.8446749999999952
21
-181.4303139999999814
0
LINE
8
BLACK
6
CONTINUOUS
10
66.8446749999999952
20
-181.4303139999999814
11
66.93991299999999
21
-181.6207899999999995
0
LINE
8
BLACK
6
CONTINUOUS
10
66.93991299999999
20
-181.6207899999999995
11
67.035150999999999
21
-182.0017419999999788
0
LINE
8
BLACK
6
CONTINUOUS
10
67.035150999999999
20
-182.0017419999999788
11
67.035150999999999
21
-182.4779329999999788
0
LINE
8
BLACK
6
CONTINUOUS
10
67.035150999999999
20
-182.4779329999999788
11
66.93991299999999
21
-182.8588849999999866
0
LINE
8
BLACK
6
CONTINUOUS
10
66.93991299999999
20
-182.8588849999999866
11
66.8446749999999952
21
-183.0493610000000047
0
LINE
8
BLACK
6
CONTINUOUS
10
66.8446749999999952
20
-183.0493610000000047
11
66.7494370000000004
21
-183.144599999999997
0
LINE
8
BLACK
6
CONTINUOUS
10
66.7494370000000004
20
-183.144599999999997
11
66.5589609999999965
21
-183.2398379999999918
0
LINE
8
BLACK
6
CONTINUOUS
10
66.5589609999999965
20
-183.2398379999999918
11
66.3684839999999951
21
-183.2398379999999918
0
LINE
8
BLACK
6
CONTINUOUS
10
66.3684839999999951
20
-183.2398379999999918
11
66.1780079999999913
21
-183.144599999999997
0
LINE
8
BLACK
6
CONTINUOUS
10
66.1780079999999913
20
-183.144599999999997
11
66.0827699999999965
21
-183.0493610000000047
0
LINE
8
BLACK
6
CONTINUOUS
10
66.0827699999999965
20
-183.0493610000000047
11
65.9875320000000016
21
-182.8588849999999866
0
LINE
8
BLACK
6
CONTINUOUS
10
65.9875320000000016
20
-182.8588849999999866
11
65.8922939999999926
21
-182.4779329999999788
0
LINE
8
BLACK
6
CONTINUOUS
10
65.8922939999999926
20
-182.4779329999999788
11
65.8922939999999926
21
-182.0017419999999788
0
LINE
8
BLACK
6
CONTINUOUS
10
65.8922939999999926
20
-182.0017419999999788
11
65.9875320000000016
21
-181.6207899999999995
0
LINE
8
BLACK
6
CONTINUOUS
10
65.9875320000000016
20
-181.6207899999999995
11
66.0827699999999965
21
-181.4303139999999814
0
LINE
8
BLACK
6
CONTINUOUS
10
66.0827699999999965
20
-181.4303139999999814
11
66.1780079999999913
21
-181.3350759999999866
0
LINE
8
BLACK
6
CONTINUOUS
10
66.1780079999999913
20
-181.3350759999999866
11
66.3684839999999951
21
-181.2398379999999918
0
LINE
8
BLACK
6
CONTINUOUS
10
67.7970559999999978
20
-181.4303139999999814
11
67.8922939999999926
21
-181.3350759999999866
0
LINE
8
BLACK
6
CONTINUOUS
10
67.8922939999999926
20
-181.3350759999999866
11
68.0827699999999965
21
-181.2398379999999918
0
LINE
8
BLACK
6
CONTINUOUS
10
68.0827699999999965
20
-181.2398379999999918
11
68.5589609999999965
21
-181.2398379999999918
0
LINE
8
BLACK
6
CONTINUOUS
10
68.5589609999999965
20
-181.2398379999999918
11
68.7494370000000004
21
-181.3350759999999866
0
LINE
8
BLACK
6
CONTINUOUS
10
68.7494370000000004
20
-181.3350759999999866
11
68.8446749999999952
21
-181.4303139999999814
0
LINE
8
BLACK
6
CONTINUOUS
10
68.8446749999999952
20
-181.4303139999999814
11
68.93991299999999
21
-181.6207899999999995
0
LINE
8
BLACK
6
CONTINUOUS
10
68.93991299999999
20
-181.6207899999999995
11
68.93991299999999
21
-181.8112659999999892
0
LINE
8
BLACK
6
CONTINUOUS
10
68.93991299999999
20
-181.8112659999999892
11
68.8446749999999952
21
-182.0969800000000021
0
LINE
8
BLACK
6
CONTINUOUS
10
68.8446749999999952
20
-182.0969800000000021
11
67.7018180000000029
21
-183.2398379999999918
0
LINE
8
BLACK
6
CONTINUOUS
10
67.7018180000000029
20
-183.2398379999999918
11
68.93991299999999
21
-183.2398379999999918
0
LINE
8
BLACK
6
CONTINUOUS
10
70.7494370000000004
20
-181.2398379999999918
11
69.7970559999999978
21
-181.2398379999999918
0
LINE
8
BLACK
6
CONTINUOUS
10
69.7970559999999978
20
-181.2398379999999918
11
69.7018180000000029
21
-182.1922189999999944
0
LINE
8
BLACK
6
CONTINUOUS
10
69.7018180000000029
20
-182.1922189999999944
11
69.7970559999999978
21
-182.0969800000000021
0
LINE
8
BLACK
6
CONTINUOUS
10
69.7970559999999978
20
-182.0969800000000021
11
69.9875320000000016
21
-182.0017419999999788
0
LINE
8
BLACK
6
CONTINUOUS
10
69.9875320000000016
20
-182.0017419999999788
11
70.4637230000000017
21
-182.0017419999999788
0
LINE
8
BLACK
6
CONTINUOUS
10
70.4637230000000017
20
-182.0017419999999788
11
70.6541989999999913
21
-182.0969800000000021
0
LINE
8
BLACK
6
CONTINUOUS
10
70.6541989999999913
20
-182.0969800000000021
11
70.7494370000000004
21
-182.1922189999999944
0
LINE
8
BLACK
6
CONTINUOUS
10
70.7494370000000004
20
-182.1922189999999944
11
70.8446749999999952
21
-182.382694999999984
0
LINE
8
BLACK
6
CONTINUOUS
10
70.8446749999999952
20
-182.382694999999984
11
70.8446749999999952
21
-182.8588849999999866
0
LINE
8
BLACK
6
CONTINUOUS
10
70.8446749999999952
20
-182.8588849999999866
11
70.7494370000000004
21
-183.0493610000000047
0
LINE
8
BLACK
6
CONTINUOUS
10
70.7494370000000004
20
-183.0493610000000047
11
70.6541989999999913
21
-183.144599999999997
0
LINE
8
BLACK
6
CONTINUOUS
10
70.6541989999999913
20
-183.144599999999997
11
70.4637230000000017
21
-183.2398379999999918
0
LINE
8
BLACK
6
CONTINUOUS
10
70.4637230000000017
20
-183.2398379999999918
11
69.9875320000000016
21
-183.2398379999999918
0
LINE
8
BLACK
6
CONTINUOUS
10
69.9875320000000016
20
-183.2398379999999918
11
69.7970559999999978
21
-183.144599999999997
0
LINE
8
BLACK
6
CONTINUOUS
10
69.7970559999999978
20
-183.144599999999997
11
69.7018180000000029
21
-183.0493610000000047
0
LINE
8
BLACK
6
CONTINUOUS
10
72.5589609999999965
20
-181.2398379999999918
11
72.1780079999999913
21
-181.2398379999999918
0
LINE
8
BLACK
6
CONTINUOUS
10
72.1780079999999913
20
-181.2398379999999918
11
71.9875320000000016
21
-181.3350759999999866
0
LINE
8
BLACK
6
CONTINUOUS
10
71.9875320000000016
20
-181.3350759999999866
11
71.8922939999999926
21
-181.4303139999999814
0
LINE
8
BLACK
6
CONTINUOUS
10
71.8922939999999926
20
-181.4303139999999814
11
71.7018180000000029
21
-181.7160279999999943
0
LINE
8
BLACK
6
CONTINUOUS
10
71.7018180000000029
20
-181.7160279999999943
11
71.6065799999999939
21
-182.0969800000000021
0
LINE
8
BLACK
6
CONTINUOUS
10
71.6065799999999939
20
-182.0969800000000021
11
71.6065799999999939
21
-182.8588849999999866
0
LINE
8
BLACK
6
CONTINUOUS
10
71.6065799999999939
20
-182.8588849999999866
11
71.7018180000000029
21
-183.0493610000000047
0
LINE
8
BLACK
6
CONTINUOUS
10
71.7018180000000029
20
-183.0493610000000047
11
71.7970559999999978
21
-183.144599999999997
0
LINE
8
BLACK
6
CONTINUOUS
10
71.7970559999999978
20
-183.144599999999997
11
71.9875320000000016
21
-183.2398379999999918
0
LINE
8
BLACK
6
CONTINUOUS
10
71.9875320000000016
20
-183.2398379999999918
11
72.3684849999999926
21
-183.2398379999999918
0
LINE
8
BLACK
6
CONTINUOUS
10
72.3684849999999926
20
-183.2398379999999918
11
72.5589609999999965
21
-183.144599999999997
0
LINE
8
BLACK
6
CONTINUOUS
10
72.5589609999999965
20
-183.144599999999997
11
72.6541989999999913
21
-183.0493610000000047
0
LINE
8
BLACK
6
CONTINUOUS
10
72.6541989999999913
20
-183.0493610000000047
11
72.7494370000000004
21
-182.8588849999999866
0
LINE
8
BLACK
6
CONTINUOUS
10
72.7494370000000004
20
-182.8588849999999866
11
72.7494370000000004
21
-182.382694999999984
0
LINE
8
BLACK
6
CONTINUOUS
10
72.7494370000000004
20
-182.382694999999984
11
72.6541989999999913
21
-182.1922189999999944
0
LINE
8
BLACK
6
CONTINUOUS
10
72.6541989999999913
20
-182.1922189999999944
11
72.5589609999999965
21
-182.0969800000000021
0
LINE
8
BLACK
6
CONTINUOUS
10
72.5589609999999965
20
-182.0969800000000021
11
72.3684849999999926
21
-182.0017419999999788
0
LINE
8
BLACK
6
CONTINUOUS
10
72.3684849999999926
20
-182.0017419999999788
11
71.9875320000000016
21
-182.0017419999999788
0
LINE
8
BLACK
6
CONTINUOUS
10
71.9875320000000016
20
-182.0017419999999788
11
71.7970559999999978
21
-182.0969800000000021
0
LINE
8
BLACK
6
CONTINUOUS
10
71.7970559999999978
20
-182.0969800000000021
11
71.7018180000000029
21
-182.1922189999999944
0
LINE
8
BLACK
6
CONTINUOUS
10
71.7018180000000029
20
-182.1922189999999944
11
71.6065799999999939
21
-182.382694999999984
0
LINE
8
BLACK
6
CONTINUOUS
10
73.5113419999999991
20
-181.2398379999999918
11
73.5113419999999991
21
-181.6207899999999995
0
LINE
8
BLACK
6
CONTINUOUS
10
74.2732469999999978
20
-181.2398379999999918
11
74.2732469999999978
21
-181.6207899999999995
0
LINE
8
BLACK
6
CONTINUOUS
10
77.2256289999999979
20
-184.0017419999999788
11
77.1303899999999913
21
-183.906503999999984
0
LINE
8
BLACK
6
CONTINUOUS
10
77.1303899999999913
20
-183.906503999999984
11
76.9399140000000017
21
-183.6207899999999995
0
LINE
8
BLACK
6
CONTINUOUS
10
76.9399140000000017
20
-183.6207899999999995
11
76.8446759999999927
21
-183.4303139999999814
0
LINE
8
BLACK
6
CONTINUOUS
10
76.8446759999999927
20
-183.4303139999999814
11
76.7494379999999978
21
-183.144599999999997
0
LINE
8
BLACK
6
CONTINUOUS
10
76.7494379999999978
20
-183.144599999999997
11
76.654200000000003
21
-182.6684089999999969
0
LINE
8
BLACK
6
CONTINUOUS
10
76.654200000000003
20
-182.6684089999999969
11
76.654200000000003
21
-182.2874569999999892
0
LINE
8
BLACK
6
CONTINUOUS
10
76.654200000000003
20
-182.2874569999999892
11
76.7494379999999978
21
-181.8112659999999892
0
LINE
8
BLACK
6
CONTINUOUS
10
76.7494379999999978
20
-181.8112659999999892
11
76.8446759999999927
21
-181.5255520000000047
0
LINE
8
BLACK
6
CONTINUOUS
10
76.8446759999999927
20
-181.5255520000000047
11
76.9399140000000017
21
-181.3350759999999866
0
LINE
8
BLACK
6
CONTINUOUS
10
76.9399140000000017
20
-181.3350759999999866
11
77.1303899999999913
21
-181.0493610000000047
0
LINE
8
BLACK
6
CONTINUOUS
10
77.1303899999999913
20
-181.0493610000000047
11
77.2256289999999979
21
-180.9541229999999814
0
LINE
8
BLACK
6
CONTINUOUS
10
77.8922949999999901
20
-181.4303139999999814
11
77.9875329999999991
21
-181.3350759999999866
0
LINE
8
BLACK
6
CONTINUOUS
10
77.9875329999999991
20
-181.3350759999999866
11
78.178009000000003
21
-181.2398379999999918
0
LINE
8
BLACK
6
CONTINUOUS
10
78.178009000000003
20
-181.2398379999999918
11
78.654200000000003
21
-181.2398379999999918
0
LINE
8
BLACK
6
CONTINUOUS
10
78.654200000000003
20
-181.2398379999999918
11
78.8446759999999927
21
-181.3350759999999866
0
LINE
8
BLACK
6
CONTINUOUS
10
78.8446759999999927
20
-181.3350759999999866
11
78.9399140000000017
21
-181.4303139999999814
0
LINE
8
BLACK
6
CONTINUOUS
10
78.9399140000000017
20
-181.4303139999999814
11
79.0351519999999965
21
-181.6207899999999995
0
LINE
8
BLACK
6
CONTINUOUS
10
79.0351519999999965
20
-181.6207899999999995
11
79.0351519999999965
21
-181.8112659999999892
0
LINE
8
BLACK
6
CONTINUOUS
10
79.0351519999999965
20
-181.8112659999999892
11
78.9399140000000017
21
-182.0969800000000021
0
LINE
8
BLACK
6
CONTINUOUS
10
78.9399140000000017
20
-182.0969800000000021
11
77.7970569999999952
21
-183.2398379999999918
0
LINE
8
BLACK
6
CONTINUOUS
10
77.7970569999999952
20
-183.2398379999999918
11
79.0351519999999965
21
-183.2398379999999918
0
LINE
8
BLACK
6
CONTINUOUS
10
81.4161050000000017
20
-183.2398379999999918
11
81.4161050000000017
21
-181.2398379999999918
0
LINE
8
BLACK
6
CONTINUOUS
10
82.2732479999999953
20
-183.2398379999999918
11
82.2732479999999953
21
-182.1922189999999944
0
LINE
8
BLACK
6
CONTINUOUS
10
82.2732479999999953
20
-182.1922189999999944
11
82.1780100000000004
21
-182.0017419999999788
0
LINE
8
BLACK
6
CONTINUOUS
10
82.1780100000000004
20
-182.0017419999999788
11
81.9875339999999966
21
-181.906503999999984
0
LINE
8
BLACK
6
CONTINUOUS
10
81.9875339999999966
20
-181.906503999999984
11
81.7018190000000004
21
-181.906503999999984
0
LINE
8
BLACK
6
CONTINUOUS
10
81.7018190000000004
20
-181.906503999999984
11
81.5113429999999966
21
-182.0017419999999788
0
LINE
8
BLACK
6
CONTINUOUS
10
81.5113429999999966
20
-182.0017419999999788
11
81.4161050000000017
21
-182.0969800000000021
0
LINE
8
BLACK
6
CONTINUOUS
10
83.5113429999999966
20
-183.2398379999999918
11
83.3208669999999927
21
-183.144599999999997
0
LINE
8
BLACK
6
CONTINUOUS
10
83.3208669999999927
20
-183.144599999999997
11
83.2256289999999979
21
-183.0493610000000047
0
LINE
8
BLACK
6
CONTINUOUS
10
83.2256289999999979
20
-183.0493610000000047
11
83.130391000000003
21
-182.8588849999999866
0
LINE
8
BLACK
6
CONTINUOUS
10
83.130391000000003
20
-182.8588849999999866
11
83.130391000000003
21
-182.2874569999999892
0
LINE
8
BLACK
6
CONTINUOUS
10
83.130391000000003
20
-182.2874569999999892
11
83.2256289999999979
21
-182.0969800000000021
0
LINE
8
BLACK
6
CONTINUOUS
10
83.2256289999999979
20
-182.0969800000000021
11
83.3208669999999927
21
-182.0017419999999788
0
LINE
8
BLACK
6
CONTINUOUS
10
83.3208669999999927
20
-182.0017419999999788
11
83.5113429999999966
21
-181.906503999999984
0
LINE
8
BLACK
6
CONTINUOUS
10
83.5113429999999966
20
-181.906503999999984
11
83.7970579999999927
21
-181.906503999999984
0
LINE
8
BLACK
6
CONTINUOUS
10
83.7970579999999927
20
-181.906503999999984
11
83.9875339999999966
21
-182.0017419999999788
0
LINE
8
BLACK
6
CONTINUOUS
10
83.9875339999999966
20
-182.0017419999999788
11
84.0827719999999914
21
-182.0969800000000021
0
LINE
8
BLACK
6
CONTINUOUS
10
84.0827719999999914
20
-182.0969800000000021
11
84.1780100000000004
21
-182.2874569999999892
0
LINE
8
BLACK
6
CONTINUOUS
10
84.1780100000000004
20
-182.2874569999999892
11
84.1780100000000004
21
-182.8588849999999866
0
LINE
8
BLACK
6
CONTINUOUS
10
84.1780100000000004
20
-182.8588849999999866
11
84.0827719999999914
21
-183.0493610000000047
0
LINE
8
BLACK
6
CONTINUOUS
10
84.0827719999999914
20
-183.0493610000000047
11
83.9875339999999966
21
-183.144599999999997
0
LINE
8
BLACK
6
CONTINUOUS
10
83.9875339999999966
20
-183.144599999999997
11
83.7970579999999927
21
-183.2398379999999918
0
LINE
8
BLACK
6
CONTINUOUS
10
83.7970579999999927
20
-183.2398379999999918
11
83.5113429999999966
21
-183.2398379999999918
0
LINE
8
BLACK
6
CONTINUOUS
10
85.3208669999999927
20
-183.2398379999999918
11
85.130391000000003
21
-183.144599999999997
0
LINE
8
BLACK
6
CONTINUOUS
10
85.130391000000003
20
-183.144599999999997
11
85.035152999999994
21
-182.9541229999999814
0
LINE
8
BLACK
6
CONTINUOUS
10
85.035152999999994
20
-182.9541229999999814
11
85.035152999999994
21
-181.2398379999999918
0
LINE
8
BLACK
6
CONTINUOUS
10
86.8446769999999901
20
-183.144599999999997
11
86.6542010000000005
21
-183.2398379999999918
0
LINE
8
BLACK
6
CONTINUOUS
10
86.6542010000000005
20
-183.2398379999999918
11
86.2732479999999953
21
-183.2398379999999918
0
LINE
8
BLACK
6
CONTINUOUS
10
86.2732479999999953
20
-183.2398379999999918
11
86.0827719999999914
21
-183.144599999999997
0
LINE
8
BLACK
6
CONTINUOUS
10
86.0827719999999914
20
-183.144599999999997
11
85.9875339999999966
21
-182.9541229999999814
0
LINE
8
BLACK
6
CONTINUOUS
10
85.9875339999999966
20
-182.9541229999999814
11
85.9875339999999966
21
-182.1922189999999944
0
LINE
8
BLACK
6
CONTINUOUS
10
85.9875339999999966
20
-182.1922189999999944
11
86.0827719999999914
21
-182.0017419999999788
0
LINE
8
BLACK
6
CONTINUOUS
10
86.0827719999999914
20
-182.0017419999999788
11
86.2732479999999953
21
-181.906503999999984
0
LINE
8
BLACK
6
CONTINUOUS
10
86.2732479999999953
20
-181.906503999999984
11
86.6542010000000005
21
-181.906503999999984
0
LINE
8
BLACK
6
CONTINUOUS
10
86.6542010000000005
20
-181.906503999999984
11
86.8446769999999901
21
-182.0017419999999788
0
LINE
8
BLACK
6
CONTINUOUS
10
86.8446769999999901
20
-182.0017419999999788
11
86.9399149999999992
21
-182.1922189999999944
0
LINE
8
BLACK
6
CONTINUOUS
10
86.9399149999999992
20
-182.1922189999999944
11
86.9399149999999992
21
-182.382694999999984
0
LINE
8
BLACK
6
CONTINUOUS
10
86.9399149999999992
20
-182.382694999999984
11
85.9875339999999966
21
-182.5731710000000021
0
LINE
8
BLACK
6
CONTINUOUS
10
87.7018199999999979
20
-183.144599999999997
11
87.8922960000000018
21
-183.2398379999999918
0
LINE
8
BLACK
6
CONTINUOUS
10
87.8922960000000018
20
-183.2398379999999918
11
88.2732479999999953
21
-183.2398379999999918
0
LINE
8
BLACK
6
CONTINUOUS
10
88.2732479999999953
20
-183.2398379999999918
11
88.4637249999999966
21
-183.144599999999997
0
LINE
8
BLACK
6
CONTINUOUS
10
88.4637249999999966
20
-183.144599999999997
11
88.5589629999999914
21
-182.9541229999999814
0
LINE
8
BLACK
6
CONTINUOUS
10
88.5589629999999914
20
-182.9541229999999814
11
88.5589629999999914
21
-182.8588849999999866
0
LINE
8
BLACK
6
CONTINUOUS
10
88.5589629999999914
20
-182.8588849999999866
11
88.4637249999999966
21
-182.6684089999999969
0
LINE
8
BLACK
6
CONTINUOUS
10
88.4637249999999966
20
-182.6684089999999969
11
88.2732479999999953
21
-182.5731710000000021
0
LINE
8
BLACK
6
CONTINUOUS
10
88.2732479999999953
20
-182.5731710000000021
11
87.9875339999999966
21
-182.5731710000000021
0
LINE
8
BLACK
6
CONTINUOUS
10
87.9875339999999966
20
-182.5731710000000021
11
87.7970579999999927
21
-182.4779329999999788
0
LINE
8
BLACK
6
CONTINUOUS
10
87.7970579999999927
20
-182.4779329999999788
11
87.7018199999999979
21
-182.2874569999999892
0
LINE
8
BLACK
6
CONTINUOUS
10
87.7018199999999979
20
-182.2874569999999892
11
87.7018199999999979
21
-182.1922189999999944
0
LINE
8
BLACK
6
CONTINUOUS
10
87.7018199999999979
20
-182.1922189999999944
11
87.7970579999999927
21
-182.0017419999999788
0
LINE
8
BLACK
6
CONTINUOUS
10
87.7970579999999927
20
-182.0017419999999788
11
87.9875339999999966
21
-181.906503999999984
0
LINE
8
BLACK
6
CONTINUOUS
10
87.9875339999999966
20
-181.906503999999984
11
88.2732479999999953
21
-181.906503999999984
0
LINE
8
BLACK
6
CONTINUOUS
10
88.2732479999999953
20
-181.906503999999984
11
88.4637249999999966
21
-182.0017419999999788
0
LINE
8
BLACK
6
CONTINUOUS
10
89.2256299999999953
20
-184.0017419999999788
11
89.3208679999999902
21
-183.906503999999984
0
LINE
8
BLACK
6
CONTINUOUS
10
89.3208679999999902
20
-183.906503999999984
11
89.511343999999994
21
-183.6207899999999995
0
LINE
8
BLACK
6
CONTINUOUS
10
89.511343999999994
20
-183.6207899999999995
11
89.6065819999999889
21
-183.4303139999999814
0
LINE
8
BLACK
6
CONTINUOUS
10
89.6065819999999889
20
-183.4303139999999814
11
89.7018199999999979
21
-183.144599999999997
0
LINE
8
BLACK
6
CONTINUOUS
10
89.7018199999999979
20
-183.144599999999997
11
89.7970579999999927
21
-182.6684089999999969
0
LINE
8
BLACK
6
CONTINUOUS
10
89.7970579999999927
20
-182.6684089999999969
11
89.7970579999999927
21
-182.2874569999999892
0
LINE
8
BLACK
6
CONTINUOUS
10
89.7970579999999927
20
-182.2874569999999892
11
89.7018199999999979
21
-181.8112659999999892
0
LINE
8
BLACK
6
CONTINUOUS
10
89.7018199999999979
20
-181.8112659999999892
11
89.6065819999999889
21
-181.5255520000000047
0
LINE
8
BLACK
6
CONTINUOUS
10
89.6065819999999889
20
-181.5255520000000047
11
89.511343999999994
21
-181.3350759999999866
0
LINE
8
BLACK
6
CONTINUOUS
10
89.511343999999994
20
-181.3350759999999866
11
89.3208679999999902
21
-181.0493610000000047
0
LINE
8
BLACK
6
CONTINUOUS
10
89.3208679999999902
20
-181.0493610000000047
11
89.2256299999999953
21
-180.9541229999999814
0
LINE
8
BLACK
6
CONTINUOUS
10
92.8446780000000018
20
-184.0017419999999788
11
92.7494389999999953
21
-183.906503999999984
0
LINE
8
BLACK
6
CONTINUOUS
10
92.7494389999999953
20
-183.906503999999984
11
92.5589629999999914
21
-183.6207899999999995
0
LINE
8
BLACK
6
CONTINUOUS
10
92.5589629999999914
20
-183.6207899999999995
11
92.4637249999999966
21
-183.4303139999999814
0
LINE
8
BLACK
6
CONTINUOUS
10
92.4637249999999966
20
-183.4303139999999814
11
92.3684870000000018
21
-183.144599999999997
0
LINE
8
BLACK
6
CONTINUOUS
10
92.3684870000000018
20
-183.144599999999997
11
92.2732489999999927
21
-182.6684089999999969
0
LINE
8
BLACK
6
CONTINUOUS
10
92.2732489999999927
20
-182.6684089999999969
11
92.2732489999999927
21
-182.2874569999999892
0
LINE
8
BLACK
6
CONTINUOUS
10
92.2732489999999927
20
-182.2874569999999892
11
92.3684870000000018
21
-181.8112659999999892
0
LINE
8
BLACK
6
CONTINUOUS
10
92.3684870000000018
20
-181.8112659999999892
11
92.4637249999999966
21
-181.5255520000000047
0
LINE
8
BLACK
6
CONTINUOUS
10
92.4637249999999966
20
-181.5255520000000047
11
92.5589629999999914
21
-181.3350759999999866
0
LINE
8
BLACK
6
CONTINUOUS
10
92.5589629999999914
20
-181.3350759999999866
11
92.7494389999999953
21
-181.0493610000000047
0
LINE
8
BLACK
6
CONTINUOUS
10
92.7494389999999953
20
-181.0493610000000047
11
92.8446780000000018
21
-180.9541229999999814
0
LINE
8
BLACK
6
CONTINUOUS
10
93.6065819999999889
20
-181.906503999999984
11
93.6065819999999889
21
-183.2398379999999918
0
LINE
8
BLACK
6
CONTINUOUS
10
93.6065819999999889
20
-182.0969800000000021
11
93.7018199999999979
21
-182.0017419999999788
0
LINE
8
BLACK
6
CONTINUOUS
10
93.7018199999999979
20
-182.0017419999999788
11
93.8922960000000018
21
-181.906503999999984
0
LINE
8
BLACK
6
CONTINUOUS
10
93.8922960000000018
20
-181.906503999999984
11
94.1780109999999979
21
-181.906503999999984
0
LINE
8
BLACK
6
CONTINUOUS
10
94.1780109999999979
20
-181.906503999999984
11
94.3684870000000018
21
-182.0017419999999788
0
LINE
8
BLACK
6
CONTINUOUS
10
94.3684870000000018
20
-182.0017419999999788
11
94.4637249999999966
21
-182.1922189999999944
0
LINE
8
BLACK
6
CONTINUOUS
10
94.4637249999999966
20
-182.1922189999999944
11
94.4637249999999966
21
-183.2398379999999918
0
LINE
8
BLACK
6
CONTINUOUS
10
95.7018199999999979
20
-183.2398379999999918
11
95.511343999999994
21
-183.144599999999997
0
LINE
8
BLACK
6
CONTINUOUS
10
95.511343999999994
20
-183.144599999999997
11
95.4161059999999992
21
-183.0493610000000047
0
LINE
8
BLACK
6
CONTINUOUS
10
95.4161059999999992
20
-183.0493610000000047
11
95.3208679999999902
21
-182.8588849999999866
0
LINE
8
BLACK
6
CONTINUOUS
10
95.3208679999999902
20
-182.8588849999999866
11
95.3208679999999902
21
-182.2874569999999892
0
LINE
8
BLACK
6
CONTINUOUS
10
95.3208679999999902
20
-182.2874569999999892
11
95.4161059999999992
21
-182.0969800000000021
0
LINE
8
BLACK
6
CONTINUOUS
10
95.4161059999999992
20
-182.0969800000000021
11
95.511343999999994
21
-182.0017419999999788
0
LINE
8
BLACK
6
CONTINUOUS
10
95.511343999999994
20
-182.0017419999999788
11
95.7018199999999979
21
-181.906503999999984
0
LINE
8
BLACK
6
CONTINUOUS
10
95.7018199999999979
20
-181.906503999999984
11
95.9875349999999941
21
-181.906503999999984
0
LINE
8
BLACK
6
CONTINUOUS
10
95.9875349999999941
20
-181.906503999999984
11
96.1780109999999979
21
-182.0017419999999788
0
LINE
8
BLACK
6
CONTINUOUS
10
96.1780109999999979
20
-182.0017419999999788
11
96.2732489999999927
21
-182.0969800000000021
0
LINE
8
BLACK
6
CONTINUOUS
10
96.2732489999999927
20
-182.0969800000000021
11
96.3684870000000018
21
-182.2874569999999892
0
LINE
8
BLACK
6
CONTINUOUS
10
96.3684870000000018
20
-182.2874569999999892
11
96.3684870000000018
21
-182.8588849999999866
0
LINE
8
BLACK
6
CONTINUOUS
10
96.3684870000000018
20
-182.8588849999999866
11
96.2732489999999927
21
-183.0493610000000047
0
LINE
8
BLACK
6
CONTINUOUS
10
96.2732489999999927
20
-183.0493610000000047
11
96.1780109999999979
21
-183.144599999999997
0
LINE
8
BLACK
6
CONTINUOUS
10
96.1780109999999979
20
-183.144599999999997
11
95.9875349999999941
21
-183.2398379999999918
0
LINE
8
BLACK
6
CONTINUOUS
10
95.9875349999999941
20
-183.2398379999999918
11
95.7018199999999979
21
-183.2398379999999918
0
LINE
8
BLACK
6
CONTINUOUS
10
96.9399159999999966
20
-181.906503999999984
11
97.7018199999999979
21
-181.906503999999984
0
LINE
8
BLACK
6
CONTINUOUS
10
97.2256299999999953
20
-181.2398379999999918
11
97.2256299999999953
21
-182.9541229999999814
0
LINE
8
BLACK
6
CONTINUOUS
10
97.2256299999999953
20
-182.9541229999999814
11
97.3208679999999902
21
-183.144599999999997
0
LINE
8
BLACK
6
CONTINUOUS
10
97.3208679999999902
20
-183.144599999999997
11
97.511343999999994
21
-183.2398379999999918
0
LINE
8
BLACK
6
CONTINUOUS
10
97.511343999999994
20
-183.2398379999999918
11
97.7018199999999979
21
-183.2398379999999918
0
LINE
8
BLACK
6
CONTINUOUS
10
99.8922969999999992
20
-181.906503999999984
11
99.8922969999999992
21
-183.906503999999984
0
LINE
8
BLACK
6
CONTINUOUS
10
99.8922969999999992
20
-182.0017419999999788
11
100.0827729999999889
21
-181.906503999999984
0
LINE
8
BLACK
6
CONTINUOUS
10
100.0827729999999889
20
-181.906503999999984
11
100.4637259999999941
21
-181.906503999999984
0
LINE
8
BLACK
6
CONTINUOUS
10
100.4637259999999941
20
-181.906503999999984
11
100.654201999999998
21
-182.0017419999999788
0
LINE
8
BLACK
6
CONTINUOUS
10
100.654201999999998
20
-182.0017419999999788
11
100.7494399999999928
21
-182.0969800000000021
0
LINE
8
BLACK
6
CONTINUOUS
10
100.7494399999999928
20
-182.0969800000000021
11
100.8446780000000018
21
-182.2874569999999892
0
LINE
8
BLACK
6
CONTINUOUS
10
100.8446780000000018
20
-182.2874569999999892
11
100.8446780000000018
21
-182.8588849999999866
0
LINE
8
BLACK
6
CONTINUOUS
10
100.8446780000000018
20
-182.8588849999999866
11
100.7494399999999928
21
-183.0493610000000047
0
LINE
8
BLACK
6
CONTINUOUS
10
100.7494399999999928
20
-183.0493610000000047
11
100.654201999999998
21
-183.144599999999997
0
LINE
8
BLACK
6
CONTINUOUS
10
100.654201999999998
20
-183.144599999999997
11
100.4637259999999941
21
-183.2398379999999918
0
LINE
8
BLACK
6
CONTINUOUS
10
100.4637259999999941
20
-183.2398379999999918
11
100.0827729999999889
21
-183.2398379999999918
0
LINE
8
BLACK
6
CONTINUOUS
10
100.0827729999999889
20
-183.2398379999999918
11
99.8922969999999992
21
-183.144599999999997
0
LINE
8
BLACK
6
CONTINUOUS
10
101.9875349999999941
20
-183.2398379999999918
11
101.7970589999999902
21
-183.144599999999997
0
LINE
8
BLACK
6
CONTINUOUS
10
101.7970589999999902
20
-183.144599999999997
11
101.7018209999999954
21
-182.9541229999999814
0
LINE
8
BLACK
6
CONTINUOUS
10
101.7018209999999954
20
-182.9541229999999814
11
101.7018209999999954
21
-181.2398379999999918
0
LINE
8
BLACK
6
CONTINUOUS
10
103.6065830000000005
20
-183.2398379999999918
11
103.6065830000000005
21
-182.1922189999999944
0
LINE
8
BLACK
6
CONTINUOUS
10
103.6065830000000005
20
-182.1922189999999944
11
103.5113449999999915
21
-182.0017419999999788
0
LINE
8
BLACK
6
CONTINUOUS
10
103.5113449999999915
20
-182.0017419999999788
11
103.3208690000000018
21
-181.906503999999984
0
LINE
8
BLACK
6
CONTINUOUS
10
103.3208690000000018
20
-181.906503999999984
11
102.9399159999999966
21
-181.906503999999984
0
LINE
8
BLACK
6
CONTINUOUS
10
102.9399159999999966
20
-181.906503999999984
11
102.7494399999999928
21
-182.0017419999999788
0
LINE
8
BLACK
6
CONTINUOUS
10
103.6065830000000005
20
-183.144599999999997
11
103.4161069999999967
21
-183.2398379999999918
0
LINE
8
BLACK
6
CONTINUOUS
10
103.4161069999999967
20
-183.2398379999999918
11
102.9399159999999966
21
-183.2398379999999918
0
LINE
8
BLACK
6
CONTINUOUS
10
102.9399159999999966
20
-183.2398379999999918
11
102.7494399999999928
21
-183.144599999999997
0
LINE
8
BLACK
6
CONTINUOUS
10
102.7494399999999928
20
-183.144599999999997
11
102.654201999999998
21
-182.9541229999999814
0
LINE
8
BLACK
6
CONTINUOUS
10
102.654201999999998
20
-182.9541229999999814
11
102.654201999999998
21
-182.7636469999999917
0
LINE
8
BLACK
6
CONTINUOUS
10
102.654201999999998
20
-182.7636469999999917
11
102.7494399999999928
21
-182.5731710000000021
0
LINE
8
BLACK
6
CONTINUOUS
10
102.7494399999999928
20
-182.5731710000000021
11
102.9399159999999966
21
-182.4779329999999788
0
LINE
8
BLACK
6
CONTINUOUS
10
102.9399159999999966
20
-182.4779329999999788
11
103.4161069999999967
21
-182.4779329999999788
0
LINE
8
BLACK
6
CONTINUOUS
10
103.4161069999999967
20
-182.4779329999999788
11
103.6065830000000005
21
-182.382694999999984
0
LINE
8
BLACK
6
CONTINUOUS
10
104.2732499999999902
20
-181.906503999999984
11
105.0351539999999915
21
-181.906503999999984
0
LINE
8
BLACK
6
CONTINUOUS
10
104.5589639999999889
20
-181.2398379999999918
11
104.5589639999999889
21
-182.9541229999999814
0
LINE
8
BLACK
6
CONTINUOUS
10
104.5589639999999889
20
-182.9541229999999814
11
104.654201999999998
21
-183.144599999999997
0
LINE
8
BLACK
6
CONTINUOUS
10
104.654201999999998
20
-183.144599999999997
11
104.8446780000000018
21
-183.2398379999999918
0
LINE
8
BLACK
6
CONTINUOUS
10
104.8446780000000018
20
-183.2398379999999918
11
105.0351539999999915
21
-183.2398379999999918
0
LINE
8
BLACK
6
CONTINUOUS
10
106.4637259999999941
20
-183.144599999999997
11
106.2732499999999902
21
-183.2398379999999918
0
LINE
8
BLACK
6
CONTINUOUS
10
106.2732499999999902
20
-183.2398379999999918
11
105.8922969999999992
21
-183.2398379999999918
0
LINE
8
BLACK
6
CONTINUOUS
10
105.8922969999999992
20
-183.2398379999999918
11
105.7018209999999954
21
-183.144599999999997
0
LINE
8
BLACK
6
CONTINUOUS
10
105.7018209999999954
20
-183.144599999999997
11
105.6065830000000005
21
-182.9541229999999814
0
LINE
8
BLACK
6
CONTINUOUS
10
105.6065830000000005
20
-182.9541229999999814
11
105.6065830000000005
21
-182.1922189999999944
0
LINE
8
BLACK
6
CONTINUOUS
10
105.6065830000000005
20
-182.1922189999999944
11
105.7018209999999954
21
-182.0017419999999788
0
LINE
8
BLACK
6
CONTINUOUS
10
105.7018209999999954
20
-182.0017419999999788
11
105.8922969999999992
21
-181.906503999999984
0
LINE
8
BLACK
6
CONTINUOUS
10
105.8922969999999992
20
-181.906503999999984
11
106.2732499999999902
21
-181.906503999999984
0
LINE
8
BLACK
6
CONTINUOUS
10
106.2732499999999902
20
-181.906503999999984
11
106.4637259999999941
21
-182.0017419999999788
0
LINE
8
BLACK
6
CONTINUOUS
10
106.4637259999999941
20
-182.0017419999999788
11
106.5589639999999889
21
-182.1922189999999944
0
LINE
8
BLACK
6
CONTINUOUS
10
106.5589639999999889
20
-182.1922189999999944
11
106.5589639999999889
21
-182.382694999999984
0
LINE
8
BLACK
6
CONTINUOUS
10
106.5589639999999889
20
-182.382694999999984
11
105.6065830000000005
21
-182.5731710000000021
0
LINE
8
BLACK
6
CONTINUOUS
10
108.2732499999999902
20
-183.2398379999999918
11
108.2732499999999902
21
-181.2398379999999918
0
LINE
8
BLACK
6
CONTINUOUS
10
108.2732499999999902
20
-183.144599999999997
11
108.0827740000000006
21
-183.2398379999999918
0
LINE
8
BLACK
6
CONTINUOUS
10
108.0827740000000006
20
-183.2398379999999918
11
107.7018209999999954
21
-183.2398379999999918
0
LINE
8
BLACK
6
CONTINUOUS
10
107.7018209999999954
20
-183.2398379999999918
11
107.5113449999999915
21
-183.144599999999997
0
LINE
8
BLACK
6
CONTINUOUS
10
107.5113449999999915
20
-183.144599999999997
11
107.4161069999999967
21
-183.0493610000000047
0
LINE
8
BLACK
6
CONTINUOUS
10
107.4161069999999967
20
-183.0493610000000047
11
107.3208690000000018
21
-182.8588849999999866
0
LINE
8
BLACK
6
CONTINUOUS
10
107.3208690000000018
20
-182.8588849999999866
11
107.3208690000000018
21
-182.2874569999999892
0
LINE
8
BLACK
6
CONTINUOUS
10
107.3208690000000018
20
-182.2874569999999892
11
107.4161069999999967
21
-182.0969800000000021
0
LINE
8
BLACK
6
CONTINUOUS
10
107.4161069999999967
20
-182.0969800000000021
11
107.5113449999999915
21
-182.0017419999999788
0
LINE
8
BLACK
6
CONTINUOUS
10
107.5113449999999915
20
-182.0017419999999788
11
107.7018209999999954
21
-181.906503999999984
0
LINE
8
BLACK
6
CONTINUOUS
10
107.7018209999999954
20
-181.906503999999984
11
108.0827740000000006
21
-181.906503999999984
0
LINE
8
BLACK
6
CONTINUOUS
10
108.0827740000000006
20
-181.906503999999984
11
108.2732499999999902
21
-182.0017419999999788
0
LINE
8
BLACK
6
CONTINUOUS
10
109.0351549999999889
20
-184.0017419999999788
11
109.130392999999998
21
-183.906503999999984
0
LINE
8
BLACK
6
CONTINUOUS
10
109.130392999999998
20
-183.906503999999984
11
109.3208690000000018
21
-183.6207899999999995
0
LINE
8
BLACK
6
CONTINUOUS
10
109.3208690000000018
20
-183.6207899999999995
11
109.4161069999999967
21
-183.4303139999999814
0
LINE
8
BLACK
6
CONTINUOUS
10
109.4161069999999967
20
-183.4303139999999814
11
109.5113449999999915
21
-183.144599999999997
0
LINE
8
BLACK
6
CONTINUOUS
10
109.5113449999999915
20
-183.144599999999997
11
109.6065830000000005
21
-182.6684089999999969
0
LINE
8
BLACK
6
CONTINUOUS
10
109.6065830000000005
20
-182.6684089999999969
11
109.6065830000000005
21
-182.2874569999999892
0
LINE
8
BLACK
6
CONTINUOUS
10
109.6065830000000005
20
-182.2874569999999892
11
109.5113449999999915
21
-181.8112659999999892
0
LINE
8
BLACK
6
CONTINUOUS
10
109.5113449999999915
20
-181.8112659999999892
11
109.4161069999999967
21
-181.5255520000000047
0
LINE
8
BLACK
6
CONTINUOUS
10
109.4161069999999967
20
-181.5255520000000047
11
109.3208690000000018
21
-181.3350759999999866
0
LINE
8
BLACK
6
CONTINUOUS
10
109.3208690000000018
20
-181.3350759999999866
11
109.130392999999998
21
-181.0493610000000047
0
LINE
8
BLACK
6
CONTINUOUS
10
109.130392999999998
20
-181.0493610000000047
11
109.0351549999999889
21
-180.9541229999999814
0
LINE
8
BLACK
6
CONTINUOUS
10
40.4750000000000014
20
-184.4650000000000034
11
41.4750000000000014
21
-185.4650000000000034
0
LINE
8
BLACK
6
CONTINUOUS
10
41.4750000000000014
20
-184.4650000000000034
11
40.4750000000000014
21
-185.4650000000000034
0
LINE
8
BLACK
6
CONTINUOUS
10
41.3285569999999964
20
-185.3185569999999984
11
41.3285569999999964
21
-184.61144299999998
0
LINE
8
BLACK
6
CONTINUOUS
10
41.3285569999999964
20
-184.61144299999998
11
40.6214429999999993
21
-184.61144299999998
0
LINE
8
BLACK
6
CONTINUOUS
10
40.6214429999999993
20
-184.61144299999998
11
40.6214429999999993
21
-185.3185569999999984
0
LINE
8
BLACK
6
CONTINUOUS
10
40.6214429999999993
20
-185.3185569999999984
11
41.3285569999999964
21
-185.3185569999999984
0
LINE
8
BLACK
6
CONTINUOUS
10
45.1303869999999989
20
-185.8798379999999781
11
43.9875299999999996
21
-185.8798379999999781
0
LINE
8
BLACK
6
CONTINUOUS
10
44.558957999999997
20
-185.8798379999999781
11
44.558957999999997
21
-183.8798379999999781
0
LINE
8
BLACK
6
CONTINUOUS
10
44.558957999999997
20
-183.8798379999999781
11
44.3684820000000002
21
-184.165551999999991
0
LINE
8
BLACK
6
CONTINUOUS
10
44.3684820000000002
20
-184.165551999999991
11
44.1780059999999963
21
-184.3560279999999807
0
LINE
8
BLACK
6
CONTINUOUS
10
44.1780059999999963
20
-184.3560279999999807
11
43.9875299999999996
21
-184.4512660000000039
0
LINE
8
BLACK
6
CONTINUOUS
10
45.9875299999999996
20
-185.689360999999991
11
46.0827679999999944
21
-185.7845999999999833
0
LINE
8
BLACK
6
CONTINUOUS
10
46.0827679999999944
20
-185.7845999999999833
11
45.9875299999999996
21
-185.8798379999999781
0
LINE
8
BLACK
6
CONTINUOUS
10
45.9875299999999996
20
-185.8798379999999781
11
45.8922919999999976
21
-185.7845999999999833
0
LINE
8
BLACK
6
CONTINUOUS
10
45.8922919999999976
20
-185.7845999999999833
11
45.9875299999999996
21
-185.689360999999991
0
LINE
8
BLACK
6
CONTINUOUS
10
45.9875299999999996
20
-185.689360999999991
11
45.9875299999999996
21
-185.8798379999999781
0
LINE
8
BLACK
6
CONTINUOUS
10
47.3208629999999957
20
-183.8798379999999781
11
47.511339999999997
21
-183.8798379999999781
0
LINE
8
BLACK
6
CONTINUOUS
10
47.511339999999997
20
-183.8798379999999781
11
47.7018160000000009
21
-183.9750760000000014
0
LINE
8
BLACK
6
CONTINUOUS
10
47.7018160000000009
20
-183.9750760000000014
11
47.7970539999999957
21
-184.0703139999999962
0
LINE
8
BLACK
6
CONTINUOUS
10
47.7970539999999957
20
-184.0703139999999962
11
47.8922919999999976
21
-184.2607899999999859
0
LINE
8
BLACK
6
CONTINUOUS
10
47.8922919999999976
20
-184.2607899999999859
11
47.9875299999999996
21
-184.6417419999999936
0
LINE
8
BLACK
6
CONTINUOUS
10
47.9875299999999996
20
-184.6417419999999936
11
47.9875299999999996
21
-185.1179329999999936
0
LINE
8
BLACK
6
CONTINUOUS
10
47.9875299999999996
20
-185.1179329999999936
11
47.8922919999999976
21
-185.4988850000000014
0
LINE
8
BLACK
6
CONTINUOUS
10
47.8922919999999976
20
-185.4988850000000014
11
47.7970539999999957
21
-185.689360999999991
0
LINE
8
BLACK
6
CONTINUOUS
10
47.7970539999999957
20
-185.689360999999991
11
47.7018160000000009
21
-185.7845999999999833
0
LINE
8
BLACK
6
CONTINUOUS
10
47.7018160000000009
20
-185.7845999999999833
11
47.511339999999997
21
-185.8798379999999781
0
LINE
8
BLACK
6
CONTINUOUS
10
47.511339999999997
20
-185.8798379999999781
11
47.3208629999999957
21
-185.8798379999999781
0
LINE
8
BLACK
6
CONTINUOUS
10
47.3208629999999957
20
-185.8798379999999781
11
47.1303869999999989
21
-185.7845999999999833
0
LINE
8
BLACK
6
CONTINUOUS
10
47.1303869999999989
20
-185.7845999999999833
11
47.035148999999997
21
-185.689360999999991
0
LINE
8
BLACK
6
CONTINUOUS
10
47.035148999999997
20
-185.689360999999991
11
46.9399109999999951
21
-185.4988850000000014
0
LINE
8
BLACK
6
CONTINUOUS
10
46.9399109999999951
20
-185.4988850000000014
11
46.8446730000000002
21
-185.1179329999999936
0
LINE
8
BLACK
6
CONTINUOUS
10
46.8446730000000002
20
-185.1179329999999936
11
46.8446730000000002
21
-184.6417419999999936
0
LINE
8
BLACK
6
CONTINUOUS
10
46.8446730000000002
20
-184.6417419999999936
11
46.9399109999999951
21
-184.2607899999999859
0
LINE
8
BLACK
6
CONTINUOUS
10
46.9399109999999951
20
-184.2607899999999859
11
47.035148999999997
21
-184.0703139999999962
0
LINE
8
BLACK
6
CONTINUOUS
10
47.035148999999997
20
-184.0703139999999962
11
47.1303869999999989
21
-183.9750760000000014
0
LINE
8
BLACK
6
CONTINUOUS
10
47.1303869999999989
20
-183.9750760000000014
11
47.3208629999999957
21
-183.8798379999999781
0
LINE
8
BLACK
6
CONTINUOUS
10
49.2256250000000009
20
-183.8798379999999781
11
49.4161019999999951
21
-183.8798379999999781
0
LINE
8
BLACK
6
CONTINUOUS
10
49.4161019999999951
20
-183.8798379999999781
11
49.606577999999999
21
-183.9750760000000014
0
LINE
8
BLACK
6
CONTINUOUS
10
49.606577999999999
20
-183.9750760000000014
11
49.7018160000000009
21
-184.0703139999999962
0
LINE
8
BLACK
6
CONTINUOUS
10
49.7018160000000009
20
-184.0703139999999962
11
49.7970539999999957
21
-184.2607899999999859
0
LINE
8
BLACK
6
CONTINUOUS
10
49.7970539999999957
20
-184.2607899999999859
11
49.8922919999999976
21
-184.6417419999999936
0
LINE
8
BLACK
6
CONTINUOUS
10
49.8922919999999976
20
-184.6417419999999936
11
49.8922919999999976
21
-185.1179329999999936
0
LINE
8
BLACK
6
CONTINUOUS
10
49.8922919999999976
20
-185.1179329999999936
11
49.7970539999999957
21
-185.4988850000000014
0
LINE
8
BLACK
6
CONTINUOUS
10
49.7970539999999957
20
-185.4988850000000014
11
49.7018160000000009
21
-185.689360999999991
0
LINE
8
BLACK
6
CONTINUOUS
10
49.7018160000000009
20
-185.689360999999991
11
49.606577999999999
21
-185.7845999999999833
0
LINE
8
BLACK
6
CONTINUOUS
10
49.606577999999999
20
-185.7845999999999833
11
49.4161019999999951
21
-185.8798379999999781
0
LINE
8
BLACK
6
CONTINUOUS
10
49.4161019999999951
20
-185.8798379999999781
11
49.2256250000000009
21
-185.8798379999999781
0
LINE
8
BLACK
6
CONTINUOUS
10
49.2256250000000009
20
-185.8798379999999781
11
49.035148999999997
21
-185.7845999999999833
0
LINE
8
BLACK
6
CONTINUOUS
10
49.035148999999997
20
-185.7845999999999833
11
48.9399109999999951
21
-185.689360999999991
0
LINE
8
BLACK
6
CONTINUOUS
10
48.9399109999999951
20
-185.689360999999991
11
48.8446730000000002
21
-185.4988850000000014
0
LINE
8
BLACK
6
CONTINUOUS
10
48.8446730000000002
20
-185.4988850000000014
11
48.7494349999999983
21
-185.1179329999999936
0
LINE
8
BLACK
6
CONTINUOUS
10
48.7494349999999983
20
-185.1179329999999936
11
48.7494349999999983
21
-184.6417419999999936
0
LINE
8
BLACK
6
CONTINUOUS
10
48.7494349999999983
20
-184.6417419999999936
11
48.8446730000000002
21
-184.2607899999999859
0
LINE
8
BLACK
6
CONTINUOUS
10
48.8446730000000002
20
-184.2607899999999859
11
48.9399109999999951
21
-184.0703139999999962
0
LINE
8
BLACK
6
CONTINUOUS
10
48.9399109999999951
20
-184.0703139999999962
11
49.035148999999997
21
-183.9750760000000014
0
LINE
8
BLACK
6
CONTINUOUS
10
49.035148999999997
20
-183.9750760000000014
11
49.2256250000000009
21
-183.8798379999999781
0
LINE
8
BLACK
6
CONTINUOUS
10
51.1303869999999989
20
-183.8798379999999781
11
51.3208640000000003
21
-183.8798379999999781
0
LINE
8
BLACK
6
CONTINUOUS
10
51.3208640000000003
20
-183.8798379999999781
11
51.511339999999997
21
-183.9750760000000014
0
LINE
8
BLACK
6
CONTINUOUS
10
51.511339999999997
20
-183.9750760000000014
11
51.606577999999999
21
-184.0703139999999962
0
LINE
8
BLACK
6
CONTINUOUS
10
51.606577999999999
20
-184.0703139999999962
11
51.7018160000000009
21
-184.2607899999999859
0
LINE
8
BLACK
6
CONTINUOUS
10
51.7018160000000009
20
-184.2607899999999859
11
51.7970539999999957
21
-184.6417419999999936
0
LINE
8
BLACK
6
CONTINUOUS
10
51.7970539999999957
20
-184.6417419999999936
11
51.7970539999999957
21
-185.1179329999999936
0
LINE
8
BLACK
6
CONTINUOUS
10
51.7970539999999957
20
-185.1179329999999936
11
51.7018160000000009
21
-185.4988850000000014
0
LINE
8
BLACK
6
CONTINUOUS
10
51.7018160000000009
20
-185.4988850000000014
11
51.606577999999999
21
-185.689360999999991
0
LINE
8
BLACK
6
CONTINUOUS
10
51.606577999999999
20
-185.689360999999991
11
51.511339999999997
21
-185.7845999999999833
0
LINE
8
BLACK
6
CONTINUOUS
10
51.511339999999997
20
-185.7845999999999833
11
51.3208640000000003
21
-185.8798379999999781
0
LINE
8
BLACK
6
CONTINUOUS
10
51.3208640000000003
20
-185.8798379999999781
11
51.1303869999999989
21
-185.8798379999999781
0
LINE
8
BLACK
6
CONTINUOUS
10
51.1303869999999989
20
-185.8798379999999781
11
50.9399109999999951
21
-185.7845999999999833
0
LINE
8
BLACK
6
CONTINUOUS
10
50.9399109999999951
20
-185.7845999999999833
11
50.8446730000000002
21
-185.689360999999991
0
LINE
8
BLACK
6
CONTINUOUS
10
50.8446730000000002
20
-185.689360999999991
11
50.7494349999999983
21
-185.4988850000000014
0
LINE
8
BLACK
6
CONTINUOUS
10
50.7494349999999983
20
-185.4988850000000014
11
50.6541969999999964
21
-185.1179329999999936
0
LINE
8
BLACK
6
CONTINUOUS
10
50.6541969999999964
20
-185.1179329999999936
11
50.6541969999999964
21
-184.6417419999999936
0
LINE
8
BLACK
6
CONTINUOUS
10
50.6541969999999964
20
-184.6417419999999936
11
50.7494349999999983
21
-184.2607899999999859
0
LINE
8
BLACK
6
CONTINUOUS
10
50.7494349999999983
20
-184.2607899999999859
11
50.8446730000000002
21
-184.0703139999999962
0
LINE
8
BLACK
6
CONTINUOUS
10
50.8446730000000002
20
-184.0703139999999962
11
50.9399109999999951
21
-183.9750760000000014
0
LINE
8
BLACK
6
CONTINUOUS
10
50.9399109999999951
20
-183.9750760000000014
11
51.1303869999999989
21
-183.8798379999999781
0
LINE
8
BLACK
6
CONTINUOUS
10
52.6541969999999964
20
-185.8798379999999781
11
52.6541969999999964
21
-184.5465039999999988
0
LINE
8
BLACK
6
CONTINUOUS
10
52.6541969999999964
20
-184.7369799999999884
11
52.7494349999999983
21
-184.6417419999999936
0
LINE
8
BLACK
6
CONTINUOUS
10
52.7494349999999983
20
-184.6417419999999936
11
52.9399109999999951
21
-184.5465039999999988
0
LINE
8
BLACK
6
CONTINUOUS
10
52.9399109999999951
20
-184.5465039999999988
11
53.2256259999999983
21
-184.5465039999999988
0
LINE
8
BLACK
6
CONTINUOUS
10
53.2256259999999983
20
-184.5465039999999988
11
53.4161019999999951
21
-184.6417419999999936
0
LINE
8
BLACK
6
CONTINUOUS
10
53.4161019999999951
20
-184.6417419999999936
11
53.511339999999997
21
-184.8322189999999807
0
LINE
8
BLACK
6
CONTINUOUS
10
53.511339999999997
20
-184.8322189999999807
11
53.511339999999997
21
-185.8798379999999781
0
LINE
8
BLACK
6
CONTINUOUS
10
53.511339999999997
20
-184.8322189999999807
11
53.606577999999999
21
-184.6417419999999936
0
LINE
8
BLACK
6
CONTINUOUS
10
53.606577999999999
20
-184.6417419999999936
11
53.7970539999999957
21
-184.5465039999999988
0
LINE
8
BLACK
6
CONTINUOUS
10
53.7970539999999957
20
-184.5465039999999988
11
54.0827679999999944
21
-184.5465039999999988
0
LINE
8
BLACK
6
CONTINUOUS
10
54.0827679999999944
20
-184.5465039999999988
11
54.2732449999999957
21
-184.6417419999999936
0
LINE
8
BLACK
6
CONTINUOUS
10
54.2732449999999957
20
-184.6417419999999936
11
54.3684829999999977
21
-184.8322189999999807
0
LINE
8
BLACK
6
CONTINUOUS
10
54.3684829999999977
20
-184.8322189999999807
11
54.3684829999999977
21
-185.8798379999999781
0
LINE
8
BLACK
6
CONTINUOUS
10
55.3208640000000003
20
-185.8798379999999781
11
55.3208640000000003
21
-184.5465039999999988
0
LINE
8
BLACK
6
CONTINUOUS
10
55.3208640000000003
20
-184.7369799999999884
11
55.4161019999999951
21
-184.6417419999999936
0
LINE
8
BLACK
6
CONTINUOUS
10
55.4161019999999951
20
-184.6417419999999936
11
55.606577999999999
21
-184.5465039999999988
0
LINE
8
BLACK
6
CONTINUOUS
10
55.606577999999999
20
-184.5465039999999988
11
55.8922929999999951
21
-184.5465039999999988
0
LINE
8
BLACK
6
CONTINUOUS
10
55.8922929999999951
20
-184.5465039999999988
11
56.082768999999999
21
-184.6417419999999936
0
LINE
8
BLACK
6
CONTINUOUS
10
56.082768999999999
20
-184.6417419999999936
11
56.1780070000000009
21
-184.8322189999999807
0
LINE
8
BLACK
6
CONTINUOUS
10
56.1780070000000009
20
-184.8322189999999807
11
56.1780070000000009
21
-185.8798379999999781
0
LINE
8
BLACK
6
CONTINUOUS
10
56.1780070000000009
20
-184.8322189999999807
11
56.2732449999999957
21
-184.6417419999999936
0
LINE
8
BLACK
6
CONTINUOUS
10
56.2732449999999957
20
-184.6417419999999936
11
56.4637209999999996
21
-184.5465039999999988
0
LINE
8
BLACK
6
CONTINUOUS
10
56.4637209999999996
20
-184.5465039999999988
11
56.7494349999999983
21
-184.5465039999999988
0
LINE
8
BLACK
6
CONTINUOUS
10
56.7494349999999983
20
-184.5465039999999988
11
56.9399119999999996
21
-184.6417419999999936
0
LINE
8
BLACK
6
CONTINUOUS
10
56.9399119999999996
20
-184.6417419999999936
11
57.0351499999999945
21
-184.8322189999999807
0
LINE
8
BLACK
6
CONTINUOUS
10
57.0351499999999945
20
-184.8322189999999807
11
57.0351499999999945
21
-185.8798379999999781
0
LINE
8
BLACK
6
CONTINUOUS
10
60.9399119999999996
20
-183.7845999999999833
11
59.2256269999999958
21
-186.3560279999999807
0
LINE
8
BLACK
6
CONTINUOUS
10
63.5113409999999945
20
-183.8798379999999781
11
63.7018179999999958
21
-183.8798379999999781
0
LINE
8
BLACK
6
CONTINUOUS
10
63.7018179999999958
20
-183.8798379999999781
11
63.8922939999999997
21
-183.9750760000000014
0
LINE
8
BLACK
6
CONTINUOUS
10
63.8922939999999997
20
-183.9750760000000014
11
63.9875319999999945
21
-184.0703139999999962
0
LINE
8
BLACK
6
CONTINUOUS
10
63.9875319999999945
20
-184.0703139999999962
11
64.0827699999999965
21
-184.2607899999999859
0
LINE
8
BLACK
6
CONTINUOUS
10
64.0827699999999965
20
-184.2607899999999859
11
64.1780079999999913
21
-184.6417419999999936
0
LINE
8
BLACK
6
CONTINUOUS
10
64.1780079999999913
20
-184.6417419999999936
11
64.1780079999999913
21
-185.1179329999999936
0
LINE
8
BLACK
6
CONTINUOUS
10
64.1780079999999913
20
-185.1179329999999936
11
64.0827699999999965
21
-185.4988850000000014
0
LINE
8
BLACK
6
CONTINUOUS
10
64.0827699999999965
20
-185.4988850000000014
11
63.9875319999999945
21
-185.689360999999991
0
LINE
8
BLACK
6
CONTINUOUS
10
63.9875319999999945
20
-185.689360999999991
11
63.8922939999999997
21
-185.7845999999999833
0
LINE
8
BLACK
6
CONTINUOUS
10
63.8922939999999997
20
-185.7845999999999833
11
63.7018179999999958
21
-185.8798379999999781
0
LINE
8
BLACK
6
CONTINUOUS
10
63.7018179999999958
20
-185.8798379999999781
11
63.5113409999999945
21
-185.8798379999999781
0
LINE
8
BLACK
6
CONTINUOUS
10
63.5113409999999945
20
-185.8798379999999781
11
63.3208649999999977
21
-185.7845999999999833
0
LINE
8
BLACK
6
CONTINUOUS
10
63.3208649999999977
20
-185.7845999999999833
11
63.2256269999999958
21
-185.689360999999991
0
LINE
8
BLACK
6
CONTINUOUS
10
63.2256269999999958
20
-185.689360999999991
11
63.1303889999999939
21
-185.4988850000000014
0
LINE
8
BLACK
6
CONTINUOUS
10
63.1303889999999939
20
-185.4988850000000014
11
63.035150999999999
21
-185.1179329999999936
0
LINE
8
BLACK
6
CONTINUOUS
10
63.035150999999999
20
-185.1179329999999936
11
63.035150999999999
21
-184.6417419999999936
0
LINE
8
BLACK
6
CONTINUOUS
10
63.035150999999999
20
-184.6417419999999936
11
63.1303889999999939
21
-184.2607899999999859
0
LINE
8
BLACK
6
CONTINUOUS
10
63.1303889999999939
20
-184.2607899999999859
11
63.2256269999999958
21
-184.0703139999999962
0
LINE
8
BLACK
6
CONTINUOUS
10
63.2256269999999958
20
-184.0703139999999962
11
63.3208649999999977
21
-183.9750760000000014
0
LINE
8
BLACK
6
CONTINUOUS
10
63.3208649999999977
20
-183.9750760000000014
11
63.5113409999999945
21
-183.8798379999999781
0
LINE
8
BLACK
6
CONTINUOUS
10
65.035150999999999
20
-185.689360999999991
11
65.1303889999999939
21
-185.7845999999999833
0
LINE
8
BLACK
6
CONTINUOUS
10
65.1303889999999939
20
-185.7845999999999833
11
65.035150999999999
21
-185.8798379999999781
0
LINE
8
BLACK
6
CONTINUOUS
10
65.035150999999999
20
-185.8798379999999781
11
64.93991299999999
21
-185.7845999999999833
0
LINE
8
BLACK
6
CONTINUOUS
10
64.93991299999999
20
-185.7845999999999833
11
65.035150999999999
21
-185.689360999999991
0
LINE
8
BLACK
6
CONTINUOUS
10
65.035150999999999
20
-185.689360999999991
11
65.035150999999999
21
-185.8798379999999781
0
LINE
8
BLACK
6
CONTINUOUS
10
66.3684839999999951
20
-183.8798379999999781
11
66.5589609999999965
21
-183.8798379999999781
0
LINE
8
BLACK
6
CONTINUOUS
10
66.5589609999999965
20
-183.8798379999999781
11
66.7494370000000004
21
-183.9750760000000014
0
LINE
8
BLACK
6
CONTINUOUS
10
66.7494370000000004
20
-183.9750760000000014
11
66.8446749999999952
21
-184.0703139999999962
0
LINE
8
BLACK
6
CONTINUOUS
10
66.8446749999999952
20
-184.0703139999999962
11
66.93991299999999
21
-184.2607899999999859
0
LINE
8
BLACK
6
CONTINUOUS
10
66.93991299999999
20
-184.2607899999999859
11
67.035150999999999
21
-184.6417419999999936
0
LINE
8
BLACK
6
CONTINUOUS
10
67.035150999999999
20
-184.6417419999999936
11
67.035150999999999
21
-185.1179329999999936
0
LINE
8
BLACK
6
CONTINUOUS
10
67.035150999999999
20
-185.1179329999999936
11
66.93991299999999
21
-185.4988850000000014
0
LINE
8
BLACK
6
CONTINUOUS
10
66.93991299999999
20
-185.4988850000000014
11
66.8446749999999952
21
-185.689360999999991
0
LINE
8
BLACK
6
CONTINUOUS
10
66.8446749999999952
20
-185.689360999999991
11
66.7494370000000004
21
-185.7845999999999833
0
LINE
8
BLACK
6
CONTINUOUS
10
66.7494370000000004
20
-185.7845999999999833
11
66.5589609999999965
21
-185.8798379999999781
0
LINE
8
BLACK
6
CONTINUOUS
10
66.5589609999999965
20
-185.8798379999999781
11
66.3684839999999951
21
-185.8798379999999781
0
LINE
8
BLACK
6
CONTINUOUS
10
66.3684839999999951
20
-185.8798379999999781
11
66.1780079999999913
21
-185.7845999999999833
0
LINE
8
BLACK
6
CONTINUOUS
10
66.1780079999999913
20
-185.7845999999999833
11
66.0827699999999965
21
-185.689360999999991
0
LINE
8
BLACK
6
CONTINUOUS
10
66.0827699999999965
20
-185.689360999999991
11
65.9875320000000016
21
-185.4988850000000014
0
LINE
8
BLACK
6
CONTINUOUS
10
65.9875320000000016
20
-185.4988850000000014
11
65.8922939999999926
21
-185.1179329999999936
0
LINE
8
BLACK
6
CONTINUOUS
10
65.8922939999999926
20
-185.1179329999999936
11
65.8922939999999926
21
-184.6417419999999936
0
LINE
8
BLACK
6
CONTINUOUS
10
65.8922939999999926
20
-184.6417419999999936
11
65.9875320000000016
21
-184.2607899999999859
0
LINE
8
BLACK
6
CONTINUOUS
10
65.9875320000000016
20
-184.2607899999999859
11
66.0827699999999965
21
-184.0703139999999962
0
LINE
8
BLACK
6
CONTINUOUS
10
66.0827699999999965
20
-184.0703139999999962
11
66.1780079999999913
21
-183.9750760000000014
0
LINE
8
BLACK
6
CONTINUOUS
10
66.1780079999999913
20
-183.9750760000000014
11
66.3684839999999951
21
-183.8798379999999781
0
LINE
8
BLACK
6
CONTINUOUS
10
67.7018180000000029
20
-183.8798379999999781
11
68.93991299999999
21
-183.8798379999999781
0
LINE
8
BLACK
6
CONTINUOUS
10
68.93991299999999
20
-183.8798379999999781
11
68.2732460000000003
21
-184.6417419999999936
0
LINE
8
BLACK
6
CONTINUOUS
10
68.2732460000000003
20
-184.6417419999999936
11
68.5589609999999965
21
-184.6417419999999936
0
LINE
8
BLACK
6
CONTINUOUS
10
68.5589609999999965
20
-184.6417419999999936
11
68.7494370000000004
21
-184.7369799999999884
0
LINE
8
BLACK
6
CONTINUOUS
10
68.7494370000000004
20
-184.7369799999999884
11
68.8446749999999952
21
-184.8322189999999807
0
LINE
8
BLACK
6
CONTINUOUS
10
68.8446749999999952
20
-184.8322189999999807
11
68.93991299999999
21
-185.0226949999999988
0
LINE
8
BLACK
6
CONTINUOUS
10
68.93991299999999
20
-185.0226949999999988
11
68.93991299999999
21
-185.4988850000000014
0
LINE
8
BLACK
6
CONTINUOUS
10
68.93991299999999
20
-185.4988850000000014
11
68.8446749999999952
21
-185.689360999999991
0
LINE
8
BLACK
6
CONTINUOUS
10
68.8446749999999952
20
-185.689360999999991
11
68.7494370000000004
21
-185.7845999999999833
0
LINE
8
BLACK
6
CONTINUOUS
10
68.7494370000000004
20
-185.7845999999999833
11
68.5589609999999965
21
-185.8798379999999781
0
LINE
8
BLACK
6
CONTINUOUS
10
68.5589609999999965
20
-185.8798379999999781
11
67.9875320000000016
21
-185.8798379999999781
0
LINE
8
BLACK
6
CONTINUOUS
10
67.9875320000000016
20
-185.8798379999999781
11
67.7970559999999978
21
-185.7845999999999833
0
LINE
8
BLACK
6
CONTINUOUS
10
67.7970559999999978
20
-185.7845999999999833
11
67.7018180000000029
21
-185.689360999999991
0
LINE
8
BLACK
6
CONTINUOUS
10
69.8922939999999926
20
-185.8798379999999781
11
70.2732460000000003
21
-185.8798379999999781
0
LINE
8
BLACK
6
CONTINUOUS
10
70.2732460000000003
20
-185.8798379999999781
11
70.4637230000000017
21
-185.7845999999999833
0
LINE
8
BLACK
6
CONTINUOUS
10
70.4637230000000017
20
-185.7845999999999833
11
70.5589609999999965
21
-185.689360999999991
0
LINE
8
BLACK
6
CONTINUOUS
10
70.5589609999999965
20
-185.689360999999991
11
70.7494370000000004
21
-185.4036469999999781
0
LINE
8
BLACK
6
CONTINUOUS
10
70.7494370000000004
20
-185.4036469999999781
11
70.8446749999999952
21
-185.0226949999999988
0
LINE
8
BLACK
6
CONTINUOUS
10
70.8446749999999952
20
-185.0226949999999988
11
70.8446749999999952
21
-184.2607899999999859
0
LINE
8
BLACK
6
CONTINUOUS
10
70.8446749999999952
20
-184.2607899999999859
11
70.7494370000000004
21
-184.0703139999999962
0
LINE
8
BLACK
6
CONTINUOUS
10
70.7494370000000004
20
-184.0703139999999962
11
70.6541989999999913
21
-183.9750760000000014
0
LINE
8
BLACK
6
CONTINUOUS
10
70.6541989999999913
20
-183.9750760000000014
11
70.4637230000000017
21
-183.8798379999999781
0
LINE
8
BLACK
6
CONTINUOUS
10
70.4637230000000017
20
-183.8798379999999781
11
70.0827699999999965
21
-183.8798379999999781
0
LINE
8
BLACK
6
CONTINUOUS
10
70.0827699999999965
20
-183.8798379999999781
11
69.8922939999999926
21
-183.9750760000000014
0
LINE
8
BLACK
6
CONTINUOUS
10
69.8922939999999926
20
-183.9750760000000014
11
69.7970559999999978
21
-184.0703139999999962
0
LINE
8
BLACK
6
CONTINUOUS
10
69.7970559999999978
20
-184.0703139999999962
11
69.7018180000000029
21
-184.2607899999999859
0
LINE
8
BLACK
6
CONTINUOUS
10
69.7018180000000029
20
-184.2607899999999859
11
69.7018180000000029
21
-184.7369799999999884
0
LINE
8
BLACK
6
CONTINUOUS
10
69.7018180000000029
20
-184.7369799999999884
11
69.7970559999999978
21
-184.927457000000004
0
LINE
8
BLACK
6
CONTINUOUS
10
69.7970559999999978
20
-184.927457000000004
11
69.8922939999999926
21
-185.0226949999999988
0
LINE
8
BLACK
6
CONTINUOUS
10
69.8922939999999926
20
-185.0226949999999988
11
70.0827699999999965
21
-185.1179329999999936
0
LINE
8
BLACK
6
CONTINUOUS
10
70.0827699999999965
20
-185.1179329999999936
11
70.4637230000000017
21
-185.1179329999999936
0
LINE
8
BLACK
6
CONTINUOUS
10
70.4637230000000017
20
-185.1179329999999936
11
70.6541989999999913
21
-185.0226949999999988
0
LINE
8
BLACK
6
CONTINUOUS
10
70.6541989999999913
20
-185.0226949999999988
11
70.7494370000000004
21
-184.927457000000004
0
LINE
8
BLACK
6
CONTINUOUS
10
70.7494370000000004
20
-184.927457000000004
11
70.8446749999999952
21
-184.7369799999999884
0
LINE
8
BLACK
6
CONTINUOUS
10
72.5589609999999965
20
-184.5465039999999988
11
72.5589609999999965
21
-185.8798379999999781
0
LINE
8
BLACK
6
CONTINUOUS
10
72.0827699999999965
20
-183.7845999999999833
11
71.6065799999999939
21
-185.2131709999999885
0
LINE
8
BLACK
6
CONTINUOUS
10
71.6065799999999939
20
-185.2131709999999885
11
72.8446749999999952
21
-185.2131709999999885
0
LINE
8
BLACK
6
CONTINUOUS
10
73.5113419999999991
20
-183.8798379999999781
11
73.5113419999999991
21
-184.2607899999999859
0
LINE
8
BLACK
6
CONTINUOUS
10
74.2732469999999978
20
-183.8798379999999781
11
74.2732469999999978
21
-184.2607899999999859
0
LINE
8
BLACK
6
CONTINUOUS
10
77.2256289999999979
20
-186.6417419999999936
11
77.1303899999999913
21
-186.5465039999999988
0
LINE
8
BLACK
6
CONTINUOUS
10
77.1303899999999913
20
-186.5465039999999988
11
76.9399140000000017
21
-186.2607899999999859
0
LINE
8
BLACK
6
CONTINUOUS
10
76.9399140000000017
20
-186.2607899999999859
11
76.8446759999999927
21
-186.0703139999999962
0
LINE
8
BLACK
6
CONTINUOUS
10
76.8446759999999927
20
-186.0703139999999962
11
76.7494379999999978
21
-185.7845999999999833
0
LINE
8
BLACK
6
CONTINUOUS
10
76.7494379999999978
20
-185.7845999999999833
11
76.654200000000003
21
-185.3084089999999833
0
LINE
8
BLACK
6
CONTINUOUS
10
76.654200000000003
20
-185.3084089999999833
11
76.654200000000003
21
-184.927457000000004
0
LINE
8
BLACK
6
CONTINUOUS
10
76.654200000000003
20
-184.927457000000004
11
76.7494379999999978
21
-184.4512660000000039
0
LINE
8
BLACK
6
CONTINUOUS
10
76.7494379999999978
20
-184.4512660000000039
11
76.8446759999999927
21
-184.165551999999991
0
LINE
8
BLACK
6
CONTINUOUS
10
76.8446759999999927
20
-184.165551999999991
11
76.9399140000000017
21
-183.9750760000000014
0
LINE
8
BLACK
6
CONTINUOUS
10
76.9399140000000017
20
-183.9750760000000014
11
77.1303899999999913
21
-183.689360999999991
0
LINE
8
BLACK
6
CONTINUOUS
10
77.1303899999999913
20
-183.689360999999991
11
77.2256289999999979
21
-183.5941229999999962
0
LINE
8
BLACK
6
CONTINUOUS
10
78.2732469999999978
20
-184.7369799999999884
11
78.0827709999999939
21
-184.6417419999999936
0
LINE
8
BLACK
6
CONTINUOUS
10
78.0827709999999939
20
-184.6417419999999936
11
77.9875329999999991
21
-184.5465039999999988
0
LINE
8
BLACK
6
CONTINUOUS
10
77.9875329999999991
20
-184.5465039999999988
11
77.8922949999999901
21
-184.3560279999999807
0
LINE
8
BLACK
6
CONTINUOUS
10
77.8922949999999901
20
-184.3560279999999807
11
77.8922949999999901
21
-184.2607899999999859
0
LINE
8
BLACK
6
CONTINUOUS
10
77.8922949999999901
20
-184.2607899999999859
11
77.9875329999999991
21
-184.0703139999999962
0
LINE
8
BLACK
6
CONTINUOUS
10
77.9875329999999991
20
-184.0703139999999962
11
78.0827709999999939
21
-183.9750760000000014
0
LINE
8
BLACK
6
CONTINUOUS
10
78.0827709999999939
20
-183.9750760000000014
11
78.2732469999999978
21
-183.8798379999999781
0
LINE
8
BLACK
6
CONTINUOUS
10
78.2732469999999978
20
-183.8798379999999781
11
78.654200000000003
21
-183.8798379999999781
0
LINE
8
BLACK
6
CONTINUOUS
10
78.654200000000003
20
-183.8798379999999781
11
78.8446759999999927
21
-183.9750760000000014
0
LINE
8
BLACK
6
CONTINUOUS
10
78.8446759999999927
20
-183.9750760000000014
11
78.9399140000000017
21
-184.0703139999999962
0
LINE
8
BLACK
6
CONTINUOUS
10
78.9399140000000017
20
-184.0703139999999962
11
79.0351519999999965
21
-184.2607899999999859
0
LINE
8
BLACK
6
CONTINUOUS
10
79.0351519999999965
20
-184.2607899999999859
11
79.0351519999999965
21
-184.3560279999999807
0
LINE
8
BLACK
6
CONTINUOUS
10
79.0351519999999965
20
-184.3560279999999807
11
78.9399140000000017
21
-184.5465039999999988
0
LINE
8
BLACK
6
CONTINUOUS
10
78.9399140000000017
20
-184.5465039999999988
11
78.8446759999999927
21
-184.6417419999999936
0
LINE
8
BLACK
6
CONTINUOUS
10
78.8446759999999927
20
-184.6417419999999936
11
78.654200000000003
21
-184.7369799999999884
0
LINE
8
BLACK
6
CONTINUOUS
10
78.654200000000003
20
-184.7369799999999884
11
78.2732469999999978
21
-184.7369799999999884
0
LINE
8
BLACK
6
CONTINUOUS
10
78.2732469999999978
20
-184.7369799999999884
11
78.0827709999999939
21
-184.8322189999999807
0
LINE
8
BLACK
6
CONTINUOUS
10
78.0827709999999939
20
-184.8322189999999807
11
77.9875329999999991
21
-184.927457000000004
0
LINE
8
BLACK
6
CONTINUOUS
10
77.9875329999999991
20
-184.927457000000004
11
77.8922949999999901
21
-185.1179329999999936
0
LINE
8
BLACK
6
CONTINUOUS
10
77.8922949999999901
20
-185.1179329999999936
11
77.8922949999999901
21
-185.4988850000000014
0
LINE
8
BLACK
6
CONTINUOUS
10
77.8922949999999901
20
-185.4988850000000014
11
77.9875329999999991
21
-185.689360999999991
0
LINE
8
BLACK
6
CONTINUOUS
10
77.9875329999999991
20
-185.689360999999991
11
78.0827709999999939
21
-185.7845999999999833
0
LINE
8
BLACK
6
CONTINUOUS
10
78.0827709999999939
20
-185.7845999999999833
11
78.2732469999999978
21
-185.8798379999999781
0
LINE
8
BLACK
6
CONTINUOUS
10
78.2732469999999978
20
-185.8798379999999781
11
78.654200000000003
21
-185.8798379999999781
0
LINE
8
BLACK
6
CONTINUOUS
10
78.654200000000003
20
-185.8798379999999781
11
78.8446759999999927
21
-185.7845999999999833
0
LINE
8
BLACK
6
CONTINUOUS
10
78.8446759999999927
20
-185.7845999999999833
11
78.9399140000000017
21
-185.689360999999991
0
LINE
8
BLACK
6
CONTINUOUS
10
78.9399140000000017
20
-185.689360999999991
11
79.0351519999999965
21
-185.4988850000000014
0
LINE
8
BLACK
6
CONTINUOUS
10
79.0351519999999965
20
-185.4988850000000014
11
79.0351519999999965
21
-185.1179329999999936
0
LINE
8
BLACK
6
CONTINUOUS
10
79.0351519999999965
20
-185.1179329999999936
11
78.9399140000000017
21
-184.927457000000004
0
LINE
8
BLACK
6
CONTINUOUS
10
78.9399140000000017
20
-184.927457000000004
11
78.8446759999999927
21
-184.8322189999999807
0
LINE
8
BLACK
6
CONTINUOUS
10
78.8446759999999927
20
-184.8322189999999807
11
78.654200000000003
21
-184.7369799999999884
0
LINE
8
BLACK
6
CONTINUOUS
10
81.4161050000000017
20
-185.8798379999999781
11
81.4161050000000017
21
-183.8798379999999781
0
LINE
8
BLACK
6
CONTINUOUS
10
82.2732479999999953
20
-185.8798379999999781
11
82.2732479999999953
21
-184.8322189999999807
0
LINE
8
BLACK
6
CONTINUOUS
10
82.2732479999999953
20
-184.8322189999999807
11
82.1780100000000004
21
-184.6417419999999936
0
LINE
8
BLACK
6
CONTINUOUS
10
82.1780100000000004
20
-184.6417419999999936
11
81.9875339999999966
21
-184.5465039999999988
0
LINE
8
BLACK
6
CONTINUOUS
10
81.9875339999999966
20
-184.5465039999999988
11
81.7018190000000004
21
-184.5465039999999988
0
LINE
8
BLACK
6
CONTINUOUS
10
81.7018190000000004
20
-184.5465039999999988
11
81.5113429999999966
21
-184.6417419999999936
0
LINE
8
BLACK
6
CONTINUOUS
10
81.5113429999999966
20
-184.6417419999999936
11
81.4161050000000017
21
-184.7369799999999884
0
LINE
8
BLACK
6
CONTINUOUS
10
83.5113429999999966
20
-185.8798379999999781
11
83.3208669999999927
21
-185.7845999999999833
0
LINE
8
BLACK
6
CONTINUOUS
10
83.3208669999999927
20
-185.7845999999999833
11
83.2256289999999979
21
-185.689360999999991
0
LINE
8
BLACK
6
CONTINUOUS
10
83.2256289999999979
20
-185.689360999999991
11
83.130391000000003
21
-185.4988850000000014
0
LINE
8
BLACK
6
CONTINUOUS
10
83.130391000000003
20
-185.4988850000000014
11
83.130391000000003
21
-184.927457000000004
0
LINE
8
BLACK
6
CONTINUOUS
10
83.130391000000003
20
-184.927457000000004
11
83.2256289999999979
21
-184.7369799999999884
0
LINE
8
BLACK
6
CONTINUOUS
10
83.2256289999999979
20
-184.7369799999999884
11
83.3208669999999927
21
-184.6417419999999936
0
LINE
8
BLACK
6
CONTINUOUS
10
83.3208669999999927
20
-184.6417419999999936
11
83.5113429999999966
21
-184.5465039999999988
0
LINE
8
BLACK
6
CONTINUOUS
10
83.5113429999999966
20
-184.5465039999999988
11
83.7970579999999927
21
-184.5465039999999988
0
LINE
8
BLACK
6
CONTINUOUS
10
83.7970579999999927
20
-184.5465039999999988
11
83.9875339999999966
21
-184.6417419999999936
0
LINE
8
BLACK
6
CONTINUOUS
10
83.9875339999999966
20
-184.6417419999999936
11
84.0827719999999914
21
-184.7369799999999884
0
LINE
8
BLACK
6
CONTINUOUS
10
84.0827719999999914
20
-184.7369799999999884
11
84.1780100000000004
21
-184.927457000000004
0
LINE
8
BLACK
6
CONTINUOUS
10
84.1780100000000004
20
-184.927457000000004
11
84.1780100000000004
21
-185.4988850000000014
0
LINE
8
BLACK
6
CONTINUOUS
10
84.1780100000000004
20
-185.4988850000000014
11
84.0827719999999914
21
-185.689360999999991
0
LINE
8
BLACK
6
CONTINUOUS
10
84.0827719999999914
20
-185.689360999999991
11
83.9875339999999966
21
-185.7845999999999833
0
LINE
8
BLACK
6
CONTINUOUS
10
83.9875339999999966
20
-185.7845999999999833
11
83.7970579999999927
21
-185.8798379999999781
0
LINE
8
BLACK
6
CONTINUOUS
10
83.7970579999999927
20
-185.8798379999999781
11
83.5113429999999966
21
-185.8798379999999781
0
LINE
8
BLACK
6
CONTINUOUS
10
85.3208669999999927
20
-185.8798379999999781
11
85.130391000000003
21
-185.7845999999999833
0
LINE
8
BLACK
6
CONTINUOUS
10
85.130391000000003
20
-185.7845999999999833
11
85.035152999999994
21
-185.5941229999999962
0
LINE
8
BLACK
6
CONTINUOUS
10
85.035152999999994
20
-185.5941229999999962
11
85.035152999999994
21
-183.8798379999999781
0
LINE
8
BLACK
6
CONTINUOUS
10
86.8446769999999901
20
-185.7845999999999833
11
86.6542010000000005
21
-185.8798379999999781
0
LINE
8
BLACK
6
CONTINUOUS
10
86.6542010000000005
20
-185.8798379999999781
11
86.2732479999999953
21
-185.8798379999999781
0
LINE
8
BLACK
6
CONTINUOUS
10
86.2732479999999953
20
-185.8798379999999781
11
86.0827719999999914
21
-185.7845999999999833
0
LINE
8
BLACK
6
CONTINUOUS
10
86.0827719999999914
20
-185.7845999999999833
11
85.9875339999999966
21
-185.5941229999999962
0
LINE
8
BLACK
6
CONTINUOUS
10
85.9875339999999966
20
-185.5941229999999962
11
85.9875339999999966
21
-184.8322189999999807
0
LINE
8
BLACK
6
CONTINUOUS
10
85.9875339999999966
20
-184.8322189999999807
11
86.0827719999999914
21
-184.6417419999999936
0
LINE
8
BLACK
6
CONTINUOUS
10
86.0827719999999914
20
-184.6417419999999936
11
86.2732479999999953
21
-184.5465039999999988
0
LINE
8
BLACK
6
CONTINUOUS
10
86.2732479999999953
20
-184.5465039999999988
11
86.6542010000000005
21
-184.5465039999999988
0
LINE
8
BLACK
6
CONTINUOUS
10
86.6542010000000005
20
-184.5465039999999988
11
86.8446769999999901
21
-184.6417419999999936
0
LINE
8
BLACK
6
CONTINUOUS
10
86.8446769999999901
20
-184.6417419999999936
11
86.9399149999999992
21
-184.8322189999999807
0
LINE
8
BLACK
6
CONTINUOUS
10
86.9399149999999992
20
-184.8322189999999807
11
86.9399149999999992
21
-185.0226949999999988
0
LINE
8
BLACK
6
CONTINUOUS
10
86.9399149999999992
20
-185.0226949999999988
11
85.9875339999999966
21
-185.2131709999999885
0
LINE
8
BLACK
6
CONTINUOUS
10
87.7018199999999979
20
-185.7845999999999833
11
87.8922960000000018
21
-185.8798379999999781
0
LINE
8
BLACK
6
CONTINUOUS
10
87.8922960000000018
20
-185.8798379999999781
11
88.2732479999999953
21
-185.8798379999999781
0
LINE
8
BLACK
6
CONTINUOUS
10
88.2732479999999953
20
-185.8798379999999781
11
88.4637249999999966
21
-185.7845999999999833
0
LINE
8
BLACK
6
CONTINUOUS
10
88.4637249999999966
20
-185.7845999999999833
11
88.5589629999999914
21
-185.5941229999999962
0
LINE
8
BLACK
6
CONTINUOUS
10
88.5589629999999914
20
-185.5941229999999962
11
88.5589629999999914
21
-185.4988850000000014
0
LINE
8
BLACK
6
CONTINUOUS
10
88.5589629999999914
20
-185.4988850000000014
11
88.4637249999999966
21
-185.3084089999999833
0
LINE
8
BLACK
6
CONTINUOUS
10
88.4637249999999966
20
-185.3084089999999833
11
88.2732479999999953
21
-185.2131709999999885
0
LINE
8
BLACK
6
CONTINUOUS
10
88.2732479999999953
20
-185.2131709999999885
11
87.9875339999999966
21
-185.2131709999999885
0
LINE
8
BLACK
6
CONTINUOUS
10
87.9875339999999966
20
-185.2131709999999885
11
87.7970579999999927
21
-185.1179329999999936
0
LINE
8
BLACK
6
CONTINUOUS
10
87.7970579999999927
20
-185.1179329999999936
11
87.7018199999999979
21
-184.927457000000004
0
LINE
8
BLACK
6
CONTINUOUS
10
87.7018199999999979
20
-184.927457000000004
11
87.7018199999999979
21
-184.8322189999999807
0
LINE
8
BLACK
6
CONTINUOUS
10
87.7018199999999979
20
-184.8322189999999807
11
87.7970579999999927
21
-184.6417419999999936
0
LINE
8
BLACK
6
CONTINUOUS
10
87.7970579999999927
20
-184.6417419999999936
11
87.9875339999999966
21
-184.5465039999999988
0
LINE
8
BLACK
6
CONTINUOUS
10
87.9875339999999966
20
-184.5465039999999988
11
88.2732479999999953
21
-184.5465039999999988
0
LINE
8
BLACK
6
CONTINUOUS
10
88.2732479999999953
20
-184.5465039999999988
11
88.4637249999999966
21
-184.6417419999999936
0
LINE
8
BLACK
6
CONTINUOUS
10
89.2256299999999953
20
-186.6417419999999936
11
89.3208679999999902
21
-186.5465039999999988
0
LINE
8
BLACK
6
CONTINUOUS
10
89.3208679999999902
20
-186.5465039999999988
11
89.511343999999994
21
-186.2607899999999859
0
LINE
8
BLACK
6
CONTINUOUS
10
89.511343999999994
20
-186.2607899999999859
11
89.6065819999999889
21
-186.0703139999999962
0
LINE
8
BLACK
6
CONTINUOUS
10
89.6065819999999889
20
-186.0703139999999962
11
89.7018199999999979
21
-185.7845999999999833
0
LINE
8
BLACK
6
CONTINUOUS
10
89.7018199999999979
20
-185.7845999999999833
11
89.7970579999999927
21
-185.3084089999999833
0
LINE
8
BLACK
6
CONTINUOUS
10
89.7970579999999927
20
-185.3084089999999833
11
89.7970579999999927
21
-184.927457000000004
0
LINE
8
BLACK
6
CONTINUOUS
10
89.7970579999999927
20
-184.927457000000004
11
89.7018199999999979
21
-184.4512660000000039
0
LINE
8
BLACK
6
CONTINUOUS
10
89.7018199999999979
20
-184.4512660000000039
11
89.6065819999999889
21
-184.165551999999991
0
LINE
8
BLACK
6
CONTINUOUS
10
89.6065819999999889
20
-184.165551999999991
11
89.511343999999994
21
-183.9750760000000014
0
LINE
8
BLACK
6
CONTINUOUS
10
89.511343999999994
20
-183.9750760000000014
11
89.3208679999999902
21
-183.689360999999991
0
LINE
8
BLACK
6
CONTINUOUS
10
89.3208679999999902
20
-183.689360999999991
11
89.2256299999999953
21
-183.5941229999999962
0
LINE
8
BLACK
6
CONTINUOUS
10
92.8446780000000018
20
-186.6417419999999936
11
92.7494389999999953
21
-186.5465039999999988
0
LINE
8
BLACK
6
CONTINUOUS
10
92.7494389999999953
20
-186.5465039999999988
11
92.5589629999999914
21
-186.2607899999999859
0
LINE
8
BLACK
6
CONTINUOUS
10
92.5589629999999914
20
-186.2607899999999859
11
92.4637249999999966
21
-186.0703139999999962
0
LINE
8
BLACK
6
CONTINUOUS
10
92.4637249999999966
20
-186.0703139999999962
11
92.3684870000000018
21
-185.7845999999999833
0
LINE
8
BLACK
6
CONTINUOUS
10
92.3684870000000018
20
-185.7845999999999833
11
92.2732489999999927
21
-185.3084089999999833
0
LINE
8
BLACK
6
CONTINUOUS
10
92.2732489999999927
20
-185.3084089999999833
11
92.2732489999999927
21
-184.927457000000004
0
LINE
8
BLACK
6
CONTINUOUS
10
92.2732489999999927
20
-184.927457000000004
11
92.3684870000000018
21
-184.4512660000000039
0
LINE
8
BLACK
6
CONTINUOUS
10
92.3684870000000018
20
-184.4512660000000039
11
92.4637249999999966
21
-184.165551999999991
0
LINE
8
BLACK
6
CONTINUOUS
10
92.4637249999999966
20
-184.165551999999991
11
92.5589629999999914
21
-183.9750760000000014
0
LINE
8
BLACK
6
CONTINUOUS
10
92.5589629999999914
20
-183.9750760000000014
11
92.7494389999999953
21
-183.689360999999991
0
LINE
8
BLACK
6
CONTINUOUS
10
92.7494389999999953
20
-183.689360999999991
11
92.8446780000000018
21
-183.5941229999999962
0
LINE
8
BLACK
6
CONTINUOUS
10
93.6065819999999889
20
-184.5465039999999988
11
93.6065819999999889
21
-185.8798379999999781
0
LINE
8
BLACK
6
CONTINUOUS
10
93.6065819999999889
20
-184.7369799999999884
11
93.7018199999999979
21
-184.6417419999999936
0
LINE
8
BLACK
6
CONTINUOUS
10
93.7018199999999979
20
-184.6417419999999936
11
93.8922960000000018
21
-184.5465039999999988
0
LINE
8
BLACK
6
CONTINUOUS
10
93.8922960000000018
20
-184.5465039999999988
11
94.1780109999999979
21
-184.5465039999999988
0
LINE
8
BLACK
6
CONTINUOUS
10
94.1780109999999979
20
-184.5465039999999988
11
94.3684870000000018
21
-184.6417419999999936
0
LINE
8
BLACK
6
CONTINUOUS
10
94.3684870000000018
20
-184.6417419999999936
11
94.4637249999999966
21
-184.8322189999999807
0
LINE
8
BLACK
6
CONTINUOUS
10
94.4637249999999966
20
-184.8322189999999807
11
94.4637249999999966
21
-185.8798379999999781
0
LINE
8
BLACK
6
CONTINUOUS
10
95.7018199999999979
20
-185.8798379999999781
11
95.511343999999994
21
-185.7845999999999833
0
LINE
8
BLACK
6
CONTINUOUS
10
95.511343999999994
20
-185.7845999999999833
11
95.4161059999999992
21
-185.689360999999991
0
LINE
8
BLACK
6
CONTINUOUS
10
95.4161059999999992
20
-185.689360999999991
11
95.3208679999999902
21
-185.4988850000000014
0
LINE
8
BLACK
6
CONTINUOUS
10
95.3208679999999902
20
-185.4988850000000014
11
95.3208679999999902
21
-184.927457000000004
0
LINE
8
BLACK
6
CONTINUOUS
10
95.3208679999999902
20
-184.927457000000004
11
95.4161059999999992
21
-184.7369799999999884
0
LINE
8
BLACK
6
CONTINUOUS
10
95.4161059999999992
20
-184.7369799999999884
11
95.511343999999994
21
-184.6417419999999936
0
LINE
8
BLACK
6
CONTINUOUS
10
95.511343999999994
20
-184.6417419999999936
11
95.7018199999999979
21
-184.5465039999999988
0
LINE
8
BLACK
6
CONTINUOUS
10
95.7018199999999979
20
-184.5465039999999988
11
95.9875349999999941
21
-184.5465039999999988
0
LINE
8
BLACK
6
CONTINUOUS
10
95.9875349999999941
20
-184.5465039999999988
11
96.1780109999999979
21
-184.6417419999999936
0
LINE
8
BLACK
6
CONTINUOUS
10
96.1780109999999979
20
-184.6417419999999936
11
96.2732489999999927
21
-184.7369799999999884
0
LINE
8
BLACK
6
CONTINUOUS
10
96.2732489999999927
20
-184.7369799999999884
11
96.3684870000000018
21
-184.927457000000004
0
LINE
8
BLACK
6
CONTINUOUS
10
96.3684870000000018
20
-184.927457000000004
11
96.3684870000000018
21
-185.4988850000000014
0
LINE
8
BLACK
6
CONTINUOUS
10
96.3684870000000018
20
-185.4988850000000014
11
96.2732489999999927
21
-185.689360999999991
0
LINE
8
BLACK
6
CONTINUOUS
10
96.2732489999999927
20
-185.689360999999991
11
96.1780109999999979
21
-185.7845999999999833
0
LINE
8
BLACK
6
CONTINUOUS
10
96.1780109999999979
20
-185.7845999999999833
11
95.9875349999999941
21
-185.8798379999999781
0
LINE
8
BLACK
6
CONTINUOUS
10
95.9875349999999941
20
-185.8798379999999781
11
95.7018199999999979
21
-185.8798379999999781
0
LINE
8
BLACK
6
CONTINUOUS
10
96.9399159999999966
20
-184.5465039999999988
11
97.7018199999999979
21
-184.5465039999999988
0
LINE
8
BLACK
6
CONTINUOUS
10
97.2256299999999953
20
-183.8798379999999781
11
97.2256299999999953
21
-185.5941229999999962
0
LINE
8
BLACK
6
CONTINUOUS
10
97.2256299999999953
20
-185.5941229999999962
11
97.3208679999999902
21
-185.7845999999999833
0
LINE
8
BLACK
6
CONTINUOUS
10
97.3208679999999902
20
-185.7845999999999833
11
97.511343999999994
21
-185.8798379999999781
0
LINE
8
BLACK
6
CONTINUOUS
10
97.511343999999994
20
-185.8798379999999781
11
97.7018199999999979
21
-185.8798379999999781
0
LINE
8
BLACK
6
CONTINUOUS
10
99.8922969999999992
20
-184.5465039999999988
11
99.8922969999999992
21
-186.5465039999999988
0
LINE
8
BLACK
6
CONTINUOUS
10
99.8922969999999992
20
-184.6417419999999936
11
100.0827729999999889
21
-184.5465039999999988
0
LINE
8
BLACK
6
CONTINUOUS
10
100.0827729999999889
20
-184.5465039999999988
11
100.4637259999999941
21
-184.5465039999999988
0
LINE
8
BLACK
6
CONTINUOUS
10
100.4637259999999941
20
-184.5465039999999988
11
100.654201999999998
21
-184.6417419999999936
0
LINE
8
BLACK
6
CONTINUOUS
10
100.654201999999998
20
-184.6417419999999936
11
100.7494399999999928
21
-184.7369799999999884
0
LINE
8
BLACK
6
CONTINUOUS
10
100.7494399999999928
20
-184.7369799999999884
11
100.8446780000000018
21
-184.927457000000004
0
LINE
8
BLACK
6
CONTINUOUS
10
100.8446780000000018
20
-184.927457000000004
11
100.8446780000000018
21
-185.4988850000000014
0
LINE
8
BLACK
6
CONTINUOUS
10
100.8446780000000018
20
-185.4988850000000014
11
100.7494399999999928
21
-185.689360999999991
0
LINE
8
BLACK
6
CONTINUOUS
10
100.7494399999999928
20
-185.689360999999991
11
100.654201999999998
21
-185.7845999999999833
0
LINE
8
BLACK
6
CONTINUOUS
10
100.654201999999998
20
-185.7845999999999833
11
100.4637259999999941
21
-185.8798379999999781
0
LINE
8
BLACK
6
CONTINUOUS
10
100.4637259999999941
20
-185.8798379999999781
11
100.0827729999999889
21
-185.8798379999999781
0
LINE
8
BLACK
6
CONTINUOUS
10
100.0827729999999889
20
-185.8798379999999781
11
99.8922969999999992
21
-185.7845999999999833
0
LINE
8
BLACK
6
CONTINUOUS
10
101.9875349999999941
20
-185.8798379999999781
11
101.7970589999999902
21
-185.7845999999999833
0
LINE
8
BLACK
6
CONTINUOUS
10
101.7970589999999902
20
-185.7845999999999833
11
101.7018209999999954
21
-185.5941229999999962
0
LINE
8
BLACK
6
CONTINUOUS
10
101.7018209999999954
20
-185.5941229999999962
11
101.7018209999999954
21
-183.8798379999999781
0
LINE
8
BLACK
6
CONTINUOUS
10
103.6065830000000005
20
-185.8798379999999781
11
103.6065830000000005
21
-184.8322189999999807
0
LINE
8
BLACK
6
CONTINUOUS
10
103.6065830000000005
20
-184.8322189999999807
11
103.5113449999999915
21
-184.6417419999999936
0
LINE
8
BLACK
6
CONTINUOUS
10
103.5113449999999915
20
-184.6417419999999936
11
103.3208690000000018
21
-184.5465039999999988
0
LINE
8
BLACK
6
CONTINUOUS
10
103.3208690000000018
20
-184.5465039999999988
11
102.9399159999999966
21
-184.5465039999999988
0
LINE
8
BLACK
6
CONTINUOUS
10
102.9399159999999966
20
-184.5465039999999988
11
102.7494399999999928
21
-184.6417419999999936
0
LINE
8
BLACK
6
CONTINUOUS
10
103.6065830000000005
20
-185.7845999999999833
11
103.4161069999999967
21
-185.8798379999999781
0
LINE
8
BLACK
6
CONTINUOUS
10
103.4161069999999967
20
-185.8798379999999781
11
102.9399159999999966
21
-185.8798379999999781
0
LINE
8
BLACK
6
CONTINUOUS
10
102.9399159999999966
20
-185.8798379999999781
11
102.7494399999999928
21
-185.7845999999999833
0
LINE
8
BLACK
6
CONTINUOUS
10
102.7494399999999928
20
-185.7845999999999833
11
102.654201999999998
21
-185.5941229999999962
0
LINE
8
BLACK
6
CONTINUOUS
10
102.654201999999998
20
-185.5941229999999962
11
102.654201999999998
21
-185.4036469999999781
0
LINE
8
BLACK
6
CONTINUOUS
10
102.654201999999998
20
-185.4036469999999781
11
102.7494399999999928
21
-185.2131709999999885
0
LINE
8
BLACK
6
CONTINUOUS
10
102.7494399999999928
20
-185.2131709999999885
11
102.9399159999999966
21
-185.1179329999999936
0
LINE
8
BLACK
6
CONTINUOUS
10
102.9399159999999966
20
-185.1179329999999936
11
103.4161069999999967
21
-185.1179329999999936
0
LINE
8
BLACK
6
CONTINUOUS
10
103.4161069999999967
20
-185.1179329999999936
11
103.6065830000000005
21
-185.0226949999999988
0
LINE
8
BLACK
6
CONTINUOUS
10
104.2732499999999902
20
-184.5465039999999988
11
105.0351539999999915
21
-184.5465039999999988
0
LINE
8
BLACK
6
CONTINUOUS
10
104.5589639999999889
20
-183.8798379999999781
11
104.5589639999999889
21
-185.5941229999999962
0
LINE
8
BLACK
6
CONTINUOUS
10
104.5589639999999889
20
-185.5941229999999962
11
104.654201999999998
21
-185.7845999999999833
0
LINE
8
BLACK
6
CONTINUOUS
10
104.654201999999998
20
-185.7845999999999833
11
104.8446780000000018
21
-185.8798379999999781
0
LINE
8
BLACK
6
CONTINUOUS
10
104.8446780000000018
20
-185.8798379999999781
11
105.0351539999999915
21
-185.8798379999999781
0
LINE
8
BLACK
6
CONTINUOUS
10
106.4637259999999941
20
-185.7845999999999833
11
106.2732499999999902
21
-185.8798379999999781
0
LINE
8
BLACK
6
CONTINUOUS
10
106.2732499999999902
20
-185.8798379999999781
11
105.8922969999999992
21
-185.8798379999999781
0
LINE
8
BLACK
6
CONTINUOUS
10
105.8922969999999992
20
-185.8798379999999781
11
105.7018209999999954
21
-185.7845999999999833
0
LINE
8
BLACK
6
CONTINUOUS
10
105.7018209999999954
20
-185.7845999999999833
11
105.6065830000000005
21
-185.5941229999999962
0
LINE
8
BLACK
6
CONTINUOUS
10
105.6065830000000005
20
-185.5941229999999962
11
105.6065830000000005
21
-184.8322189999999807
0
LINE
8
BLACK
6
CONTINUOUS
10
105.6065830000000005
20
-184.8322189999999807
11
105.7018209999999954
21
-184.6417419999999936
0
LINE
8
BLACK
6
CONTINUOUS
10
105.7018209999999954
20
-184.6417419999999936
11
105.8922969999999992
21
-184.5465039999999988
0
LINE
8
BLACK
6
CONTINUOUS
10
105.8922969999999992
20
-184.5465039999999988
11
106.2732499999999902
21
-184.5465039999999988
0
LINE
8
BLACK
6
CONTINUOUS
10
106.2732499999999902
20
-184.5465039999999988
11
106.4637259999999941
21
-184.6417419999999936
0
LINE
8
BLACK
6
CONTINUOUS
10
106.4637259999999941
20
-184.6417419999999936
11
106.5589639999999889
21
-184.8322189999999807
0
LINE
8
BLACK
6
CONTINUOUS
10
106.5589639999999889
20
-184.8322189999999807
11
106.5589639999999889
21
-185.0226949999999988
0
LINE
8
BLACK
6
CONTINUOUS
10
106.5589639999999889
20
-185.0226949999999988
11
105.6065830000000005
21
-185.2131709999999885
0
LINE
8
BLACK
6
CONTINUOUS
10
108.2732499999999902
20
-185.8798379999999781
11
108.2732499999999902
21
-183.8798379999999781
0
LINE
8
BLACK
6
CONTINUOUS
10
108.2732499999999902
20
-185.7845999999999833
11
108.0827740000000006
21
-185.8798379999999781
0
LINE
8
BLACK
6
CONTINUOUS
10
108.0827740000000006
20
-185.8798379999999781
11
107.7018209999999954
21
-185.8798379999999781
0
LINE
8
BLACK
6
CONTINUOUS
10
107.7018209999999954
20
-185.8798379999999781
11
107.5113449999999915
21
-185.7845999999999833
0
LINE
8
BLACK
6
CONTINUOUS
10
107.5113449999999915
20
-185.7845999999999833
11
107.4161069999999967
21
-185.689360999999991
0
LINE
8
BLACK
6
CONTINUOUS
10
107.4161069999999967
20
-185.689360999999991
11
107.3208690000000018
21
-185.4988850000000014
0
LINE
8
BLACK
6
CONTINUOUS
10
107.3208690000000018
20
-185.4988850000000014
11
107.3208690000000018
21
-184.927457000000004
0
LINE
8
BLACK
6
CONTINUOUS
10
107.3208690000000018
20
-184.927457000000004
11
107.4161069999999967
21
-184.7369799999999884
0
LINE
8
BLACK
6
CONTINUOUS
10
107.4161069999999967
20
-184.7369799999999884
11
107.5113449999999915
21
-184.6417419999999936
0
LINE
8
BLACK
6
CONTINUOUS
10
107.5113449999999915
20
-184.6417419999999936
11
107.7018209999999954
21
-184.5465039999999988
0
LINE
8
BLACK
6
CONTINUOUS
10
107.7018209999999954
20
-184.5465039999999988
11
108.0827740000000006
21
-184.5465039999999988
0
LINE
8
BLACK
6
CONTINUOUS
10
108.0827740000000006
20
-184.5465039999999988
11
108.2732499999999902
21
-184.6417419999999936
0
LINE
8
BLACK
6
CONTINUOUS
10
109.0351549999999889
20
-186.6417419999999936
11
109.130392999999998
21
-186.5465039999999988
0
LINE
8
BLACK
6
CONTINUOUS
10
109.130392999999998
20
-186.5465039999999988
11
109.3208690000000018
21
-186.2607899999999859
0
LINE
8
BLACK
6
CONTINUOUS
10
109.3208690000000018
20
-186.2607899999999859
11
109.4161069999999967
21
-186.0703139999999962
0
LINE
8
BLACK
6
CONTINUOUS
10
109.4161069999999967
20
-186.0703139999999962
11
109.5113449999999915
21
-185.7845999999999833
0
LINE
8
BLACK
6
CONTINUOUS
10
109.5113449999999915
20
-185.7845999999999833
11
109.6065830000000005
21
-185.3084089999999833
0
LINE
8
BLACK
6
CONTINUOUS
10
109.6065830000000005
20
-185.3084089999999833
11
109.6065830000000005
21
-184.927457000000004
0
LINE
8
BLACK
6
CONTINUOUS
10
109.6065830000000005
20
-184.927457000000004
11
109.5113449999999915
21
-184.4512660000000039
0
LINE
8
BLACK
6
CONTINUOUS
10
109.5113449999999915
20
-184.4512660000000039
11
109.4161069999999967
21
-184.165551999999991
0
LINE
8
BLACK
6
CONTINUOUS
10
109.4161069999999967
20
-184.165551999999991
11
109.3208690000000018
21
-183.9750760000000014
0
LINE
8
BLACK
6
CONTINUOUS
10
109.3208690000000018
20
-183.9750760000000014
11
109.130392999999998
21
-183.689360999999991
0
LINE
8
BLACK
6
CONTINUOUS
10
109.130392999999998
20
-183.689360999999991
11
109.0351549999999889
21
-183.5941229999999962
0
LINE
8
BLACK
6
CONTINUOUS
10
39.4750000000000014
20
-186.6049999999999898
11
41.4750000000000014
21
-188.6049999999999898
0
LINE
8
BLACK
6
CONTINUOUS
10
41.4750000000000014
20
-186.6049999999999898
11
39.4750000000000014
21
-188.6049999999999898
0
LINE
8
BLACK
6
CONTINUOUS
10
40.4750000000000014
20
-188.6049999999999898
11
41.4750000000000014
21
-187.6049999999999898
0
LINE
8
BLACK
6
CONTINUOUS
10
41.4750000000000014
20
-187.6049999999999898
11
40.4750000000000014
21
-186.6049999999999898
0
LINE
8
BLACK
6
CONTINUOUS
10
40.4750000000000014
20
-186.6049999999999898
11
39.4750000000000014
21
-187.6049999999999898
0
LINE
8
BLACK
6
CONTINUOUS
10
39.4750000000000014
20
-187.6049999999999898
11
40.4750000000000014
21
-188.6049999999999898
0
LINE
8
BLACK
6
CONTINUOUS
10
43.9875299999999996
20
-186.7103139999999826
11
44.0827680000000015
21
-186.6150759999999877
0
LINE
8
BLACK
6
CONTINUOUS
10
44.0827680000000015
20
-186.6150759999999877
11
44.2732439999999983
21
-186.5198379999999929
0
LINE
8
BLACK
6
CONTINUOUS
10
44.2732439999999983
20
-186.5198379999999929
11
44.7494349999999983
21
-186.5198379999999929
0
LINE
8
BLACK
6
CONTINUOUS
10
44.7494349999999983
20
-186.5198379999999929
11
44.9399109999999951
21
-186.6150759999999877
0
LINE
8
BLACK
6
CONTINUOUS
10
44.9399109999999951
20
-186.6150759999999877
11
45.035148999999997
21
-186.7103139999999826
0
LINE
8
BLACK
6
CONTINUOUS
10
45.035148999999997
20
-186.7103139999999826
11
45.1303869999999989
21
-186.9007900000000006
0
LINE
8
BLACK
6
CONTINUOUS
10
45.1303869999999989
20
-186.9007900000000006
11
45.1303869999999989
21
-187.0912659999999903
0
LINE
8
BLACK
6
CONTINUOUS
10
45.1303869999999989
20
-187.0912659999999903
11
45.035148999999997
21
-187.3769800000000032
0
LINE
8
BLACK
6
CONTINUOUS
10
45.035148999999997
20
-187.3769800000000032
11
43.8922919999999976
21
-188.5198379999999929
0
LINE
8
BLACK
6
CONTINUOUS
10
43.8922919999999976
20
-188.5198379999999929
11
45.1303869999999989
21
-188.5198379999999929
0
LINE
8
BLACK
6
CONTINUOUS
10
45.9875299999999996
20
-188.3293609999999774
11
46.0827679999999944
21
-188.4245999999999981
0
LINE
8
BLACK
6
CONTINUOUS
10
46.0827679999999944
20
-188.4245999999999981
11
45.9875299999999996
21
-188.5198379999999929
0
LINE
8
BLACK
6
CONTINUOUS
10
45.9875299999999996
20
-188.5198379999999929
11
45.8922919999999976
21
-188.4245999999999981
0
LINE
8
BLACK
6
CONTINUOUS
10
45.8922919999999976
20
-188.4245999999999981
11
45.9875299999999996
21
-188.3293609999999774
0
LINE
8
BLACK
6
CONTINUOUS
10
45.9875299999999996
20
-188.3293609999999774
11
45.9875299999999996
21
-188.5198379999999929
0
LINE
8
BLACK
6
CONTINUOUS
10
47.8922919999999976
20
-186.5198379999999929
11
46.9399109999999951
21
-186.5198379999999929
0
LINE
8
BLACK
6
CONTINUOUS
10
46.9399109999999951
20
-186.5198379999999929
11
46.8446730000000002
21
-187.4722189999999955
0
LINE
8
BLACK
6
CONTINUOUS
10
46.8446730000000002
20
-187.4722189999999955
11
46.9399109999999951
21
-187.3769800000000032
0
LINE
8
BLACK
6
CONTINUOUS
10
46.9399109999999951
20
-187.3769800000000032
11
47.1303869999999989
21
-187.28174199999998
0
LINE
8
BLACK
6
CONTINUOUS
10
47.1303869999999989
20
-187.28174199999998
11
47.606577999999999
21
-187.28174199999998
0
LINE
8
BLACK
6
CONTINUOUS
10
47.606577999999999
20
-187.28174199999998
11
47.7970539999999957
21
-187.3769800000000032
0
LINE
8
BLACK
6
CONTINUOUS
10
47.7970539999999957
20
-187.3769800000000032
11
47.8922919999999976
21
-187.4722189999999955
0
LINE
8
BLACK
6
CONTINUOUS
10
47.8922919999999976
20
-187.4722189999999955
11
47.9875299999999996
21
-187.6626949999999852
0
LINE
8
BLACK
6
CONTINUOUS
10
47.9875299999999996
20
-187.6626949999999852
11
47.9875299999999996
21
-188.1388849999999877
0
LINE
8
BLACK
6
CONTINUOUS
10
47.9875299999999996
20
-188.1388849999999877
11
47.8922919999999976
21
-188.3293609999999774
0
LINE
8
BLACK
6
CONTINUOUS
10
47.8922919999999976
20
-188.3293609999999774
11
47.7970539999999957
21
-188.4245999999999981
0
LINE
8
BLACK
6
CONTINUOUS
10
47.7970539999999957
20
-188.4245999999999981
11
47.606577999999999
21
-188.5198379999999929
0
LINE
8
BLACK
6
CONTINUOUS
10
47.606577999999999
20
-188.5198379999999929
11
47.1303869999999989
21
-188.5198379999999929
0
LINE
8
BLACK
6
CONTINUOUS
10
47.1303869999999989
20
-188.5198379999999929
11
46.9399109999999951
21
-188.4245999999999981
0
LINE
8
BLACK
6
CONTINUOUS
10
46.9399109999999951
20
-188.4245999999999981
11
46.8446730000000002
21
-188.3293609999999774
0
LINE
8
BLACK
6
CONTINUOUS
10
49.2256250000000009
20
-186.5198379999999929
11
49.4161019999999951
21
-186.5198379999999929
0
LINE
8
BLACK
6
CONTINUOUS
10
49.4161019999999951
20
-186.5198379999999929
11
49.606577999999999
21
-186.6150759999999877
0
LINE
8
BLACK
6
CONTINUOUS
10
49.606577999999999
20
-186.6150759999999877
11
49.7018160000000009
21
-186.7103139999999826
0
LINE
8
BLACK
6
CONTINUOUS
10
49.7018160000000009
20
-186.7103139999999826
11
49.7970539999999957
21
-186.9007900000000006
0
LINE
8
BLACK
6
CONTINUOUS
10
49.7970539999999957
20
-186.9007900000000006
11
49.8922919999999976
21
-187.28174199999998
0
LINE
8
BLACK
6
CONTINUOUS
10
49.8922919999999976
20
-187.28174199999998
11
49.8922919999999976
21
-187.75793299999998
0
LINE
8
BLACK
6
CONTINUOUS
10
49.8922919999999976
20
-187.75793299999998
11
49.7970539999999957
21
-188.1388849999999877
0
LINE
8
BLACK
6
CONTINUOUS
10
49.7970539999999957
20
-188.1388849999999877
11
49.7018160000000009
21
-188.3293609999999774
0
LINE
8
BLACK
6
CONTINUOUS
10
49.7018160000000009
20
-188.3293609999999774
11
49.606577999999999
21
-188.4245999999999981
0
LINE
8
BLACK
6
CONTINUOUS
10
49.606577999999999
20
-188.4245999999999981
11
49.4161019999999951
21
-188.5198379999999929
0
LINE
8
BLACK
6
CONTINUOUS
10
49.4161019999999951
20
-188.5198379999999929
11
49.2256250000000009
21
-188.5198379999999929
0
LINE
8
BLACK
6
CONTINUOUS
10
49.2256250000000009
20
-188.5198379999999929
11
49.035148999999997
21
-188.4245999999999981
0
LINE
8
BLACK
6
CONTINUOUS
10
49.035148999999997
20
-188.4245999999999981
11
48.9399109999999951
21
-188.3293609999999774
0
LINE
8
BLACK
6
CONTINUOUS
10
48.9399109999999951
20
-188.3293609999999774
11
48.8446730000000002
21
-188.1388849999999877
0
LINE
8
BLACK
6
CONTINUOUS
10
48.8446730000000002
20
-188.1388849999999877
11
48.7494349999999983
21
-187.75793299999998
0
LINE
8
BLACK
6
CONTINUOUS
10
48.7494349999999983
20
-187.75793299999998
11
48.7494349999999983
21
-187.28174199999998
0
LINE
8
BLACK
6
CONTINUOUS
10
48.7494349999999983
20
-187.28174199999998
11
48.8446730000000002
21
-186.9007900000000006
0
LINE
8
BLACK
6
CONTINUOUS
10
48.8446730000000002
20
-186.9007900000000006
11
48.9399109999999951
21
-186.7103139999999826
0
LINE
8
BLACK
6
CONTINUOUS
10
48.9399109999999951
20
-186.7103139999999826
11
49.035148999999997
21
-186.6150759999999877
0
LINE
8
BLACK
6
CONTINUOUS
10
49.035148999999997
20
-186.6150759999999877
11
49.2256250000000009
21
-186.5198379999999929
0
LINE
8
BLACK
6
CONTINUOUS
10
51.1303869999999989
20
-186.5198379999999929
11
51.3208640000000003
21
-186.5198379999999929
0
LINE
8
BLACK
6
CONTINUOUS
10
51.3208640000000003
20
-186.5198379999999929
11
51.511339999999997
21
-186.6150759999999877
0
LINE
8
BLACK
6
CONTINUOUS
10
51.511339999999997
20
-186.6150759999999877
11
51.606577999999999
21
-186.7103139999999826
0
LINE
8
BLACK
6
CONTINUOUS
10
51.606577999999999
20
-186.7103139999999826
11
51.7018160000000009
21
-186.9007900000000006
0
LINE
8
BLACK
6
CONTINUOUS
10
51.7018160000000009
20
-186.9007900000000006
11
51.7970539999999957
21
-187.28174199999998
0
LINE
8
BLACK
6
CONTINUOUS
10
51.7970539999999957
20
-187.28174199999998
11
51.7970539999999957
21
-187.75793299999998
0
LINE
8
BLACK
6
CONTINUOUS
10
51.7970539999999957
20
-187.75793299999998
11
51.7018160000000009
21
-188.1388849999999877
0
LINE
8
BLACK
6
CONTINUOUS
10
51.7018160000000009
20
-188.1388849999999877
11
51.606577999999999
21
-188.3293609999999774
0
LINE
8
BLACK
6
CONTINUOUS
10
51.606577999999999
20
-188.3293609999999774
11
51.511339999999997
21
-188.4245999999999981
0
LINE
8
BLACK
6
CONTINUOUS
10
51.511339999999997
20
-188.4245999999999981
11
51.3208640000000003
21
-188.5198379999999929
0
LINE
8
BLACK
6
CONTINUOUS
10
51.3208640000000003
20
-188.5198379999999929
11
51.1303869999999989
21
-188.5198379999999929
0
LINE
8
BLACK
6
CONTINUOUS
10
51.1303869999999989
20
-188.5198379999999929
11
50.9399109999999951
21
-188.4245999999999981
0
LINE
8
BLACK
6
CONTINUOUS
10
50.9399109999999951
20
-188.4245999999999981
11
50.8446730000000002
21
-188.3293609999999774
0
LINE
8
BLACK
6
CONTINUOUS
10
50.8446730000000002
20
-188.3293609999999774
11
50.7494349999999983
21
-188.1388849999999877
0
LINE
8
BLACK
6
CONTINUOUS
10
50.7494349999999983
20
-188.1388849999999877
11
50.6541969999999964
21
-187.75793299999998
0
LINE
8
BLACK
6
CONTINUOUS
10
50.6541969999999964
20
-187.75793299999998
11
50.6541969999999964
21
-187.28174199999998
0
LINE
8
BLACK
6
CONTINUOUS
10
50.6541969999999964
20
-187.28174199999998
11
50.7494349999999983
21
-186.9007900000000006
0
LINE
8
BLACK
6
CONTINUOUS
10
50.7494349999999983
20
-186.9007900000000006
11
50.8446730000000002
21
-186.7103139999999826
0
LINE
8
BLACK
6
CONTINUOUS
10
50.8446730000000002
20
-186.7103139999999826
11
50.9399109999999951
21
-186.6150759999999877
0
LINE
8
BLACK
6
CONTINUOUS
10
50.9399109999999951
20
-186.6150759999999877
11
51.1303869999999989
21
-186.5198379999999929
0
LINE
8
BLACK
6
CONTINUOUS
10
52.6541969999999964
20
-188.5198379999999929
11
52.6541969999999964
21
-187.1865039999999851
0
LINE
8
BLACK
6
CONTINUOUS
10
52.6541969999999964
20
-187.3769800000000032
11
52.7494349999999983
21
-187.28174199999998
0
LINE
8
BLACK
6
CONTINUOUS
10
52.7494349999999983
20
-187.28174199999998
11
52.9399109999999951
21
-187.1865039999999851
0
LINE
8
BLACK
6
CONTINUOUS
10
52.9399109999999951
20
-187.1865039999999851
11
53.2256259999999983
21
-187.1865039999999851
0
LINE
8
BLACK
6
CONTINUOUS
10
53.2256259999999983
20
-187.1865039999999851
11
53.4161019999999951
21
-187.28174199999998
0
LINE
8
BLACK
6
CONTINUOUS
10
53.4161019999999951
20
-187.28174199999998
11
53.511339999999997
21
-187.4722189999999955
0
LINE
8
BLACK
6
CONTINUOUS
10
53.511339999999997
20
-187.4722189999999955
11
53.511339999999997
21
-188.5198379999999929
0
LINE
8
BLACK
6
CONTINUOUS
10
53.511339999999997
20
-187.4722189999999955
11
53.606577999999999
21
-187.28174199999998
0
LINE
8
BLACK
6
CONTINUOUS
10
53.606577999999999
20
-187.28174199999998
11
53.7970539999999957
21
-187.1865039999999851
0
LINE
8
BLACK
6
CONTINUOUS
10
53.7970539999999957
20
-187.1865039999999851
11
54.0827679999999944
21
-187.1865039999999851
0
LINE
8
BLACK
6
CONTINUOUS
10
54.0827679999999944
20
-187.1865039999999851
11
54.2732449999999957
21
-187.28174199999998
0
LINE
8
BLACK
6
CONTINUOUS
10
54.2732449999999957
20
-187.28174199999998
11
54.3684829999999977
21
-187.4722189999999955
0
LINE
8
BLACK
6
CONTINUOUS
10
54.3684829999999977
20
-187.4722189999999955
11
54.3684829999999977
21
-188.5198379999999929
0
LINE
8
BLACK
6
CONTINUOUS
10
55.3208640000000003
20
-188.5198379999999929
11
55.3208640000000003
21
-187.1865039999999851
0
LINE
8
BLACK
6
CONTINUOUS
10
55.3208640000000003
20
-187.3769800000000032
11
55.4161019999999951
21
-187.28174199999998
0
LINE
8
BLACK
6
CONTINUOUS
10
55.4161019999999951
20
-187.28174199999998
11
55.606577999999999
21
-187.1865039999999851
0
LINE
8
BLACK
6
CONTINUOUS
10
55.606577999999999
20
-187.1865039999999851
11
55.8922929999999951
21
-187.1865039999999851
0
LINE
8
BLACK
6
CONTINUOUS
10
55.8922929999999951
20
-187.1865039999999851
11
56.082768999999999
21
-187.28174199999998
0
LINE
8
BLACK
6
CONTINUOUS
10
56.082768999999999
20
-187.28174199999998
11
56.1780070000000009
21
-187.4722189999999955
0
LINE
8
BLACK
6
CONTINUOUS
10
56.1780070000000009
20
-187.4722189999999955
11
56.1780070000000009
21
-188.5198379999999929
0
LINE
8
BLACK
6
CONTINUOUS
10
56.1780070000000009
20
-187.4722189999999955
11
56.2732449999999957
21
-187.28174199999998
0
LINE
8
BLACK
6
CONTINUOUS
10
56.2732449999999957
20
-187.28174199999998
11
56.4637209999999996
21
-187.1865039999999851
0
LINE
8
BLACK
6
CONTINUOUS
10
56.4637209999999996
20
-187.1865039999999851
11
56.7494349999999983
21
-187.1865039999999851
0
LINE
8
BLACK
6
CONTINUOUS
10
56.7494349999999983
20
-187.1865039999999851
11
56.9399119999999996
21
-187.28174199999998
0
LINE
8
BLACK
6
CONTINUOUS
10
56.9399119999999996
20
-187.28174199999998
11
57.0351499999999945
21
-187.4722189999999955
0
LINE
8
BLACK
6
CONTINUOUS
10
57.0351499999999945
20
-187.4722189999999955
11
57.0351499999999945
21
-188.5198379999999929
0
LINE
8
BLACK
6
CONTINUOUS
10
60.9399119999999996
20
-186.4245999999999981
11
59.2256269999999958
21
-188.9960279999999955
0
LINE
8
BLACK
6
CONTINUOUS
10
63.5113409999999945
20
-186.5198379999999929
11
63.7018179999999958
21
-186.5198379999999929
0
LINE
8
BLACK
6
CONTINUOUS
10
63.7018179999999958
20
-186.5198379999999929
11
63.8922939999999997
21
-186.6150759999999877
0
LINE
8
BLACK
6
CONTINUOUS
10
63.8922939999999997
20
-186.6150759999999877
11
63.9875319999999945
21
-186.7103139999999826
0
LINE
8
BLACK
6
CONTINUOUS
10
63.9875319999999945
20
-186.7103139999999826
11
64.0827699999999965
21
-186.9007900000000006
0
LINE
8
BLACK
6
CONTINUOUS
10
64.0827699999999965
20
-186.9007900000000006
11
64.1780079999999913
21
-187.28174199999998
0
LINE
8
BLACK
6
CONTINUOUS
10
64.1780079999999913
20
-187.28174199999998
11
64.1780079999999913
21
-187.75793299999998
0
LINE
8
BLACK
6
CONTINUOUS
10
64.1780079999999913
20
-187.75793299999998
11
64.0827699999999965
21
-188.1388849999999877
0
LINE
8
BLACK
6
CONTINUOUS
10
64.0827699999999965
20
-188.1388849999999877
11
63.9875319999999945
21
-188.3293609999999774
0
LINE
8
BLACK
6
CONTINUOUS
10
63.9875319999999945
20
-188.3293609999999774
11
63.8922939999999997
21
-188.4245999999999981
0
LINE
8
BLACK
6
CONTINUOUS
10
63.8922939999999997
20
-188.4245999999999981
11
63.7018179999999958
21
-188.5198379999999929
0
LINE
8
BLACK
6
CONTINUOUS
10
63.7018179999999958
20
-188.5198379999999929
11
63.5113409999999945
21
-188.5198379999999929
0
LINE
8
BLACK
6
CONTINUOUS
10
63.5113409999999945
20
-188.5198379999999929
11
63.3208649999999977
21
-188.4245999999999981
0
LINE
8
BLACK
6
CONTINUOUS
10
63.3208649999999977
20
-188.4245999999999981
11
63.2256269999999958
21
-188.3293609999999774
0
LINE
8
BLACK
6
CONTINUOUS
10
63.2256269999999958
20
-188.3293609999999774
11
63.1303889999999939
21
-188.1388849999999877
0
LINE
8
BLACK
6
CONTINUOUS
10
63.1303889999999939
20
-188.1388849999999877
11
63.035150999999999
21
-187.75793299999998
0
LINE
8
BLACK
6
CONTINUOUS
10
63.035150999999999
20
-187.75793299999998
11
63.035150999999999
21
-187.28174199999998
0
LINE
8
BLACK
6
CONTINUOUS
10
63.035150999999999
20
-187.28174199999998
11
63.1303889999999939
21
-186.9007900000000006
0
LINE
8
BLACK
6
CONTINUOUS
10
63.1303889999999939
20
-186.9007900000000006
11
63.2256269999999958
21
-186.7103139999999826
0
LINE
8
BLACK
6
CONTINUOUS
10
63.2256269999999958
20
-186.7103139999999826
11
63.3208649999999977
21
-186.6150759999999877
0
LINE
8
BLACK
6
CONTINUOUS
10
63.3208649999999977
20
-186.6150759999999877
11
63.5113409999999945
21
-186.5198379999999929
0
LINE
8
BLACK
6
CONTINUOUS
10
65.035150999999999
20
-188.3293609999999774
11
65.1303889999999939
21
-188.4245999999999981
0
LINE
8
BLACK
6
CONTINUOUS
10
65.1303889999999939
20
-188.4245999999999981
11
65.035150999999999
21
-188.5198379999999929
0
LINE
8
BLACK
6
CONTINUOUS
10
65.035150999999999
20
-188.5198379999999929
11
64.93991299999999
21
-188.4245999999999981
0
LINE
8
BLACK
6
CONTINUOUS
10
64.93991299999999
20
-188.4245999999999981
11
65.035150999999999
21
-188.3293609999999774
0
LINE
8
BLACK
6
CONTINUOUS
10
65.035150999999999
20
-188.3293609999999774
11
65.035150999999999
21
-188.5198379999999929
0
LINE
8
BLACK
6
CONTINUOUS
10
66.3684839999999951
20
-186.5198379999999929
11
66.5589609999999965
21
-186.5198379999999929
0
LINE
8
BLACK
6
CONTINUOUS
10
66.5589609999999965
20
-186.5198379999999929
11
66.7494370000000004
21
-186.6150759999999877
0
LINE
8
BLACK
6
CONTINUOUS
10
66.7494370000000004
20
-186.6150759999999877
11
66.8446749999999952
21
-186.7103139999999826
0
LINE
8
BLACK
6
CONTINUOUS
10
66.8446749999999952
20
-186.7103139999999826
11
66.93991299999999
21
-186.9007900000000006
0
LINE
8
BLACK
6
CONTINUOUS
10
66.93991299999999
20
-186.9007900000000006
11
67.035150999999999
21
-187.28174199999998
0
LINE
8
BLACK
6
CONTINUOUS
10
67.035150999999999
20
-187.28174199999998
11
67.035150999999999
21
-187.75793299999998
0
LINE
8
BLACK
6
CONTINUOUS
10
67.035150999999999
20
-187.75793299999998
11
66.93991299999999
21
-188.1388849999999877
0
LINE
8
BLACK
6
CONTINUOUS
10
66.93991299999999
20
-188.1388849999999877
11
66.8446749999999952
21
-188.3293609999999774
0
LINE
8
BLACK
6
CONTINUOUS
10
66.8446749999999952
20
-188.3293609999999774
11
66.7494370000000004
21
-188.4245999999999981
0
LINE
8
BLACK
6
CONTINUOUS
10
66.7494370000000004
20
-188.4245999999999981
11
66.5589609999999965
21
-188.5198379999999929
0
LINE
8
BLACK
6
CONTINUOUS
10
66.5589609999999965
20
-188.5198379999999929
11
66.3684839999999951
21
-188.5198379999999929
0
LINE
8
BLACK
6
CONTINUOUS
10
66.3684839999999951
20
-188.5198379999999929
11
66.1780079999999913
21
-188.4245999999999981
0
LINE
8
BLACK
6
CONTINUOUS
10
66.1780079999999913
20
-188.4245999999999981
11
66.0827699999999965
21
-188.3293609999999774
0
LINE
8
BLACK
6
CONTINUOUS
10
66.0827699999999965
20
-188.3293609999999774
11
65.9875320000000016
21
-188.1388849999999877
0
LINE
8
BLACK
6
CONTINUOUS
10
65.9875320000000016
20
-188.1388849999999877
11
65.8922939999999926
21
-187.75793299999998
0
LINE
8
BLACK
6
CONTINUOUS
10
65.8922939999999926
20
-187.75793299999998
11
65.8922939999999926
21
-187.28174199999998
0
LINE
8
BLACK
6
CONTINUOUS
10
65.8922939999999926
20
-187.28174199999998
11
65.9875320000000016
21
-186.9007900000000006
0
LINE
8
BLACK
6
CONTINUOUS
10
65.9875320000000016
20
-186.9007900000000006
11
66.0827699999999965
21
-186.7103139999999826
0
LINE
8
BLACK
6
CONTINUOUS
10
66.0827699999999965
20
-186.7103139999999826
11
66.1780079999999913
21
-186.6150759999999877
0
LINE
8
BLACK
6
CONTINUOUS
10
66.1780079999999913
20
-186.6150759999999877
11
66.3684839999999951
21
-186.5198379999999929
0
LINE
8
BLACK
6
CONTINUOUS
10
67.9875320000000016
20
-188.5198379999999929
11
68.3684839999999951
21
-188.5198379999999929
0
LINE
8
BLACK
6
CONTINUOUS
10
68.3684839999999951
20
-188.5198379999999929
11
68.5589609999999965
21
-188.4245999999999981
0
LINE
8
BLACK
6
CONTINUOUS
10
68.5589609999999965
20
-188.4245999999999981
11
68.6541989999999913
21
-188.3293609999999774
0
LINE
8
BLACK
6
CONTINUOUS
10
68.6541989999999913
20
-188.3293609999999774
11
68.8446749999999952
21
-188.0436469999999929
0
LINE
8
BLACK
6
CONTINUOUS
10
68.8446749999999952
20
-188.0436469999999929
11
68.93991299999999
21
-187.6626949999999852
0
LINE
8
BLACK
6
CONTINUOUS
10
68.93991299999999
20
-187.6626949999999852
11
68.93991299999999
21
-186.9007900000000006
0
LINE
8
BLACK
6
CONTINUOUS
10
68.93991299999999
20
-186.9007900000000006
11
68.8446749999999952
21
-186.7103139999999826
0
LINE
8
BLACK
6
CONTINUOUS
10
68.8446749999999952
20
-186.7103139999999826
11
68.7494370000000004
21
-186.6150759999999877
0
LINE
8
BLACK
6
CONTINUOUS
10
68.7494370000000004
20
-186.6150759999999877
11
68.5589609999999965
21
-186.5198379999999929
0
LINE
8
BLACK
6
CONTINUOUS
10
68.5589609999999965
20
-186.5198379999999929
11
68.1780079999999913
21
-186.5198379999999929
0
LINE
8
BLACK
6
CONTINUOUS
10
68.1780079999999913
20
-186.5198379999999929
11
67.9875320000000016
21
-186.6150759999999877
0
LINE
8
BLACK
6
CONTINUOUS
10
67.9875320000000016
20
-186.6150759999999877
11
67.8922939999999926
21
-186.7103139999999826
0
LINE
8
BLACK
6
CONTINUOUS
10
67.8922939999999926
20
-186.7103139999999826
11
67.7970559999999978
21
-186.9007900000000006
0
LINE
8
BLACK
6
CONTINUOUS
10
67.7970559999999978
20
-186.9007900000000006
11
67.7970559999999978
21
-187.3769800000000032
0
LINE
8
BLACK
6
CONTINUOUS
10
67.7970559999999978
20
-187.3769800000000032
11
67.8922939999999926
21
-187.5674569999999903
0
LINE
8
BLACK
6
CONTINUOUS
10
67.8922939999999926
20
-187.5674569999999903
11
67.9875320000000016
21
-187.6626949999999852
0
LINE
8
BLACK
6
CONTINUOUS
10
67.9875320000000016
20
-187.6626949999999852
11
68.1780079999999913
21
-187.75793299999998
0
LINE
8
BLACK
6
CONTINUOUS
10
68.1780079999999913
20
-187.75793299999998
11
68.5589609999999965
21
-187.75793299999998
0
LINE
8
BLACK
6
CONTINUOUS
10
68.5589609999999965
20
-187.75793299999998
11
68.7494370000000004
21
-187.6626949999999852
0
LINE
8
BLACK
6
CONTINUOUS
10
68.7494370000000004
20
-187.6626949999999852
11
68.8446749999999952
21
-187.5674569999999903
0
LINE
8
BLACK
6
CONTINUOUS
10
68.8446749999999952
20
-187.5674569999999903
11
68.93991299999999
21
-187.3769800000000032
0
LINE
8
BLACK
6
CONTINUOUS
10
70.0827699999999965
20
-187.3769800000000032
11
69.8922939999999926
21
-187.28174199999998
0
LINE
8
BLACK
6
CONTINUOUS
10
69.8922939999999926
20
-187.28174199999998
11
69.7970559999999978
21
-187.1865039999999851
0
LINE
8
BLACK
6
CONTINUOUS
10
69.7970559999999978
20
-187.1865039999999851
11
69.7018180000000029
21
-186.9960279999999955
0
LINE
8
BLACK
6
CONTINUOUS
10
69.7018180000000029
20
-186.9960279999999955
11
69.7018180000000029
21
-186.9007900000000006
0
LINE
8
BLACK
6
CONTINUOUS
10
69.7018180000000029
20
-186.9007900000000006
11
69.7970559999999978
21
-186.7103139999999826
0
LINE
8
BLACK
6
CONTINUOUS
10
69.7970559999999978
20
-186.7103139999999826
11
69.8922939999999926
21
-186.6150759999999877
0
LINE
8
BLACK
6
CONTINUOUS
10
69.8922939999999926
20
-186.6150759999999877
11
70.0827699999999965
21
-186.5198379999999929
0
LINE
8
BLACK
6
CONTINUOUS
10
70.0827699999999965
20
-186.5198379999999929
11
70.4637230000000017
21
-186.5198379999999929
0
LINE
8
BLACK
6
CONTINUOUS
10
70.4637230000000017
20
-186.5198379999999929
11
70.6541989999999913
21
-186.6150759999999877
0
LINE
8
BLACK
6
CONTINUOUS
10
70.6541989999999913
20
-186.6150759999999877
11
70.7494370000000004
21
-186.7103139999999826
0
LINE
8
BLACK
6
CONTINUOUS
10
70.7494370000000004
20
-186.7103139999999826
11
70.8446749999999952
21
-186.9007900000000006
0
LINE
8
BLACK
6
CONTINUOUS
10
70.8446749999999952
20
-186.9007900000000006
11
70.8446749999999952
21
-186.9960279999999955
0
LINE
8
BLACK
6
CONTINUOUS
10
70.8446749999999952
20
-186.9960279999999955
11
70.7494370000000004
21
-187.1865039999999851
0
LINE
8
BLACK
6
CONTINUOUS
10
70.7494370000000004
20
-187.1865039999999851
11
70.6541989999999913
21
-187.28174199999998
0
LINE
8
BLACK
6
CONTINUOUS
10
70.6541989999999913
20
-187.28174199999998
11
70.4637230000000017
21
-187.3769800000000032
0
LINE
8
BLACK
6
CONTINUOUS
10
70.4637230000000017
20
-187.3769800000000032
11
70.0827699999999965
21
-187.3769800000000032
0
LINE
8
BLACK
6
CONTINUOUS
10
70.0827699999999965
20
-187.3769800000000032
11
69.8922939999999926
21
-187.4722189999999955
0
LINE
8
BLACK
6
CONTINUOUS
10
69.8922939999999926
20
-187.4722189999999955
11
69.7970559999999978
21
-187.5674569999999903
0
LINE
8
BLACK
6
CONTINUOUS
10
69.7970559999999978
20
-187.5674569999999903
11
69.7018180000000029
21
-187.75793299999998
0
LINE
8
BLACK
6
CONTINUOUS
10
69.7018180000000029
20
-187.75793299999998
11
69.7018180000000029
21
-188.1388849999999877
0
LINE
8
BLACK
6
CONTINUOUS
10
69.7018180000000029
20
-188.1388849999999877
11
69.7970559999999978
21
-188.3293609999999774
0
LINE
8
BLACK
6
CONTINUOUS
10
69.7970559999999978
20
-188.3293609999999774
11
69.8922939999999926
21
-188.4245999999999981
0
LINE
8
BLACK
6
CONTINUOUS
10
69.8922939999999926
20
-188.4245999999999981
11
70.0827699999999965
21
-188.5198379999999929
0
LINE
8
BLACK
6
CONTINUOUS
10
70.0827699999999965
20
-188.5198379999999929
11
70.4637230000000017
21
-188.5198379999999929
0
LINE
8
BLACK
6
CONTINUOUS
10
70.4637230000000017
20
-188.5198379999999929
11
70.6541989999999913
21
-188.4245999999999981
0
LINE
8
BLACK
6
CONTINUOUS
10
70.6541989999999913
20
-188.4245999999999981
11
70.7494370000000004
21
-188.3293609999999774
0
LINE
8
BLACK
6
CONTINUOUS
10
70.7494370000000004
20
-188.3293609999999774
11
70.8446749999999952
21
-188.1388849999999877
0
LINE
8
BLACK
6
CONTINUOUS
10
70.8446749999999952
20
-188.1388849999999877
11
70.8446749999999952
21
-187.75793299999998
0
LINE
8
BLACK
6
CONTINUOUS
10
70.8446749999999952
20
-187.75793299999998
11
70.7494370000000004
21
-187.5674569999999903
0
LINE
8
BLACK
6
CONTINUOUS
10
70.7494370000000004
20
-187.5674569999999903
11
70.6541989999999913
21
-187.4722189999999955
0
LINE
8
BLACK
6
CONTINUOUS
10
70.6541989999999913
20
-187.4722189999999955
11
70.4637230000000017
21
-187.3769800000000032
0
LINE
8
BLACK
6
CONTINUOUS
10
72.5589609999999965
20
-187.1865039999999851
11
72.5589609999999965
21
-188.5198379999999929
0
LINE
8
BLACK
6
CONTINUOUS
10
72.0827699999999965
20
-186.4245999999999981
11
71.6065799999999939
21
-187.8531710000000032
0
LINE
8
BLACK
6
CONTINUOUS
10
71.6065799999999939
20
-187.8531710000000032
11
72.8446749999999952
21
-187.8531710000000032
0
LINE
8
BLACK
6
CONTINUOUS
10
73.5113419999999991
20
-186.5198379999999929
11
73.5113419999999991
21
-186.9007900000000006
0
LINE
8
BLACK
6
CONTINUOUS
10
74.2732469999999978
20
-186.5198379999999929
11
74.2732469999999978
21
-186.9007900000000006
0
LINE
8
BLACK
6
CONTINUOUS
10
77.2256289999999979
20
-189.28174199999998
11
77.1303899999999913
21
-189.1865039999999851
0
LINE
8
BLACK
6
CONTINUOUS
10
77.1303899999999913
20
-189.1865039999999851
11
76.9399140000000017
21
-188.9007900000000006
0
LINE
8
BLACK
6
CONTINUOUS
10
76.9399140000000017
20
-188.9007900000000006
11
76.8446759999999927
21
-188.7103139999999826
0
LINE
8
BLACK
6
CONTINUOUS
10
76.8446759999999927
20
-188.7103139999999826
11
76.7494379999999978
21
-188.4245999999999981
0
LINE
8
BLACK
6
CONTINUOUS
10
76.7494379999999978
20
-188.4245999999999981
11
76.654200000000003
21
-187.9484089999999981
0
LINE
8
BLACK
6
CONTINUOUS
10
76.654200000000003
20
-187.9484089999999981
11
76.654200000000003
21
-187.5674569999999903
0
LINE
8
BLACK
6
CONTINUOUS
10
76.654200000000003
20
-187.5674569999999903
11
76.7494379999999978
21
-187.0912659999999903
0
LINE
8
BLACK
6
CONTINUOUS
10
76.7494379999999978
20
-187.0912659999999903
11
76.8446759999999927
21
-186.8055519999999774
0
LINE
8
BLACK
6
CONTINUOUS
10
76.8446759999999927
20
-186.8055519999999774
11
76.9399140000000017
21
-186.6150759999999877
0
LINE
8
BLACK
6
CONTINUOUS
10
76.9399140000000017
20
-186.6150759999999877
11
77.1303899999999913
21
-186.3293609999999774
0
LINE
8
BLACK
6
CONTINUOUS
10
77.1303899999999913
20
-186.3293609999999774
11
77.2256289999999979
21
-186.2341229999999825
0
LINE
8
BLACK
6
CONTINUOUS
10
79.0351519999999965
20
-188.5198379999999929
11
77.8922949999999901
21
-188.5198379999999929
0
LINE
8
BLACK
6
CONTINUOUS
10
78.4637230000000017
20
-188.5198379999999929
11
78.4637230000000017
21
-186.5198379999999929
0
LINE
8
BLACK
6
CONTINUOUS
10
78.4637230000000017
20
-186.5198379999999929
11
78.2732469999999978
21
-186.8055519999999774
0
LINE
8
BLACK
6
CONTINUOUS
10
78.2732469999999978
20
-186.8055519999999774
11
78.0827709999999939
21
-186.9960279999999955
0
LINE
8
BLACK
6
CONTINUOUS
10
78.0827709999999939
20
-186.9960279999999955
11
77.8922949999999901
21
-187.0912659999999903
0
LINE
8
BLACK
6
CONTINUOUS
10
80.7494379999999978
20
-186.5198379999999929
11
80.3684849999999926
21
-186.5198379999999929
0
LINE
8
BLACK
6
CONTINUOUS
10
80.3684849999999926
20
-186.5198379999999929
11
80.178009000000003
21
-186.6150759999999877
0
LINE
8
BLACK
6
CONTINUOUS
10
80.178009000000003
20
-186.6150759999999877
11
80.0827709999999939
21
-186.7103139999999826
0
LINE
8
BLACK
6
CONTINUOUS
10
80.0827709999999939
20
-186.7103139999999826
11
79.8922949999999901
21
-186.9960279999999955
0
LINE
8
BLACK
6
CONTINUOUS
10
79.8922949999999901
20
-186.9960279999999955
11
79.7970569999999952
21
-187.3769800000000032
0
LINE
8
BLACK
6
CONTINUOUS
10
79.7970569999999952
20
-187.3769800000000032
11
79.7970569999999952
21
-188.1388849999999877
0
LINE
8
BLACK
6
CONTINUOUS
10
79.7970569999999952
20
-188.1388849999999877
11
79.8922949999999901
21
-188.3293609999999774
0
LINE
8
BLACK
6
CONTINUOUS
10
79.8922949999999901
20
-188.3293609999999774
11
79.9875329999999991
21
-188.4245999999999981
0
LINE
8
BLACK
6
CONTINUOUS
10
79.9875329999999991
20
-188.4245999999999981
11
80.178009000000003
21
-188.5198379999999929
0
LINE
8
BLACK
6
CONTINUOUS
10
80.178009000000003
20
-188.5198379999999929
11
80.558961999999994
21
-188.5198379999999929
0
LINE
8
BLACK
6
CONTINUOUS
10
80.558961999999994
20
-188.5198379999999929
11
80.7494379999999978
21
-188.4245999999999981
0
LINE
8
BLACK
6
CONTINUOUS
10
80.7494379999999978
20
-188.4245999999999981
11
80.8446759999999927
21
-188.3293609999999774
0
LINE
8
BLACK
6
CONTINUOUS
10
80.8446759999999927
20
-188.3293609999999774
11
80.9399140000000017
21
-188.1388849999999877
0
LINE
8
BLACK
6
CONTINUOUS
10
80.9399140000000017
20
-188.1388849999999877
11
80.9399140000000017
21
-187.6626949999999852
0
LINE
8
BLACK
6
CONTINUOUS
10
80.9399140000000017
20
-187.6626949999999852
11
80.8446759999999927
21
-187.4722189999999955
0
LINE
8
BLACK
6
CONTINUOUS
10
80.8446759999999927
20
-187.4722189999999955
11
80.7494379999999978
21
-187.3769800000000032
0
LINE
8
BLACK
6
CONTINUOUS
10
80.7494379999999978
20
-187.3769800000000032
11
80.558961999999994
21
-187.28174199999998
0
LINE
8
BLACK
6
CONTINUOUS
10
80.558961999999994
20
-187.28174199999998
11
80.178009000000003
21
-187.28174199999998
0
LINE
8
BLACK
6
CONTINUOUS
10
80.178009000000003
20
-187.28174199999998
11
79.9875329999999991
21
-187.3769800000000032
0
LINE
8
BLACK
6
CONTINUOUS
10
79.9875329999999991
20
-187.3769800000000032
11
79.8922949999999901
21
-187.4722189999999955
0
LINE
8
BLACK
6
CONTINUOUS
10
79.8922949999999901
20
-187.4722189999999955
11
79.7970569999999952
21
-187.6626949999999852
0
LINE
8
BLACK
6
CONTINUOUS
10
83.3208669999999927
20
-188.5198379999999929
11
83.3208669999999927
21
-186.5198379999999929
0
LINE
8
BLACK
6
CONTINUOUS
10
84.1780100000000004
20
-188.5198379999999929
11
84.1780100000000004
21
-187.4722189999999955
0
LINE
8
BLACK
6
CONTINUOUS
10
84.1780100000000004
20
-187.4722189999999955
11
84.0827719999999914
21
-187.28174199999998
0
LINE
8
BLACK
6
CONTINUOUS
10
84.0827719999999914
20
-187.28174199999998
11
83.8922960000000018
21
-187.1865039999999851
0
LINE
8
BLACK
6
CONTINUOUS
10
83.8922960000000018
20
-187.1865039999999851
11
83.6065809999999914
21
-187.1865039999999851
0
LINE
8
BLACK
6
CONTINUOUS
10
83.6065809999999914
20
-187.1865039999999851
11
83.4161050000000017
21
-187.28174199999998
0
LINE
8
BLACK
6
CONTINUOUS
10
83.4161050000000017
20
-187.28174199999998
11
83.3208669999999927
21
-187.3769800000000032
0
LINE
8
BLACK
6
CONTINUOUS
10
85.4161050000000017
20
-188.5198379999999929
11
85.2256289999999979
21
-188.4245999999999981
0
LINE
8
BLACK
6
CONTINUOUS
10
85.2256289999999979
20
-188.4245999999999981
11
85.130391000000003
21
-188.3293609999999774
0
LINE
8
BLACK
6
CONTINUOUS
10
85.130391000000003
20
-188.3293609999999774
11
85.035152999999994
21
-188.1388849999999877
0
LINE
8
BLACK
6
CONTINUOUS
10
85.035152999999994
20
-188.1388849999999877
11
85.035152999999994
21
-187.5674569999999903
0
LINE
8
BLACK
6
CONTINUOUS
10
85.035152999999994
20
-187.5674569999999903
11
85.130391000000003
21
-187.3769800000000032
0
LINE
8
BLACK
6
CONTINUOUS
10
85.130391000000003
20
-187.3769800000000032
11
85.2256289999999979
21
-187.28174199999998
0
LINE
8
BLACK
6
CONTINUOUS
10
85.2256289999999979
20
-187.28174199999998
11
85.4161050000000017
21
-187.1865039999999851
0
LINE
8
BLACK
6
CONTINUOUS
10
85.4161050000000017
20
-187.1865039999999851
11
85.7018199999999979
21
-187.1865039999999851
0
LINE
8
BLACK
6
CONTINUOUS
10
85.7018199999999979
20
-187.1865039999999851
11
85.8922960000000018
21
-187.28174199999998
0
LINE
8
BLACK
6
CONTINUOUS
10
85.8922960000000018
20
-187.28174199999998
11
85.9875339999999966
21
-187.3769800000000032
0
LINE
8
BLACK
6
CONTINUOUS
10
85.9875339999999966
20
-187.3769800000000032
11
86.0827719999999914
21
-187.5674569999999903
0
LINE
8
BLACK
6
CONTINUOUS
10
86.0827719999999914
20
-187.5674569999999903
11
86.0827719999999914
21
-188.1388849999999877
0
LINE
8
BLACK
6
CONTINUOUS
10
86.0827719999999914
20
-188.1388849999999877
11
85.9875339999999966
21
-188.3293609999999774
0
LINE
8
BLACK
6
CONTINUOUS
10
85.9875339999999966
20
-188.3293609999999774
11
85.8922960000000018
21
-188.4245999999999981
0
LINE
8
BLACK
6
CONTINUOUS
10
85.8922960000000018
20
-188.4245999999999981
11
85.7018199999999979
21
-188.5198379999999929
0
LINE
8
BLACK
6
CONTINUOUS
10
85.7018199999999979
20
-188.5198379999999929
11
85.4161050000000017
21
-188.5198379999999929
0
LINE
8
BLACK
6
CONTINUOUS
10
87.2256289999999979
20
-188.5198379999999929
11
87.035152999999994
21
-188.4245999999999981
0
LINE
8
BLACK
6
CONTINUOUS
10
87.035152999999994
20
-188.4245999999999981
11
86.9399149999999992
21
-188.2341229999999825
0
LINE
8
BLACK
6
CONTINUOUS
10
86.9399149999999992
20
-188.2341229999999825
11
86.9399149999999992
21
-186.5198379999999929
0
LINE
8
BLACK
6
CONTINUOUS
10
88.7494389999999953
20
-188.4245999999999981
11
88.5589629999999914
21
-188.5198379999999929
0
LINE
8
BLACK
6
CONTINUOUS
10
88.5589629999999914
20
-188.5198379999999929
11
88.1780100000000004
21
-188.5198379999999929
0
LINE
8
BLACK
6
CONTINUOUS
10
88.1780100000000004
20
-188.5198379999999929
11
87.9875339999999966
21
-188.4245999999999981
0
LINE
8
BLACK
6
CONTINUOUS
10
87.9875339999999966
20
-188.4245999999999981
11
87.8922960000000018
21
-188.2341229999999825
0
LINE
8
BLACK
6
CONTINUOUS
10
87.8922960000000018
20
-188.2341229999999825
11
87.8922960000000018
21
-187.4722189999999955
0
LINE
8
BLACK
6
CONTINUOUS
10
87.8922960000000018
20
-187.4722189999999955
11
87.9875339999999966
21
-187.28174199999998
0
LINE
8
BLACK
6
CONTINUOUS
10
87.9875339999999966
20
-187.28174199999998
11
88.1780100000000004
21
-187.1865039999999851
0
LINE
8
BLACK
6
CONTINUOUS
10
88.1780100000000004
20
-187.1865039999999851
11
88.5589629999999914
21
-187.1865039999999851
0
LINE
8
BLACK
6
CONTINUOUS
10
88.5589629999999914
20
-187.1865039999999851
11
88.7494389999999953
21
-187.28174199999998
0
LINE
8
BLACK
6
CONTINUOUS
10
88.7494389999999953
20
-187.28174199999998
11
88.8446769999999901
21
-187.4722189999999955
0
LINE
8
BLACK
6
CONTINUOUS
10
88.8446769999999901
20
-187.4722189999999955
11
88.8446769999999901
21
-187.6626949999999852
0
LINE
8
BLACK
6
CONTINUOUS
10
88.8446769999999901
20
-187.6626949999999852
11
87.8922960000000018
21
-187.8531710000000032
0
LINE
8
BLACK
6
CONTINUOUS
10
89.6065819999999889
20
-188.4245999999999981
11
89.7970579999999927
21
-188.5198379999999929
0
LINE
8
BLACK
6
CONTINUOUS
10
89.7970579999999927
20
-188.5198379999999929
11
90.1780100000000004
21
-188.5198379999999929
0
LINE
8
BLACK
6
CONTINUOUS
10
90.1780100000000004
20
-188.5198379999999929
11
90.3684870000000018
21
-188.4245999999999981
0
LINE
8
BLACK
6
CONTINUOUS
10
90.3684870000000018
20
-188.4245999999999981
11
90.4637249999999966
21
-188.2341229999999825
0
LINE
8
BLACK
6
CONTINUOUS
10
90.4637249999999966
20
-188.2341229999999825
11
90.4637249999999966
21
-188.1388849999999877
0
LINE
8
BLACK
6
CONTINUOUS
10
90.4637249999999966
20
-188.1388849999999877
11
90.3684870000000018
21
-187.9484089999999981
0
LINE
8
BLACK
6
CONTINUOUS
10
90.3684870000000018
20
-187.9484089999999981
11
90.1780100000000004
21
-187.8531710000000032
0
LINE
8
BLACK
6
CONTINUOUS
10
90.1780100000000004
20
-187.8531710000000032
11
89.8922960000000018
21
-187.8531710000000032
0
LINE
8
BLACK
6
CONTINUOUS
10
89.8922960000000018
20
-187.8531710000000032
11
89.7018199999999979
21
-187.75793299999998
0
LINE
8
BLACK
6
CONTINUOUS
10
89.7018199999999979
20
-187.75793299999998
11
89.6065819999999889
21
-187.5674569999999903
0
LINE
8
BLACK
6
CONTINUOUS
10
89.6065819999999889
20
-187.5674569999999903
11
89.6065819999999889
21
-187.4722189999999955
0
LINE
8
BLACK
6
CONTINUOUS
10
89.6065819999999889
20
-187.4722189999999955
11
89.7018199999999979
21
-187.28174199999998
0
LINE
8
BLACK
6
CONTINUOUS
10
89.7018199999999979
20
-187.28174199999998
11
89.8922960000000018
21
-187.1865039999999851
0
LINE
8
BLACK
6
CONTINUOUS
10
89.8922960000000018
20
-187.1865039999999851
11
90.1780100000000004
21
-187.1865039999999851
0
LINE
8
BLACK
6
CONTINUOUS
10
90.1780100000000004
20
-187.1865039999999851
11
90.3684870000000018
21
-187.28174199999998
0
LINE
8
BLACK
6
CONTINUOUS
10
91.1303920000000005
20
-189.28174199999998
11
91.2256299999999953
21
-189.1865039999999851
0
LINE
8
BLACK
6
CONTINUOUS
10
91.2256299999999953
20
-189.1865039999999851
11
91.4161059999999992
21
-188.9007900000000006
0
LINE
8
BLACK
6
CONTINUOUS
10
91.4161059999999992
20
-188.9007900000000006
11
91.511343999999994
21
-188.7103139999999826
0
LINE
8
BLACK
6
CONTINUOUS
10
91.511343999999994
20
-188.7103139999999826
11
91.6065819999999889
21
-188.4245999999999981
0
LINE
8
BLACK
6
CONTINUOUS
10
91.6065819999999889
20
-188.4245999999999981
11
91.7018199999999979
21
-187.9484089999999981
0
LINE
8
BLACK
6
CONTINUOUS
10
91.7018199999999979
20
-187.9484089999999981
11
91.7018199999999979
21
-187.5674569999999903
0
LINE
8
BLACK
6
CONTINUOUS
10
91.7018199999999979
20
-187.5674569999999903
11
91.6065819999999889
21
-187.0912659999999903
0
LINE
8
BLACK
6
CONTINUOUS
10
91.6065819999999889
20
-187.0912659999999903
11
91.511343999999994
21
-186.8055519999999774
0
LINE
8
BLACK
6
CONTINUOUS
10
91.511343999999994
20
-186.8055519999999774
11
91.4161059999999992
21
-186.6150759999999877
0
LINE
8
BLACK
6
CONTINUOUS
10
91.4161059999999992
20
-186.6150759999999877
11
91.2256299999999953
21
-186.3293609999999774
0
LINE
8
BLACK
6
CONTINUOUS
10
91.2256299999999953
20
-186.3293609999999774
11
91.1303920000000005
21
-186.2341229999999825
0
LINE
8
BLACK
6
CONTINUOUS
10
94.7494399999999928
20
-189.28174199999998
11
94.6542010000000005
21
-189.1865039999999851
0
LINE
8
BLACK
6
CONTINUOUS
10
94.6542010000000005
20
-189.1865039999999851
11
94.4637249999999966
21
-188.9007900000000006
0
LINE
8
BLACK
6
CONTINUOUS
10
94.4637249999999966
20
-188.9007900000000006
11
94.3684870000000018
21
-188.7103139999999826
0
LINE
8
BLACK
6
CONTINUOUS
10
94.3684870000000018
20
-188.7103139999999826
11
94.2732489999999927
21
-188.4245999999999981
0
LINE
8
BLACK
6
CONTINUOUS
10
94.2732489999999927
20
-188.4245999999999981
11
94.1780109999999979
21
-187.9484089999999981
0
LINE
8
BLACK
6
CONTINUOUS
10
94.1780109999999979
20
-187.9484089999999981
11
94.1780109999999979
21
-187.5674569999999903
0
LINE
8
BLACK
6
CONTINUOUS
10
94.1780109999999979
20
-187.5674569999999903
11
94.2732489999999927
21
-187.0912659999999903
0
LINE
8
BLACK
6
CONTINUOUS
10
94.2732489999999927
20
-187.0912659999999903
11
94.3684870000000018
21
-186.8055519999999774
0
LINE
8
BLACK
6
CONTINUOUS
10
94.3684870000000018
20
-186.8055519999999774
11
94.4637249999999966
21
-186.6150759999999877
0
LINE
8
BLACK
6
CONTINUOUS
10
94.4637249999999966
20
-186.6150759999999877
11
94.6542010000000005
21
-186.3293609999999774
0
LINE
8
BLACK
6
CONTINUOUS
10
94.6542010000000005
20
-186.3293609999999774
11
94.7494399999999928
21
-186.2341229999999825
0
LINE
8
BLACK
6
CONTINUOUS
10
95.511343999999994
20
-187.1865039999999851
11
95.511343999999994
21
-188.5198379999999929
0
LINE
8
BLACK
6
CONTINUOUS
10
95.511343999999994
20
-187.3769800000000032
11
95.6065819999999889
21
-187.28174199999998
0
LINE
8
BLACK
6
CONTINUOUS
10
95.6065819999999889
20
-187.28174199999998
11
95.7970579999999927
21
-187.1865039999999851
0
LINE
8
BLACK
6
CONTINUOUS
10
95.7970579999999927
20
-187.1865039999999851
11
96.0827729999999889
21
-187.1865039999999851
0
LINE
8
BLACK
6
CONTINUOUS
10
96.0827729999999889
20
-187.1865039999999851
11
96.2732489999999927
21
-187.28174199999998
0
LINE
8
BLACK
6
CONTINUOUS
10
96.2732489999999927
20
-187.28174199999998
11
96.3684870000000018
21
-187.4722189999999955
0
LINE
8
BLACK
6
CONTINUOUS
10
96.3684870000000018
20
-187.4722189999999955
11
96.3684870000000018
21
-188.5198379999999929
0
LINE
8
BLACK
6
CONTINUOUS
10
97.6065819999999889
20
-188.5198379999999929
11
97.4161059999999992
21
-188.4245999999999981
0
LINE
8
BLACK
6
CONTINUOUS
10
97.4161059999999992
20
-188.4245999999999981
11
97.3208679999999902
21
-188.3293609999999774
0
LINE
8
BLACK
6
CONTINUOUS
10
97.3208679999999902
20
-188.3293609999999774
11
97.2256299999999953
21
-188.1388849999999877
0
LINE
8
BLACK
6
CONTINUOUS
10
97.2256299999999953
20
-188.1388849999999877
11
97.2256299999999953
21
-187.5674569999999903
0
LINE
8
BLACK
6
CONTINUOUS
10
97.2256299999999953
20
-187.5674569999999903
11
97.3208679999999902
21
-187.3769800000000032
0
LINE
8
BLACK
6
CONTINUOUS
10
97.3208679999999902
20
-187.3769800000000032
11
97.4161059999999992
21
-187.28174199999998
0
LINE
8
BLACK
6
CONTINUOUS
10
97.4161059999999992
20
-187.28174199999998
11
97.6065819999999889
21
-187.1865039999999851
0
LINE
8
BLACK
6
CONTINUOUS
10
97.6065819999999889
20
-187.1865039999999851
11
97.8922969999999992
21
-187.1865039999999851
0
LINE
8
BLACK
6
CONTINUOUS
10
97.8922969999999992
20
-187.1865039999999851
11
98.0827729999999889
21
-187.28174199999998
0
LINE
8
BLACK
6
CONTINUOUS
10
98.0827729999999889
20
-187.28174199999998
11
98.1780109999999979
21
-187.3769800000000032
0
LINE
8
BLACK
6
CONTINUOUS
10
98.1780109999999979
20
-187.3769800000000032
11
98.2732489999999927
21
-187.5674569999999903
0
LINE
8
BLACK
6
CONTINUOUS
10
98.2732489999999927
20
-187.5674569999999903
11
98.2732489999999927
21
-188.1388849999999877
0
LINE
8
BLACK
6
CONTINUOUS
10
98.2732489999999927
20
-188.1388849999999877
11
98.1780109999999979
21
-188.3293609999999774
0
LINE
8
BLACK
6
CONTINUOUS
10
98.1780109999999979
20
-188.3293609999999774
11
98.0827729999999889
21
-188.4245999999999981
0
LINE
8
BLACK
6
CONTINUOUS
10
98.0827729999999889
20
-188.4245999999999981
11
97.8922969999999992
21
-188.5198379999999929
0
LINE
8
BLACK
6
CONTINUOUS
10
97.8922969999999992
20
-188.5198379999999929
11
97.6065819999999889
21
-188.5198379999999929
0
LINE
8
BLACK
6
CONTINUOUS
10
98.8446780000000018
20
-187.1865039999999851
11
99.6065819999999889
21
-187.1865039999999851
0
LINE
8
BLACK
6
CONTINUOUS
10
99.1303920000000005
20
-186.5198379999999929
11
99.1303920000000005
21
-188.2341229999999825
0
LINE
8
BLACK
6
CONTINUOUS
10
99.1303920000000005
20
-188.2341229999999825
11
99.2256299999999953
21
-188.4245999999999981
0
LINE
8
BLACK
6
CONTINUOUS
10
99.2256299999999953
20
-188.4245999999999981
11
99.4161059999999992
21
-188.5198379999999929
0
LINE
8
BLACK
6
CONTINUOUS
10
99.4161059999999992
20
-188.5198379999999929
11
99.6065819999999889
21
-188.5198379999999929
0
LINE
8
BLACK
6
CONTINUOUS
10
101.7970589999999902
20
-187.1865039999999851
11
101.7970589999999902
21
-189.1865039999999851
0
LINE
8
BLACK
6
CONTINUOUS
10
101.7970589999999902
20
-187.28174199999998
11
101.9875349999999941
21
-187.1865039999999851
0
LINE
8
BLACK
6
CONTINUOUS
10
101.9875349999999941
20
-187.1865039999999851
11
102.3684879999999993
21
-187.1865039999999851
0
LINE
8
BLACK
6
CONTINUOUS
10
102.3684879999999993
20
-187.1865039999999851
11
102.5589639999999889
21
-187.28174199999998
0
LINE
8
BLACK
6
CONTINUOUS
10
102.5589639999999889
20
-187.28174199999998
11
102.654201999999998
21
-187.3769800000000032
0
LINE
8
BLACK
6
CONTINUOUS
10
102.654201999999998
20
-187.3769800000000032
11
102.7494399999999928
21
-187.5674569999999903
0
LINE
8
BLACK
6
CONTINUOUS
10
102.7494399999999928
20
-187.5674569999999903
11
102.7494399999999928
21
-188.1388849999999877
0
LINE
8
BLACK
6
CONTINUOUS
10
102.7494399999999928
20
-188.1388849999999877
11
102.654201999999998
21
-188.3293609999999774
0
LINE
8
BLACK
6
CONTINUOUS
10
102.654201999999998
20
-188.3293609999999774
11
102.5589639999999889
21
-188.4245999999999981
0
LINE
8
BLACK
6
CONTINUOUS
10
102.5589639999999889
20
-188.4245999999999981
11
102.3684879999999993
21
-188.5198379999999929
0
LINE
8
BLACK
6
CONTINUOUS
10
102.3684879999999993
20
-188.5198379999999929
11
101.9875349999999941
21
-188.5198379999999929
0
LINE
8
BLACK
6
CONTINUOUS
10
101.9875349999999941
20
-188.5198379999999929
11
101.7970589999999902
21
-188.4245999999999981
0
LINE
8
BLACK
6
CONTINUOUS
10
103.8922969999999992
20
-188.5198379999999929
11
103.7018209999999954
21
-188.4245999999999981
0
LINE
8
BLACK
6
CONTINUOUS
10
103.7018209999999954
20
-188.4245999999999981
11
103.6065830000000005
21
-188.2341229999999825
0
LINE
8
BLACK
6
CONTINUOUS
10
103.6065830000000005
20
-188.2341229999999825
11
103.6065830000000005
21
-186.5198379999999929
0
LINE
8
BLACK
6
CONTINUOUS
10
105.5113449999999915
20
-188.5198379999999929
11
105.5113449999999915
21
-187.4722189999999955
0
LINE
8
BLACK
6
CONTINUOUS
10
105.5113449999999915
20
-187.4722189999999955
11
105.4161069999999967
21
-187.28174199999998
0
LINE
8
BLACK
6
CONTINUOUS
10
105.4161069999999967
20
-187.28174199999998
11
105.2256309999999928
21
-187.1865039999999851
0
LINE
8
BLACK
6
CONTINUOUS
10
105.2256309999999928
20
-187.1865039999999851
11
104.8446780000000018
21
-187.1865039999999851
0
LINE
8
BLACK
6
CONTINUOUS
10
104.8446780000000018
20
-187.1865039999999851
11
104.654201999999998
21
-187.28174199999998
0
LINE
8
BLACK
6
CONTINUOUS
10
105.5113449999999915
20
-188.4245999999999981
11
105.3208690000000018
21
-188.5198379999999929
0
LINE
8
BLACK
6
CONTINUOUS
10
105.3208690000000018
20
-188.5198379999999929
11
104.8446780000000018
21
-188.5198379999999929
0
LINE
8
BLACK
6
CONTINUOUS
10
104.8446780000000018
20
-188.5198379999999929
11
104.654201999999998
21
-188.4245999999999981
0
LINE
8
BLACK
6
CONTINUOUS
10
104.654201999999998
20
-188.4245999999999981
11
104.5589639999999889
21
-188.2341229999999825
0
LINE
8
BLACK
6
CONTINUOUS
10
104.5589639999999889
20
-188.2341229999999825
11
104.5589639999999889
21
-188.0436469999999929
0
LINE
8
BLACK
6
CONTINUOUS
10
104.5589639999999889
20
-188.0436469999999929
11
104.654201999999998
21
-187.8531710000000032
0
LINE
8
BLACK
6
CONTINUOUS
10
104.654201999999998
20
-187.8531710000000032
11
104.8446780000000018
21
-187.75793299999998
0
LINE
8
BLACK
6
CONTINUOUS
10
104.8446780000000018
20
-187.75793299999998
11
105.3208690000000018
21
-187.75793299999998
0
LINE
8
BLACK
6
CONTINUOUS
10
105.3208690000000018
20
-187.75793299999998
11
105.5113449999999915
21
-187.6626949999999852
0
LINE
8
BLACK
6
CONTINUOUS
10
106.1780119999999954
20
-187.1865039999999851
11
106.9399159999999966
21
-187.1865039999999851
0
LINE
8
BLACK
6
CONTINUOUS
10
106.4637259999999941
20
-186.5198379999999929
11
106.4637259999999941
21
-188.2341229999999825
0
LINE
8
BLACK
6
CONTINUOUS
10
106.4637259999999941
20
-188.2341229999999825
11
106.5589639999999889
21
-188.4245999999999981
0
LINE
8
BLACK
6
CONTINUOUS
10
106.5589639999999889
20
-188.4245999999999981
11
106.7494399999999928
21
-188.5198379999999929
0
LINE
8
BLACK
6
CONTINUOUS
10
106.7494399999999928
20
-188.5198379999999929
11
106.9399159999999966
21
-188.5198379999999929
0
LINE
8
BLACK
6
CONTINUOUS
10
108.3684879999999993
20
-188.4245999999999981
11
108.1780119999999954
21
-188.5198379999999929
0
LINE
8
BLACK
6
CONTINUOUS
10
108.1780119999999954
20
-188.5198379999999929
11
107.7970589999999902
21
-188.5198379999999929
0
LINE
8
BLACK
6
CONTINUOUS
10
107.7970589999999902
20
-188.5198379999999929
11
107.6065830000000005
21
-188.4245999999999981
0
LINE
8
BLACK
6
CONTINUOUS
10
107.6065830000000005
20
-188.4245999999999981
11
107.5113449999999915
21
-188.2341229999999825
0
LINE
8
BLACK
6
CONTINUOUS
10
107.5113449999999915
20
-188.2341229999999825
11
107.5113449999999915
21
-187.4722189999999955
0
LINE
8
BLACK
6
CONTINUOUS
10
107.5113449999999915
20
-187.4722189999999955
11
107.6065830000000005
21
-187.28174199999998
0
LINE
8
BLACK
6
CONTINUOUS
10
107.6065830000000005
20
-187.28174199999998
11
107.7970589999999902
21
-187.1865039999999851
0
LINE
8
BLACK
6
CONTINUOUS
10
107.7970589999999902
20
-187.1865039999999851
11
108.1780119999999954
21
-187.1865039999999851
0
LINE
8
BLACK
6
CONTINUOUS
10
108.1780119999999954
20
-187.1865039999999851
11
108.3684879999999993
21
-187.28174199999998
0
LINE
8
BLACK
6
CONTINUOUS
10
108.3684879999999993
20
-187.28174199999998
11
108.4637259999999941
21
-187.4722189999999955
0
LINE
8
BLACK
6
CONTINUOUS
10
108.4637259999999941
20
-187.4722189999999955
11
108.4637259999999941
21
-187.6626949999999852
0
LINE
8
BLACK
6
CONTINUOUS
10
108.4637259999999941
20
-187.6626949999999852
11
107.5113449999999915
21
-187.8531710000000032
0
LINE
8
BLACK
6
CONTINUOUS
10
110.1780119999999954
20
-188.5198379999999929
11
110.1780119999999954
21
-186.5198379999999929
0
LINE
8
BLACK
6
CONTINUOUS
10
110.1780119999999954
20
-188.4245999999999981
11
109.9875359999999915
21
-188.5198379999999929
0
LINE
8
BLACK
6
CONTINUOUS
10
109.9875359999999915
20
-188.5198379999999929
11
109.6065830000000005
21
-188.5198379999999929
0
LINE
8
BLACK
6
CONTINUOUS
10
109.6065830000000005
20
-188.5198379999999929
11
109.4161069999999967
21
-188.4245999999999981
0
LINE
8
BLACK
6
CONTINUOUS
10
109.4161069999999967
20
-188.4245999999999981
11
109.3208690000000018
21
-188.3293609999999774
0
LINE
8
BLACK
6
CONTINUOUS
10
109.3208690000000018
20
-188.3293609999999774
11
109.2256309999999928
21
-188.1388849999999877
0
LINE
8
BLACK
6
CONTINUOUS
10
109.2256309999999928
20
-188.1388849999999877
11
109.2256309999999928
21
-187.5674569999999903
0
LINE
8
BLACK
6
CONTINUOUS
10
109.2256309999999928
20
-187.5674569999999903
11
109.3208690000000018
21
-187.3769800000000032
0
LINE
8
BLACK
6
CONTINUOUS
10
109.3208690000000018
20
-187.3769800000000032
11
109.4161069999999967
21
-187.28174199999998
0
LINE
8
BLACK
6
CONTINUOUS
10
109.4161069999999967
20
-187.28174199999998
11
109.6065830000000005
21
-187.1865039999999851
0
LINE
8
BLACK
6
CONTINUOUS
10
109.6065830000000005
20
-187.1865039999999851
11
109.9875359999999915
21
-187.1865039999999851
0
LINE
8
BLACK
6
CONTINUOUS
10
109.9875359999999915
20
-187.1865039999999851
11
110.1780119999999954
21
-187.28174199999998
0
LINE
8
BLACK
6
CONTINUOUS
10
110.9399169999999941
20
-189.28174199999998
11
111.0351549999999889
21
-189.1865039999999851
0
LINE
8
BLACK
6
CONTINUOUS
10
111.0351549999999889
20
-189.1865039999999851
11
111.2256309999999928
21
-188.9007900000000006
0
LINE
8
BLACK
6
CONTINUOUS
10
111.2256309999999928
20
-188.9007900000000006
11
111.3208690000000018
21
-188.7103139999999826
0
LINE
8
BLACK
6
CONTINUOUS
10
111.3208690000000018
20
-188.7103139999999826
11
111.4161069999999967
21
-188.4245999999999981
0
LINE
8
BLACK
6
CONTINUOUS
10
111.4161069999999967
20
-188.4245999999999981
11
111.5113449999999915
21
-187.9484089999999981
0
LINE
8
BLACK
6
CONTINUOUS
10
111.5113449999999915
20
-187.9484089999999981
11
111.5113449999999915
21
-187.5674569999999903
0
LINE
8
BLACK
6
CONTINUOUS
10
111.5113449999999915
20
-187.5674569999999903
11
111.4161069999999967
21
-187.0912659999999903
0
LINE
8
BLACK
6
CONTINUOUS
10
111.4161069999999967
20
-187.0912659999999903
11
111.3208690000000018
21
-186.8055519999999774
0
LINE
8
BLACK
6
CONTINUOUS
10
111.3208690000000018
20
-186.8055519999999774
11
111.2256309999999928
21
-186.6150759999999877
0
LINE
8
BLACK
6
CONTINUOUS
10
111.2256309999999928
20
-186.6150759999999877
11
111.0351549999999889
21
-186.3293609999999774
0
LINE
8
BLACK
6
CONTINUOUS
10
111.0351549999999889
20
-186.3293609999999774
11
110.9399169999999941
21
-186.2341229999999825
0
LINE
8
BLACK
6
CONTINUOUS
10
40.4750000000000014
20
-189.8049999999999784
11
40.4750000000000014
21
-191.8049999999999784
0
LINE
8
BLACK
6
CONTINUOUS
10
39.4750000000000014
20
-190.8049999999999784
11
41.4750000000000014
21
-190.8049999999999784
0
CIRCLE
8
BLACK
10
40.4750000000000014
20
-190.8049999999999784
40
1.
0
LINE
8
BLACK
6
CONTINUOUS
10
43.8922919999999976
20
-189.7198379999999815
11
45.1303869999999989
21
-189.7198379999999815
0
LINE
8
BLACK
6
CONTINUOUS
10
45.1303869999999989
20
-189.7198379999999815
11
44.463719999999995
21
-190.481741999999997
0
LINE
8
BLACK
6
CONTINUOUS
10
44.463719999999995
20
-190.481741999999997
11
44.7494349999999983
21
-190.481741999999997
0
LINE
8
BLACK
6
CONTINUOUS
10
44.7494349999999983
20
-190.481741999999997
11
44.9399109999999951
21
-190.5769799999999918
0
LINE
8
BLACK
6
CONTINUOUS
10
44.9399109999999951
20
-190.5769799999999918
11
45.035148999999997
21
-190.6722189999999841
0
LINE
8
BLACK
6
CONTINUOUS
10
45.035148999999997
20
-190.6722189999999841
11
45.1303869999999989
21
-190.8626950000000022
0
LINE
8
BLACK
6
CONTINUOUS
10
45.1303869999999989
20
-190.8626950000000022
11
45.1303869999999989
21
-191.3388850000000048
0
LINE
8
BLACK
6
CONTINUOUS
10
45.1303869999999989
20
-191.3388850000000048
11
45.035148999999997
21
-191.5293609999999944
0
LINE
8
BLACK
6
CONTINUOUS
10
45.035148999999997
20
-191.5293609999999944
11
44.9399109999999951
21
-191.6245999999999867
0
LINE
8
BLACK
6
CONTINUOUS
10
44.9399109999999951
20
-191.6245999999999867
11
44.7494349999999983
21
-191.7198379999999815
0
LINE
8
BLACK
6
CONTINUOUS
10
44.7494349999999983
20
-191.7198379999999815
11
44.1780059999999963
21
-191.7198379999999815
0
LINE
8
BLACK
6
CONTINUOUS
10
44.1780059999999963
20
-191.7198379999999815
11
43.9875299999999996
21
-191.6245999999999867
0
LINE
8
BLACK
6
CONTINUOUS
10
43.9875299999999996
20
-191.6245999999999867
11
43.8922919999999976
21
-191.5293609999999944
0
LINE
8
BLACK
6
CONTINUOUS
10
45.9875299999999996
20
-191.5293609999999944
11
46.0827679999999944
21
-191.6245999999999867
0
LINE
8
BLACK
6
CONTINUOUS
10
46.0827679999999944
20
-191.6245999999999867
11
45.9875299999999996
21
-191.7198379999999815
0
LINE
8
BLACK
6
CONTINUOUS
10
45.9875299999999996
20
-191.7198379999999815
11
45.8922919999999976
21
-191.6245999999999867
0
LINE
8
BLACK
6
CONTINUOUS
10
45.8922919999999976
20
-191.6245999999999867
11
45.9875299999999996
21
-191.5293609999999944
0
LINE
8
BLACK
6
CONTINUOUS
10
45.9875299999999996
20
-191.5293609999999944
11
45.9875299999999996
21
-191.7198379999999815
0
LINE
8
BLACK
6
CONTINUOUS
10
46.8446730000000002
20
-189.9103139999999996
11
46.9399109999999951
21
-189.8150760000000048
0
LINE
8
BLACK
6
CONTINUOUS
10
46.9399109999999951
20
-189.8150760000000048
11
47.1303869999999989
21
-189.7198379999999815
0
LINE
8
BLACK
6
CONTINUOUS
10
47.1303869999999989
20
-189.7198379999999815
11
47.606577999999999
21
-189.7198379999999815
0
LINE
8
BLACK
6
CONTINUOUS
10
47.606577999999999
20
-189.7198379999999815
11
47.7970539999999957
21
-189.8150760000000048
0
LINE
8
BLACK
6
CONTINUOUS
10
47.7970539999999957
20
-189.8150760000000048
11
47.8922919999999976
21
-189.9103139999999996
0
LINE
8
BLACK
6
CONTINUOUS
10
47.8922919999999976
20
-189.9103139999999996
11
47.9875299999999996
21
-190.1007899999999893
0
LINE
8
BLACK
6
CONTINUOUS
10
47.9875299999999996
20
-190.1007899999999893
11
47.9875299999999996
21
-190.2912659999999789
0
LINE
8
BLACK
6
CONTINUOUS
10
47.9875299999999996
20
-190.2912659999999789
11
47.8922919999999976
21
-190.5769799999999918
0
LINE
8
BLACK
6
CONTINUOUS
10
47.8922919999999976
20
-190.5769799999999918
11
46.7494349999999983
21
-191.7198379999999815
0
LINE
8
BLACK
6
CONTINUOUS
10
46.7494349999999983
20
-191.7198379999999815
11
47.9875299999999996
21
-191.7198379999999815
0
LINE
8
BLACK
6
CONTINUOUS
10
49.2256250000000009
20
-189.7198379999999815
11
49.4161019999999951
21
-189.7198379999999815
0
LINE
8
BLACK
6
CONTINUOUS
10
49.4161019999999951
20
-189.7198379999999815
11
49.606577999999999
21
-189.8150760000000048
0
LINE
8
BLACK
6
CONTINUOUS
10
49.606577999999999
20
-189.8150760000000048
11
49.7018160000000009
21
-189.9103139999999996
0
LINE
8
BLACK
6
CONTINUOUS
10
49.7018160000000009
20
-189.9103139999999996
11
49.7970539999999957
21
-190.1007899999999893
0
LINE
8
BLACK
6
CONTINUOUS
10
49.7970539999999957
20
-190.1007899999999893
11
49.8922919999999976
21
-190.481741999999997
0
LINE
8
BLACK
6
CONTINUOUS
10
49.8922919999999976
20
-190.481741999999997
11
49.8922919999999976
21
-190.957932999999997
0
LINE
8
BLACK
6
CONTINUOUS
10
49.8922919999999976
20
-190.957932999999997
11
49.7970539999999957
21
-191.3388850000000048
0
LINE
8
BLACK
6
CONTINUOUS
10
49.7970539999999957
20
-191.3388850000000048
11
49.7018160000000009
21
-191.5293609999999944
0
LINE
8
BLACK
6
CONTINUOUS
10
49.7018160000000009
20
-191.5293609999999944
11
49.606577999999999
21
-191.6245999999999867
0
LINE
8
BLACK
6
CONTINUOUS
10
49.606577999999999
20
-191.6245999999999867
11
49.4161019999999951
21
-191.7198379999999815
0
LINE
8
BLACK
6
CONTINUOUS
10
49.4161019999999951
20
-191.7198379999999815
11
49.2256250000000009
21
-191.7198379999999815
0
LINE
8
BLACK
6
CONTINUOUS
10
49.2256250000000009
20
-191.7198379999999815
11
49.035148999999997
21
-191.6245999999999867
0
LINE
8
BLACK
6
CONTINUOUS
10
49.035148999999997
20
-191.6245999999999867
11
48.9399109999999951
21
-191.5293609999999944
0
LINE
8
BLACK
6
CONTINUOUS
10
48.9399109999999951
20
-191.5293609999999944
11
48.8446730000000002
21
-191.3388850000000048
0
LINE
8
BLACK
6
CONTINUOUS
10
48.8446730000000002
20
-191.3388850000000048
11
48.7494349999999983
21
-190.957932999999997
0
LINE
8
BLACK
6
CONTINUOUS
10
48.7494349999999983
20
-190.957932999999997
11
48.7494349999999983
21
-190.481741999999997
0
LINE
8
BLACK
6
CONTINUOUS
10
48.7494349999999983
20
-190.481741999999997
11
48.8446730000000002
21
-190.1007899999999893
0
LINE
8
BLACK
6
CONTINUOUS
10
48.8446730000000002
20
-190.1007899999999893
11
48.9399109999999951
21
-189.9103139999999996
0
LINE
8
BLACK
6
CONTINUOUS
10
48.9399109999999951
20
-189.9103139999999996
11
49.035148999999997
21
-189.8150760000000048
0
LINE
8
BLACK
6
CONTINUOUS
10
49.035148999999997
20
-189.8150760000000048
11
49.2256250000000009
21
-189.7198379999999815
0
LINE
8
BLACK
6
CONTINUOUS
10
51.1303869999999989
20
-189.7198379999999815
11
51.3208640000000003
21
-189.7198379999999815
0
LINE
8
BLACK
6
CONTINUOUS
10
51.3208640000000003
20
-189.7198379999999815
11
51.511339999999997
21
-189.8150760000000048
0
LINE
8
BLACK
6
CONTINUOUS
10
51.511339999999997
20
-189.8150760000000048
11
51.606577999999999
21
-189.9103139999999996
0
LINE
8
BLACK
6
CONTINUOUS
10
51.606577999999999
20
-189.9103139999999996
11
51.7018160000000009
21
-190.1007899999999893
0
LINE
8
BLACK
6
CONTINUOUS
10
51.7018160000000009
20
-190.1007899999999893
11
51.7970539999999957
21
-190.481741999999997
0
LINE
8
BLACK
6
CONTINUOUS
10
51.7970539999999957
20
-190.481741999999997
11
51.7970539999999957
21
-190.957932999999997
0
LINE
8
BLACK
6
CONTINUOUS
10
51.7970539999999957
20
-190.957932999999997
11
51.7018160000000009
21
-191.3388850000000048
0
LINE
8
BLACK
6
CONTINUOUS
10
51.7018160000000009
20
-191.3388850000000048
11
51.606577999999999
21
-191.5293609999999944
0
LINE
8
BLACK
6
CONTINUOUS
10
51.606577999999999
20
-191.5293609999999944
11
51.511339999999997
21
-191.6245999999999867
0
LINE
8
BLACK
6
CONTINUOUS
10
51.511339999999997
20
-191.6245999999999867
11
51.3208640000000003
21
-191.7198379999999815
0
LINE
8
BLACK
6
CONTINUOUS
10
51.3208640000000003
20
-191.7198379999999815
11
51.1303869999999989
21
-191.7198379999999815
0
LINE
8
BLACK
6
CONTINUOUS
10
51.1303869999999989
20
-191.7198379999999815
11
50.9399109999999951
21
-191.6245999999999867
0
LINE
8
BLACK
6
CONTINUOUS
10
50.9399109999999951
20
-191.6245999999999867
11
50.8446730000000002
21
-191.5293609999999944
0
LINE
8
BLACK
6
CONTINUOUS
10
50.8446730000000002
20
-191.5293609999999944
11
50.7494349999999983
21
-191.3388850000000048
0
LINE
8
BLACK
6
CONTINUOUS
10
50.7494349999999983
20
-191.3388850000000048
11
50.6541969999999964
21
-190.957932999999997
0
LINE
8
BLACK
6
CONTINUOUS
10
50.6541969999999964
20
-190.957932999999997
11
50.6541969999999964
21
-190.481741999999997
0
LINE
8
BLACK
6
CONTINUOUS
10
50.6541969999999964
20
-190.481741999999997
11
50.7494349999999983
21
-190.1007899999999893
0
LINE
8
BLACK
6
CONTINUOUS
10
50.7494349999999983
20
-190.1007899999999893
11
50.8446730000000002
21
-189.9103139999999996
0
LINE
8
BLACK
6
CONTINUOUS
10
50.8446730000000002
20
-189.9103139999999996
11
50.9399109999999951
21
-189.8150760000000048
0
LINE
8
BLACK
6
CONTINUOUS
10
50.9399109999999951
20
-189.8150760000000048
11
51.1303869999999989
21
-189.7198379999999815
0
LINE
8
BLACK
6
CONTINUOUS
10
52.6541969999999964
20
-191.7198379999999815
11
52.6541969999999964
21
-190.3865040000000022
0
LINE
8
BLACK
6
CONTINUOUS
10
52.6541969999999964
20
-190.5769799999999918
11
52.7494349999999983
21
-190.481741999999997
0
LINE
8
BLACK
6
CONTINUOUS
10
52.7494349999999983
20
-190.481741999999997
11
52.9399109999999951
21
-190.3865040000000022
0
LINE
8
BLACK
6
CONTINUOUS
10
52.9399109999999951
20
-190.3865040000000022
11
53.2256259999999983
21
-190.3865040000000022
0
LINE
8
BLACK
6
CONTINUOUS
10
53.2256259999999983
20
-190.3865040000000022
11
53.4161019999999951
21
-190.481741999999997
0
LINE
8
BLACK
6
CONTINUOUS
10
53.4161019999999951
20
-190.481741999999997
11
53.511339999999997
21
-190.6722189999999841
0
LINE
8
BLACK
6
CONTINUOUS
10
53.511339999999997
20
-190.6722189999999841
11
53.511339999999997
21
-191.7198379999999815
0
LINE
8
BLACK
6
CONTINUOUS
10
53.511339999999997
20
-190.6722189999999841
11
53.606577999999999
21
-190.481741999999997
0
LINE
8
BLACK
6
CONTINUOUS
10
53.606577999999999
20
-190.481741999999997
11
53.7970539999999957
21
-190.3865040000000022
0
LINE
8
BLACK
6
CONTINUOUS
10
53.7970539999999957
20
-190.3865040000000022
11
54.0827679999999944
21
-190.3865040000000022
0
LINE
8
BLACK
6
CONTINUOUS
10
54.0827679999999944
20
-190.3865040000000022
11
54.2732449999999957
21
-190.481741999999997
0
LINE
8
BLACK
6
CONTINUOUS
10
54.2732449999999957
20
-190.481741999999997
11
54.3684829999999977
21
-190.6722189999999841
0
LINE
8
BLACK
6
CONTINUOUS
10
54.3684829999999977
20
-190.6722189999999841
11
54.3684829999999977
21
-191.7198379999999815
0
LINE
8
BLACK
6
CONTINUOUS
10
55.3208640000000003
20
-191.7198379999999815
11
55.3208640000000003
21
-190.3865040000000022
0
LINE
8
BLACK
6
CONTINUOUS
10
55.3208640000000003
20
-190.5769799999999918
11
55.4161019999999951
21
-190.481741999999997
0
LINE
8
BLACK
6
CONTINUOUS
10
55.4161019999999951
20
-190.481741999999997
11
55.606577999999999
21
-190.3865040000000022
0
LINE
8
BLACK
6
CONTINUOUS
10
55.606577999999999
20
-190.3865040000000022
11
55.8922929999999951
21
-190.3865040000000022
0
LINE
8
BLACK
6
CONTINUOUS
10
55.8922929999999951
20
-190.3865040000000022
11
56.082768999999999
21
-190.481741999999997
0
LINE
8
BLACK
6
CONTINUOUS
10
56.082768999999999
20
-190.481741999999997
11
56.1780070000000009
21
-190.6722189999999841
0
LINE
8
BLACK
6
CONTINUOUS
10
56.1780070000000009
20
-190.6722189999999841
11
56.1780070000000009
21
-191.7198379999999815
0
LINE
8
BLACK
6
CONTINUOUS
10
56.1780070000000009
20
-190.6722189999999841
11
56.2732449999999957
21
-190.481741999999997
0
LINE
8
BLACK
6
CONTINUOUS
10
56.2732449999999957
20
-190.481741999999997
11
56.4637209999999996
21
-190.3865040000000022
0
LINE
8
BLACK
6
CONTINUOUS
10
56.4637209999999996
20
-190.3865040000000022
11
56.7494349999999983
21
-190.3865040000000022
0
LINE
8
BLACK
6
CONTINUOUS
10
56.7494349999999983
20
-190.3865040000000022
11
56.9399119999999996
21
-190.481741999999997
0
LINE
8
BLACK
6
CONTINUOUS
10
56.9399119999999996
20
-190.481741999999997
11
57.0351499999999945
21
-190.6722189999999841
0
LINE
8
BLACK
6
CONTINUOUS
10
57.0351499999999945
20
-190.6722189999999841
11
57.0351499999999945
21
-191.7198379999999815
0
LINE
8
BLACK
6
CONTINUOUS
10
60.9399119999999996
20
-189.6245999999999867
11
59.2256269999999958
21
-192.1960279999999841
0
LINE
8
BLACK
6
CONTINUOUS
10
63.5113409999999945
20
-189.7198379999999815
11
63.7018179999999958
21
-189.7198379999999815
0
LINE
8
BLACK
6
CONTINUOUS
10
63.7018179999999958
20
-189.7198379999999815
11
63.8922939999999997
21
-189.8150760000000048
0
LINE
8
BLACK
6
CONTINUOUS
10
63.8922939999999997
20
-189.8150760000000048
11
63.9875319999999945
21
-189.9103139999999996
0
LINE
8
BLACK
6
CONTINUOUS
10
63.9875319999999945
20
-189.9103139999999996
11
64.0827699999999965
21
-190.1007899999999893
0
LINE
8
BLACK
6
CONTINUOUS
10
64.0827699999999965
20
-190.1007899999999893
11
64.1780079999999913
21
-190.481741999999997
0
LINE
8
BLACK
6
CONTINUOUS
10
64.1780079999999913
20
-190.481741999999997
11
64.1780079999999913
21
-190.957932999999997
0
LINE
8
BLACK
6
CONTINUOUS
10
64.1780079999999913
20
-190.957932999999997
11
64.0827699999999965
21
-191.3388850000000048
0
LINE
8
BLACK
6
CONTINUOUS
10
64.0827699999999965
20
-191.3388850000000048
11
63.9875319999999945
21
-191.5293609999999944
0
LINE
8
BLACK
6
CONTINUOUS
10
63.9875319999999945
20
-191.5293609999999944
11
63.8922939999999997
21
-191.6245999999999867
0
LINE
8
BLACK
6
CONTINUOUS
10
63.8922939999999997
20
-191.6245999999999867
11
63.7018179999999958
21
-191.7198379999999815
0
LINE
8
BLACK
6
CONTINUOUS
10
63.7018179999999958
20
-191.7198379999999815
11
63.5113409999999945
21
-191.7198379999999815
0
LINE
8
BLACK
6
CONTINUOUS
10
63.5113409999999945
20
-191.7198379999999815
11
63.3208649999999977
21
-191.6245999999999867
0
LINE
8
BLACK
6
CONTINUOUS
10
63.3208649999999977
20
-191.6245999999999867
11
63.2256269999999958
21
-191.5293609999999944
0
LINE
8
BLACK
6
CONTINUOUS
10
63.2256269999999958
20
-191.5293609999999944
11
63.1303889999999939
21
-191.3388850000000048
0
LINE
8
BLACK
6
CONTINUOUS
10
63.1303889999999939
20
-191.3388850000000048
11
63.035150999999999
21
-190.957932999999997
0
LINE
8
BLACK
6
CONTINUOUS
10
63.035150999999999
20
-190.957932999999997
11
63.035150999999999
21
-190.481741999999997
0
LINE
8
BLACK
6
CONTINUOUS
10
63.035150999999999
20
-190.481741999999997
11
63.1303889999999939
21
-190.1007899999999893
0
LINE
8
BLACK
6
CONTINUOUS
10
63.1303889999999939
20
-190.1007899999999893
11
63.2256269999999958
21
-189.9103139999999996
0
LINE
8
BLACK
6
CONTINUOUS
10
63.2256269999999958
20
-189.9103139999999996
11
63.3208649999999977
21
-189.8150760000000048
0
LINE
8
BLACK
6
CONTINUOUS
10
63.3208649999999977
20
-189.8150760000000048
11
63.5113409999999945
21
-189.7198379999999815
0
LINE
8
BLACK
6
CONTINUOUS
10
65.035150999999999
20
-191.5293609999999944
11
65.1303889999999939
21
-191.6245999999999867
0
LINE
8
BLACK
6
CONTINUOUS
10
65.1303889999999939
20
-191.6245999999999867
11
65.035150999999999
21
-191.7198379999999815
0
LINE
8
BLACK
6
CONTINUOUS
10
65.035150999999999
20
-191.7198379999999815
11
64.93991299999999
21
-191.6245999999999867
0
LINE
8
BLACK
6
CONTINUOUS
10
64.93991299999999
20
-191.6245999999999867
11
65.035150999999999
21
-191.5293609999999944
0
LINE
8
BLACK
6
CONTINUOUS
10
65.035150999999999
20
-191.5293609999999944
11
65.035150999999999
21
-191.7198379999999815
0
LINE
8
BLACK
6
CONTINUOUS
10
67.035150999999999
20
-191.7198379999999815
11
65.8922939999999926
21
-191.7198379999999815
0
LINE
8
BLACK
6
CONTINUOUS
10
66.46372199999999
20
-191.7198379999999815
11
66.46372199999999
21
-189.7198379999999815
0
LINE
8
BLACK
6
CONTINUOUS
10
66.46372199999999
20
-189.7198379999999815
11
66.2732460000000003
21
-190.0055519999999945
0
LINE
8
BLACK
6
CONTINUOUS
10
66.2732460000000003
20
-190.0055519999999945
11
66.0827699999999965
21
-190.1960279999999841
0
LINE
8
BLACK
6
CONTINUOUS
10
66.0827699999999965
20
-190.1960279999999841
11
65.8922939999999926
21
-190.2912659999999789
0
LINE
8
BLACK
6
CONTINUOUS
10
67.7970559999999978
20
-189.9103139999999996
11
67.8922939999999926
21
-189.8150760000000048
0
LINE
8
BLACK
6
CONTINUOUS
10
67.8922939999999926
20
-189.8150760000000048
11
68.0827699999999965
21
-189.7198379999999815
0
LINE
8
BLACK
6
CONTINUOUS
10
68.0827699999999965
20
-189.7198379999999815
11
68.5589609999999965
21
-189.7198379999999815
0
LINE
8
BLACK
6
CONTINUOUS
10
68.5589609999999965
20
-189.7198379999999815
11
68.7494370000000004
21
-189.8150760000000048
0
LINE
8
BLACK
6
CONTINUOUS
10
68.7494370000000004
20
-189.8150760000000048
11
68.8446749999999952
21
-189.9103139999999996
0
LINE
8
BLACK
6
CONTINUOUS
10
68.8446749999999952
20
-189.9103139999999996
11
68.93991299999999
21
-190.1007899999999893
0
LINE
8
BLACK
6
CONTINUOUS
10
68.93991299999999
20
-190.1007899999999893
11
68.93991299999999
21
-190.2912659999999789
0
LINE
8
BLACK
6
CONTINUOUS
10
68.93991299999999
20
-190.2912659999999789
11
68.8446749999999952
21
-190.5769799999999918
0
LINE
8
BLACK
6
CONTINUOUS
10
68.8446749999999952
20
-190.5769799999999918
11
67.7018180000000029
21
-191.7198379999999815
0
LINE
8
BLACK
6
CONTINUOUS
10
67.7018180000000029
20
-191.7198379999999815
11
68.93991299999999
21
-191.7198379999999815
0
LINE
8
BLACK
6
CONTINUOUS
10
70.6541989999999913
20
-189.7198379999999815
11
70.2732460000000003
21
-189.7198379999999815
0
LINE
8
BLACK
6
CONTINUOUS
10
70.2732460000000003
20
-189.7198379999999815
11
70.0827699999999965
21
-189.8150760000000048
0
LINE
8
BLACK
6
CONTINUOUS
10
70.0827699999999965
20
-189.8150760000000048
11
69.9875320000000016
21
-189.9103139999999996
0
LINE
8
BLACK
6
CONTINUOUS
10
69.9875320000000016
20
-189.9103139999999996
11
69.7970559999999978
21
-190.1960279999999841
0
LINE
8
BLACK
6
CONTINUOUS
10
69.7970559999999978
20
-190.1960279999999841
11
69.7018180000000029
21
-190.5769799999999918
0
LINE
8
BLACK
6
CONTINUOUS
10
69.7018180000000029
20
-190.5769799999999918
11
69.7018180000000029
21
-191.3388850000000048
0
LINE
8
BLACK
6
CONTINUOUS
10
69.7018180000000029
20
-191.3388850000000048
11
69.7970559999999978
21
-191.5293609999999944
0
LINE
8
BLACK
6
CONTINUOUS
10
69.7970559999999978
20
-191.5293609999999944
11
69.8922939999999926
21
-191.6245999999999867
0
LINE
8
BLACK
6
CONTINUOUS
10
69.8922939999999926
20
-191.6245999999999867
11
70.0827699999999965
21
-191.7198379999999815
0
LINE
8
BLACK
6
CONTINUOUS
10
70.0827699999999965
20
-191.7198379999999815
11
70.4637230000000017
21
-191.7198379999999815
0
LINE
8
BLACK
6
CONTINUOUS
10
70.4637230000000017
20
-191.7198379999999815
11
70.6541989999999913
21
-191.6245999999999867
0
LINE
8
BLACK
6
CONTINUOUS
10
70.6541989999999913
20
-191.6245999999999867
11
70.7494370000000004
21
-191.5293609999999944
0
LINE
8
BLACK
6
CONTINUOUS
10
70.7494370000000004
20
-191.5293609999999944
11
70.8446749999999952
21
-191.3388850000000048
0
LINE
8
BLACK
6
CONTINUOUS
10
70.8446749999999952
20
-191.3388850000000048
11
70.8446749999999952
21
-190.8626950000000022
0
LINE
8
BLACK
6
CONTINUOUS
10
70.8446749999999952
20
-190.8626950000000022
11
70.7494370000000004
21
-190.6722189999999841
0
LINE
8
BLACK
6
CONTINUOUS
10
70.7494370000000004
20
-190.6722189999999841
11
70.6541989999999913
21
-190.5769799999999918
0
LINE
8
BLACK
6
CONTINUOUS
10
70.6541989999999913
20
-190.5769799999999918
11
70.4637230000000017
21
-190.481741999999997
0
LINE
8
BLACK
6
CONTINUOUS
10
70.4637230000000017
20
-190.481741999999997
11
70.0827699999999965
21
-190.481741999999997
0
LINE
8
BLACK
6
CONTINUOUS
10
70.0827699999999965
20
-190.481741999999997
11
69.8922939999999926
21
-190.5769799999999918
0
LINE
8
BLACK
6
CONTINUOUS
10
69.8922939999999926
20
-190.5769799999999918
11
69.7970559999999978
21
-190.6722189999999841
0
LINE
8
BLACK
6
CONTINUOUS
10
69.7970559999999978
20
-190.6722189999999841
11
69.7018180000000029
21
-190.8626950000000022
0
LINE
8
BLACK
6
CONTINUOUS
10
72.0827699999999965
20
-189.7198379999999815
11
72.2732469999999978
21
-189.7198379999999815
0
LINE
8
BLACK
6
CONTINUOUS
10
72.2732469999999978
20
-189.7198379999999815
11
72.4637230000000017
21
-189.8150760000000048
0
LINE
8
BLACK
6
CONTINUOUS
10
72.4637230000000017
20
-189.8150760000000048
11
72.5589609999999965
21
-189.9103139999999996
0
LINE
8
BLACK
6
CONTINUOUS
10
72.5589609999999965
20
-189.9103139999999996
11
72.6541989999999913
21
-190.1007899999999893
0
LINE
8
BLACK
6
CONTINUOUS
10
72.6541989999999913
20
-190.1007899999999893
11
72.7494370000000004
21
-190.481741999999997
0
LINE
8
BLACK
6
CONTINUOUS
10
72.7494370000000004
20
-190.481741999999997
11
72.7494370000000004
21
-190.957932999999997
0
LINE
8
BLACK
6
CONTINUOUS
10
72.7494370000000004
20
-190.957932999999997
11
72.6541989999999913
21
-191.3388850000000048
0
LINE
8
BLACK
6
CONTINUOUS
10
72.6541989999999913
20
-191.3388850000000048
11
72.5589609999999965
21
-191.5293609999999944
0
LINE
8
BLACK
6
CONTINUOUS
10
72.5589609999999965
20
-191.5293609999999944
11
72.4637230000000017
21
-191.6245999999999867
0
LINE
8
BLACK
6
CONTINUOUS
10
72.4637230000000017
20
-191.6245999999999867
11
72.2732469999999978
21
-191.7198379999999815
0
LINE
8
BLACK
6
CONTINUOUS
10
72.2732469999999978
20
-191.7198379999999815
11
72.0827699999999965
21
-191.7198379999999815
0
LINE
8
BLACK
6
CONTINUOUS
10
72.0827699999999965
20
-191.7198379999999815
11
71.8922939999999926
21
-191.6245999999999867
0
LINE
8
BLACK
6
CONTINUOUS
10
71.8922939999999926
20
-191.6245999999999867
11
71.7970559999999978
21
-191.5293609999999944
0
LINE
8
BLACK
6
CONTINUOUS
10
71.7970559999999978
20
-191.5293609999999944
11
71.7018180000000029
21
-191.3388850000000048
0
LINE
8
BLACK
6
CONTINUOUS
10
71.7018180000000029
20
-191.3388850000000048
11
71.6065799999999939
21
-190.957932999999997
0
LINE
8
BLACK
6
CONTINUOUS
10
71.6065799999999939
20
-190.957932999999997
11
71.6065799999999939
21
-190.481741999999997
0
LINE
8
BLACK
6
CONTINUOUS
10
71.6065799999999939
20
-190.481741999999997
11
71.7018180000000029
21
-190.1007899999999893
0
LINE
8
BLACK
6
CONTINUOUS
10
71.7018180000000029
20
-190.1007899999999893
11
71.7970559999999978
21
-189.9103139999999996
0
LINE
8
BLACK
6
CONTINUOUS
10
71.7970559999999978
20
-189.9103139999999996
11
71.8922939999999926
21
-189.8150760000000048
0
LINE
8
BLACK
6
CONTINUOUS
10
71.8922939999999926
20
-189.8150760000000048
11
72.0827699999999965
21
-189.7198379999999815
0
LINE
8
BLACK
6
CONTINUOUS
10
73.5113419999999991
20
-189.7198379999999815
11
73.5113419999999991
21
-190.1007899999999893
0
LINE
8
BLACK
6
CONTINUOUS
10
74.2732469999999978
20
-189.7198379999999815
11
74.2732469999999978
21
-190.1007899999999893
0
LINE
8
BLACK
6
CONTINUOUS
10
77.2256289999999979
20
-192.481741999999997
11
77.1303899999999913
21
-192.3865040000000022
0
LINE
8
BLACK
6
CONTINUOUS
10
77.1303899999999913
20
-192.3865040000000022
11
76.9399140000000017
21
-192.1007899999999893
0
LINE
8
BLACK
6
CONTINUOUS
10
76.9399140000000017
20
-192.1007899999999893
11
76.8446759999999927
21
-191.9103139999999996
0
LINE
8
BLACK
6
CONTINUOUS
10
76.8446759999999927
20
-191.9103139999999996
11
76.7494379999999978
21
-191.6245999999999867
0
LINE
8
BLACK
6
CONTINUOUS
10
76.7494379999999978
20
-191.6245999999999867
11
76.654200000000003
21
-191.1484089999999867
0
LINE
8
BLACK
6
CONTINUOUS
10
76.654200000000003
20
-191.1484089999999867
11
76.654200000000003
21
-190.767456999999979
0
LINE
8
BLACK
6
CONTINUOUS
10
76.654200000000003
20
-190.767456999999979
11
76.7494379999999978
21
-190.2912659999999789
0
LINE
8
BLACK
6
CONTINUOUS
10
76.7494379999999978
20
-190.2912659999999789
11
76.8446759999999927
21
-190.0055519999999945
0
LINE
8
BLACK
6
CONTINUOUS
10
76.8446759999999927
20
-190.0055519999999945
11
76.9399140000000017
21
-189.8150760000000048
0
LINE
8
BLACK
6
CONTINUOUS
10
76.9399140000000017
20
-189.8150760000000048
11
77.1303899999999913
21
-189.5293609999999944
0
LINE
8
BLACK
6
CONTINUOUS
10
77.1303899999999913
20
-189.5293609999999944
11
77.2256289999999979
21
-189.4341229999999996
0
LINE
8
BLACK
6
CONTINUOUS
10
78.8446759999999927
20
-190.3865040000000022
11
78.8446759999999927
21
-191.7198379999999815
0
LINE
8
BLACK
6
CONTINUOUS
10
78.3684849999999926
20
-189.6245999999999867
11
77.8922949999999901
21
-191.0531709999999919
0
LINE
8
BLACK
6
CONTINUOUS
10
77.8922949999999901
20
-191.0531709999999919
11
79.1303899999999913
21
-191.0531709999999919
0
LINE
8
BLACK
6
CONTINUOUS
10
81.4161050000000017
20
-191.7198379999999815
11
81.4161050000000017
21
-189.7198379999999815
0
LINE
8
BLACK
6
CONTINUOUS
10
82.2732479999999953
20
-191.7198379999999815
11
82.2732479999999953
21
-190.6722189999999841
0
LINE
8
BLACK
6
CONTINUOUS
10
82.2732479999999953
20
-190.6722189999999841
11
82.1780100000000004
21
-190.481741999999997
0
LINE
8
BLACK
6
CONTINUOUS
10
82.1780100000000004
20
-190.481741999999997
11
81.9875339999999966
21
-190.3865040000000022
0
LINE
8
BLACK
6
CONTINUOUS
10
81.9875339999999966
20
-190.3865040000000022
11
81.7018190000000004
21
-190.3865040000000022
0
LINE
8
BLACK
6
CONTINUOUS
10
81.7018190000000004
20
-190.3865040000000022
11
81.5113429999999966
21
-190.481741999999997
0
LINE
8
BLACK
6
CONTINUOUS
10
81.5113429999999966
20
-190.481741999999997
11
81.4161050000000017
21
-190.5769799999999918
0
LINE
8
BLACK
6
CONTINUOUS
10
83.5113429999999966
20
-191.7198379999999815
11
83.3208669999999927
21
-191.6245999999999867
0
LINE
8
BLACK
6
CONTINUOUS
10
83.3208669999999927
20
-191.6245999999999867
11
83.2256289999999979
21
-191.5293609999999944
0
LINE
8
BLACK
6
CONTINUOUS
10
83.2256289999999979
20
-191.5293609999999944
11
83.130391000000003
21
-191.3388850000000048
0
LINE
8
BLACK
6
CONTINUOUS
10
83.130391000000003
20
-191.3388850000000048
11
83.130391000000003
21
-190.767456999999979
0
LINE
8
BLACK
6
CONTINUOUS
10
83.130391000000003
20
-190.767456999999979
11
83.2256289999999979
21
-190.5769799999999918
0
LINE
8
BLACK
6
CONTINUOUS
10
83.2256289999999979
20
-190.5769799999999918
11
83.3208669999999927
21
-190.481741999999997
0
LINE
8
BLACK
6
CONTINUOUS
10
83.3208669999999927
20
-190.481741999999997
11
83.5113429999999966
21
-190.3865040000000022
0
LINE
8
BLACK
6
CONTINUOUS
10
83.5113429999999966
20
-190.3865040000000022
11
83.7970579999999927
21
-190.3865040000000022
0
LINE
8
BLACK
6
CONTINUOUS
10
83.7970579999999927
20
-190.3865040000000022
11
83.9875339999999966
21
-190.481741999999997
0
LINE
8
BLACK
6
CONTINUOUS
10
83.9875339999999966
20
-190.481741999999997
11
84.0827719999999914
21
-190.5769799999999918
0
LINE
8
BLACK
6
CONTINUOUS
10
84.0827719999999914
20
-190.5769799999999918
11
84.1780100000000004
21
-190.767456999999979
0
LINE
8
BLACK
6
CONTINUOUS
10
84.1780100000000004
20
-190.767456999999979
11
84.1780100000000004
21
-191.3388850000000048
0
LINE
8
BLACK
6
CONTINUOUS
10
84.1780100000000004
20
-191.3388850000000048
11
84.0827719999999914
21
-191.5293609999999944
0
LINE
8
BLACK
6
CONTINUOUS
10
84.0827719999999914
20
-191.5293609999999944
11
83.9875339999999966
21
-191.6245999999999867
0
LINE
8
BLACK
6
CONTINUOUS
10
83.9875339999999966
20
-191.6245999999999867
11
83.7970579999999927
21
-191.7198379999999815
0
LINE
8
BLACK
6
CONTINUOUS
10
83.7970579999999927
20
-191.7198379999999815
11
83.5113429999999966
21
-191.7198379999999815
0
LINE
8
BLACK
6
CONTINUOUS
10
85.3208669999999927
20
-191.7198379999999815
11
85.130391000000003
21
-191.6245999999999867
0
LINE
8
BLACK
6
CONTINUOUS
10
85.130391000000003
20
-191.6245999999999867
11
85.035152999999994
21
-191.4341229999999996
0
LINE
8
BLACK
6
CONTINUOUS
10
85.035152999999994
20
-191.4341229999999996
11
85.035152999999994
21
-189.7198379999999815
0
LINE
8
BLACK
6
CONTINUOUS
10
86.8446769999999901
20
-191.6245999999999867
11
86.6542010000000005
21
-191.7198379999999815
0
LINE
8
BLACK
6
CONTINUOUS
10
86.6542010000000005
20
-191.7198379999999815
11
86.2732479999999953
21
-191.7198379999999815
0
LINE
8
BLACK
6
CONTINUOUS
10
86.2732479999999953
20
-191.7198379999999815
11
86.0827719999999914
21
-191.6245999999999867
0
LINE
8
BLACK
6
CONTINUOUS
10
86.0827719999999914
20
-191.6245999999999867
11
85.9875339999999966
21
-191.4341229999999996
0
LINE
8
BLACK
6
CONTINUOUS
10
85.9875339999999966
20
-191.4341229999999996
11
85.9875339999999966
21
-190.6722189999999841
0
LINE
8
BLACK
6
CONTINUOUS
10
85.9875339999999966
20
-190.6722189999999841
11
86.0827719999999914
21
-190.481741999999997
0
LINE
8
BLACK
6
CONTINUOUS
10
86.0827719999999914
20
-190.481741999999997
11
86.2732479999999953
21
-190.3865040000000022
0
LINE
8
BLACK
6
CONTINUOUS
10
86.2732479999999953
20
-190.3865040000000022
11
86.6542010000000005
21
-190.3865040000000022
0
LINE
8
BLACK
6
CONTINUOUS
10
86.6542010000000005
20
-190.3865040000000022
11
86.8446769999999901
21
-190.481741999999997
0
LINE
8
BLACK
6
CONTINUOUS
10
86.8446769999999901
20
-190.481741999999997
11
86.9399149999999992
21
-190.6722189999999841
0
LINE
8
BLACK
6
CONTINUOUS
10
86.9399149999999992
20
-190.6722189999999841
11
86.9399149999999992
21
-190.8626950000000022
0
LINE
8
BLACK
6
CONTINUOUS
10
86.9399149999999992
20
-190.8626950000000022
11
85.9875339999999966
21
-191.0531709999999919
0
LINE
8
BLACK
6
CONTINUOUS
10
87.7018199999999979
20
-191.6245999999999867
11
87.8922960000000018
21
-191.7198379999999815
0
LINE
8
BLACK
6
CONTINUOUS
10
87.8922960000000018
20
-191.7198379999999815
11
88.2732479999999953
21
-191.7198379999999815
0
LINE
8
BLACK
6
CONTINUOUS
10
88.2732479999999953
20
-191.7198379999999815
11
88.4637249999999966
21
-191.6245999999999867
0
LINE
8
BLACK
6
CONTINUOUS
10
88.4637249999999966
20
-191.6245999999999867
11
88.5589629999999914
21
-191.4341229999999996
0
LINE
8
BLACK
6
CONTINUOUS
10
88.5589629999999914
20
-191.4341229999999996
11
88.5589629999999914
21
-191.3388850000000048
0
LINE
8
BLACK
6
CONTINUOUS
10
88.5589629999999914
20
-191.3388850000000048
11
88.4637249999999966
21
-191.1484089999999867
0
LINE
8
BLACK
6
CONTINUOUS
10
88.4637249999999966
20
-191.1484089999999867
11
88.2732479999999953
21
-191.0531709999999919
0
LINE
8
BLACK
6
CONTINUOUS
10
88.2732479999999953
20
-191.0531709999999919
11
87.9875339999999966
21
-191.0531709999999919
0
LINE
8
BLACK
6
CONTINUOUS
10
87.9875339999999966
20
-191.0531709999999919
11
87.7970579999999927
21
-190.957932999999997
0
LINE
8
BLACK
6
CONTINUOUS
10
87.7970579999999927
20
-190.957932999999997
11
87.7018199999999979
21
-190.767456999999979
0
LINE
8
BLACK
6
CONTINUOUS
10
87.7018199999999979
20
-190.767456999999979
11
87.7018199999999979
21
-190.6722189999999841
0
LINE
8
BLACK
6
CONTINUOUS
10
87.7018199999999979
20
-190.6722189999999841
11
87.7970579999999927
21
-190.481741999999997
0
LINE
8
BLACK
6
CONTINUOUS
10
87.7970579999999927
20
-190.481741999999997
11
87.9875339999999966
21
-190.3865040000000022
0
LINE
8
BLACK
6
CONTINUOUS
10
87.9875339999999966
20
-190.3865040000000022
11
88.2732479999999953
21
-190.3865040000000022
0
LINE
8
BLACK
6
CONTINUOUS
10
88.2732479999999953
20
-190.3865040000000022
11
88.4637249999999966
21
-190.481741999999997
0
LINE
8
BLACK
6
CONTINUOUS
10
89.2256299999999953
20
-192.481741999999997
11
89.3208679999999902
21
-192.3865040000000022
0
LINE
8
BLACK
6
CONTINUOUS
10
89.3208679999999902
20
-192.3865040000000022
11
89.511343999999994
21
-192.1007899999999893
0
LINE
8
BLACK
6
CONTINUOUS
10
89.511343999999994
20
-192.1007899999999893
11
89.6065819999999889
21
-191.9103139999999996
0
LINE
8
BLACK
6
CONTINUOUS
10
89.6065819999999889
20
-191.9103139999999996
11
89.7018199999999979
21
-191.6245999999999867
0
LINE
8
BLACK
6
CONTINUOUS
10
89.7018199999999979
20
-191.6245999999999867
11
89.7970579999999927
21
-191.1484089999999867
0
LINE
8
BLACK
6
CONTINUOUS
10
89.7970579999999927
20
-191.1484089999999867
11
89.7970579999999927
21
-190.767456999999979
0
LINE
8
BLACK
6
CONTINUOUS
10
89.7970579999999927
20
-190.767456999999979
11
89.7018199999999979
21
-190.2912659999999789
0
LINE
8
BLACK
6
CONTINUOUS
10
89.7018199999999979
20
-190.2912659999999789
11
89.6065819999999889
21
-190.0055519999999945
0
LINE
8
BLACK
6
CONTINUOUS
10
89.6065819999999889
20
-190.0055519999999945
11
89.511343999999994
21
-189.8150760000000048
0
LINE
8
BLACK
6
CONTINUOUS
10
89.511343999999994
20
-189.8150760000000048
11
89.3208679999999902
21
-189.5293609999999944
0
LINE
8
BLACK
6
CONTINUOUS
10
89.3208679999999902
20
-189.5293609999999944
11
89.2256299999999953
21
-189.4341229999999996
0
LINE
8
BLACK
6
CONTINUOUS
10
92.8446780000000018
20
-192.481741999999997
11
92.7494389999999953
21
-192.3865040000000022
0
LINE
8
BLACK
6
CONTINUOUS
10
92.7494389999999953
20
-192.3865040000000022
11
92.5589629999999914
21
-192.1007899999999893
0
LINE
8
BLACK
6
CONTINUOUS
10
92.5589629999999914
20
-192.1007899999999893
11
92.4637249999999966
21
-191.9103139999999996
0
LINE
8
BLACK
6
CONTINUOUS
10
92.4637249999999966
20
-191.9103139999999996
11
92.3684870000000018
21
-191.6245999999999867
0
LINE
8
BLACK
6
CONTINUOUS
10
92.3684870000000018
20
-191.6245999999999867
11
92.2732489999999927
21
-191.1484089999999867
0
LINE
8
BLACK
6
CONTINUOUS
10
92.2732489999999927
20
-191.1484089999999867
11
92.2732489999999927
21
-190.767456999999979
0
LINE
8
BLACK
6
CONTINUOUS
10
92.2732489999999927
20
-190.767456999999979
11
92.3684870000000018
21
-190.2912659999999789
0
LINE
8
BLACK
6
CONTINUOUS
10
92.3684870000000018
20
-190.2912659999999789
11
92.4637249999999966
21
-190.0055519999999945
0
LINE
8
BLACK
6
CONTINUOUS
10
92.4637249999999966
20
-190.0055519999999945
11
92.5589629999999914
21
-189.8150760000000048
0
LINE
8
BLACK
6
CONTINUOUS
10
92.5589629999999914
20
-189.8150760000000048
11
92.7494389999999953
21
-189.5293609999999944
0
LINE
8
BLACK
6
CONTINUOUS
10
92.7494389999999953
20
-189.5293609999999944
11
92.8446780000000018
21
-189.4341229999999996
0
LINE
8
BLACK
6
CONTINUOUS
10
93.6065819999999889
20
-190.3865040000000022
11
93.6065819999999889
21
-191.7198379999999815
0
LINE
8
BLACK
6
CONTINUOUS
10
93.6065819999999889
20
-190.5769799999999918
11
93.7018199999999979
21
-190.481741999999997
0
LINE
8
BLACK
6
CONTINUOUS
10
93.7018199999999979
20
-190.481741999999997
11
93.8922960000000018
21
-190.3865040000000022
0
LINE
8
BLACK
6
CONTINUOUS
10
93.8922960000000018
20
-190.3865040000000022
11
94.1780109999999979
21
-190.3865040000000022
0
LINE
8
BLACK
6
CONTINUOUS
10
94.1780109999999979
20
-190.3865040000000022
11
94.3684870000000018
21
-190.481741999999997
0
LINE
8
BLACK
6
CONTINUOUS
10
94.3684870000000018
20
-190.481741999999997
11
94.4637249999999966
21
-190.6722189999999841
0
LINE
8
BLACK
6
CONTINUOUS
10
94.4637249999999966
20
-190.6722189999999841
11
94.4637249999999966
21
-191.7198379999999815
0
LINE
8
BLACK
6
CONTINUOUS
10
95.7018199999999979
20
-191.7198379999999815
11
95.511343999999994
21
-191.6245999999999867
0
LINE
8
BLACK
6
CONTINUOUS
10
95.511343999999994
20
-191.6245999999999867
11
95.4161059999999992
21
-191.5293609999999944
0
LINE
8
BLACK
6
CONTINUOUS
10
95.4161059999999992
20
-191.5293609999999944
11
95.3208679999999902
21
-191.3388850000000048
0
LINE
8
BLACK
6
CONTINUOUS
10
95.3208679999999902
20
-191.3388850000000048
11
95.3208679999999902
21
-190.767456999999979
0
LINE
8
BLACK
6
CONTINUOUS
10
95.3208679999999902
20
-190.767456999999979
11
95.4161059999999992
21
-190.5769799999999918
0
LINE
8
BLACK
6
CONTINUOUS
10
95.4161059999999992
20
-190.5769799999999918
11
95.511343999999994
21
-190.481741999999997
0
LINE
8
BLACK
6
CONTINUOUS
10
95.511343999999994
20
-190.481741999999997
11
95.7018199999999979
21
-190.3865040000000022
0
LINE
8
BLACK
6
CONTINUOUS
10
95.7018199999999979
20
-190.3865040000000022
11
95.9875349999999941
21
-190.3865040000000022
0
LINE
8
BLACK
6
CONTINUOUS
10
95.9875349999999941
20
-190.3865040000000022
11
96.1780109999999979
21
-190.481741999999997
0
LINE
8
BLACK
6
CONTINUOUS
10
96.1780109999999979
20
-190.481741999999997
11
96.2732489999999927
21
-190.5769799999999918
0
LINE
8
BLACK
6
CONTINUOUS
10
96.2732489999999927
20
-190.5769799999999918
11
96.3684870000000018
21
-190.767456999999979
0
LINE
8
BLACK
6
CONTINUOUS
10
96.3684870000000018
20
-190.767456999999979
11
96.3684870000000018
21
-191.3388850000000048
0
LINE
8
BLACK
6
CONTINUOUS
10
96.3684870000000018
20
-191.3388850000000048
11
96.2732489999999927
21
-191.5293609999999944
0
LINE
8
BLACK
6
CONTINUOUS
10
96.2732489999999927
20
-191.5293609999999944
11
96.1780109999999979
21
-191.6245999999999867
0
LINE
8
BLACK
6
CONTINUOUS
10
96.1780109999999979
20
-191.6245999999999867
11
95.9875349999999941
21
-191.7198379999999815
0
LINE
8
BLACK
6
CONTINUOUS
10
95.9875349999999941
20
-191.7198379999999815
11
95.7018199999999979
21
-191.7198379999999815
0
LINE
8
BLACK
6
CONTINUOUS
10
96.9399159999999966
20
-190.3865040000000022
11
97.7018199999999979
21
-190.3865040000000022
0
LINE
8
BLACK
6
CONTINUOUS
10
97.2256299999999953
20
-189.7198379999999815
11
97.2256299999999953
21
-191.4341229999999996
0
LINE
8
BLACK
6
CONTINUOUS
10
97.2256299999999953
20
-191.4341229999999996
11
97.3208679999999902
21
-191.6245999999999867
0
LINE
8
BLACK
6
CONTINUOUS
10
97.3208679999999902
20
-191.6245999999999867
11
97.511343999999994
21
-191.7198379999999815
0
LINE
8
BLACK
6
CONTINUOUS
10
97.511343999999994
20
-191.7198379999999815
11
97.7018199999999979
21
-191.7198379999999815
0
LINE
8
BLACK
6
CONTINUOUS
10
99.8922969999999992
20
-190.3865040000000022
11
99.8922969999999992
21
-192.3865040000000022
0
LINE
8
BLACK
6
CONTINUOUS
10
99.8922969999999992
20
-190.481741999999997
11
100.0827729999999889
21
-190.3865040000000022
0
LINE
8
BLACK
6
CONTINUOUS
10
100.0827729999999889
20
-190.3865040000000022
11
100.4637259999999941
21
-190.3865040000000022
0
LINE
8
BLACK
6
CONTINUOUS
10
100.4637259999999941
20
-190.3865040000000022
11
100.654201999999998
21
-190.481741999999997
0
LINE
8
BLACK
6
CONTINUOUS
10
100.654201999999998
20
-190.481741999999997
11
100.7494399999999928
21
-190.5769799999999918
0
LINE
8
BLACK
6
CONTINUOUS
10
100.7494399999999928
20
-190.5769799999999918
11
100.8446780000000018
21
-190.767456999999979
0
LINE
8
BLACK
6
CONTINUOUS
10
100.8446780000000018
20
-190.767456999999979
11
100.8446780000000018
21
-191.3388850000000048
0
LINE
8
BLACK
6
CONTINUOUS
10
100.8446780000000018
20
-191.3388850000000048
11
100.7494399999999928
21
-191.5293609999999944
0
LINE
8
BLACK
6
CONTINUOUS
10
100.7494399999999928
20
-191.5293609999999944
11
100.654201999999998
21
-191.6245999999999867
0
LINE
8
BLACK
6
CONTINUOUS
10
100.654201999999998
20
-191.6245999999999867
11
100.4637259999999941
21
-191.7198379999999815
0
LINE
8
BLACK
6
CONTINUOUS
10
100.4637259999999941
20
-191.7198379999999815
11
100.0827729999999889
21
-191.7198379999999815
0
LINE
8
BLACK
6
CONTINUOUS
10
100.0827729999999889
20
-191.7198379999999815
11
99.8922969999999992
21
-191.6245999999999867
0
LINE
8
BLACK
6
CONTINUOUS
10
101.9875349999999941
20
-191.7198379999999815
11
101.7970589999999902
21
-191.6245999999999867
0
LINE
8
BLACK
6
CONTINUOUS
10
101.7970589999999902
20
-191.6245999999999867
11
101.7018209999999954
21
-191.4341229999999996
0
LINE
8
BLACK
6
CONTINUOUS
10
101.7018209999999954
20
-191.4341229999999996
11
101.7018209999999954
21
-189.7198379999999815
0
LINE
8
BLACK
6
CONTINUOUS
10
103.6065830000000005
20
-191.7198379999999815
11
103.6065830000000005
21
-190.6722189999999841
0
LINE
8
BLACK
6
CONTINUOUS
10
103.6065830000000005
20
-190.6722189999999841
11
103.5113449999999915
21
-190.481741999999997
0
LINE
8
BLACK
6
CONTINUOUS
10
103.5113449999999915
20
-190.481741999999997
11
103.3208690000000018
21
-190.3865040000000022
0
LINE
8
BLACK
6
CONTINUOUS
10
103.3208690000000018
20
-190.3865040000000022
11
102.9399159999999966
21
-190.3865040000000022
0
LINE
8
BLACK
6
CONTINUOUS
10
102.9399159999999966
20
-190.3865040000000022
11
102.7494399999999928
21
-190.481741999999997
0
LINE
8
BLACK
6
CONTINUOUS
10
103.6065830000000005
20
-191.6245999999999867
11
103.4161069999999967
21
-191.7198379999999815
0
LINE
8
BLACK
6
CONTINUOUS
10
103.4161069999999967
20
-191.7198379999999815
11
102.9399159999999966
21
-191.7198379999999815
0
LINE
8
BLACK
6
CONTINUOUS
10
102.9399159999999966
20
-191.7198379999999815
11
102.7494399999999928
21
-191.6245999999999867
0
LINE
8
BLACK
6
CONTINUOUS
10
102.7494399999999928
20
-191.6245999999999867
11
102.654201999999998
21
-191.4341229999999996
0
LINE
8
BLACK
6
CONTINUOUS
10
102.654201999999998
20
-191.4341229999999996
11
102.654201999999998
21
-191.2436469999999815
0
LINE
8
BLACK
6
CONTINUOUS
10
102.654201999999998
20
-191.2436469999999815
11
102.7494399999999928
21
-191.0531709999999919
0
LINE
8
BLACK
6
CONTINUOUS
10
102.7494399999999928
20
-191.0531709999999919
11
102.9399159999999966
21
-190.957932999999997
0
LINE
8
BLACK
6
CONTINUOUS
10
102.9399159999999966
20
-190.957932999999997
11
103.4161069999999967
21
-190.957932999999997
0
LINE
8
BLACK
6
CONTINUOUS
10
103.4161069999999967
20
-190.957932999999997
11
103.6065830000000005
21
-190.8626950000000022
0
LINE
8
BLACK
6
CONTINUOUS
10
104.2732499999999902
20
-190.3865040000000022
11
105.0351539999999915
21
-190.3865040000000022
0
LINE
8
BLACK
6
CONTINUOUS
10
104.5589639999999889
20
-189.7198379999999815
11
104.5589639999999889
21
-191.4341229999999996
0
LINE
8
BLACK
6
CONTINUOUS
10
104.5589639999999889
20
-191.4341229999999996
11
104.654201999999998
21
-191.6245999999999867
0
LINE
8
BLACK
6
CONTINUOUS
10
104.654201999999998
20
-191.6245999999999867
11
104.8446780000000018
21
-191.7198379999999815
0
LINE
8
BLACK
6
CONTINUOUS
10
104.8446780000000018
20
-191.7198379999999815
11
105.0351539999999915
21
-191.7198379999999815
0
LINE
8
BLACK
6
CONTINUOUS
10
106.4637259999999941
20
-191.6245999999999867
11
106.2732499999999902
21
-191.7198379999999815
0
LINE
8
BLACK
6
CONTINUOUS
10
106.2732499999999902
20
-191.7198379999999815
11
105.8922969999999992
21
-191.7198379999999815
0
LINE
8
BLACK
6
CONTINUOUS
10
105.8922969999999992
20
-191.7198379999999815
11
105.7018209999999954
21
-191.6245999999999867
0
LINE
8
BLACK
6
CONTINUOUS
10
105.7018209999999954
20
-191.6245999999999867
11
105.6065830000000005
21
-191.4341229999999996
0
LINE
8
BLACK
6
CONTINUOUS
10
105.6065830000000005
20
-191.4341229999999996
11
105.6065830000000005
21
-190.6722189999999841
0
LINE
8
BLACK
6
CONTINUOUS
10
105.6065830000000005
20
-190.6722189999999841
11
105.7018209999999954
21
-190.481741999999997
0
LINE
8
BLACK
6
CONTINUOUS
10
105.7018209999999954
20
-190.481741999999997
11
105.8922969999999992
21
-190.3865040000000022
0
LINE
8
BLACK
6
CONTINUOUS
10
105.8922969999999992
20
-190.3865040000000022
11
106.2732499999999902
21
-190.3865040000000022
0
LINE
8
BLACK
6
CONTINUOUS
10
106.2732499999999902
20
-190.3865040000000022
11
106.4637259999999941
21
-190.481741999999997
0
LINE
8
BLACK
6
CONTINUOUS
10
106.4637259999999941
20
-190.481741999999997
11
106.5589639999999889
21
-190.6722189999999841
0
LINE
8
BLACK
6
CONTINUOUS
10
106.5589639999999889
20
-190.6722189999999841
11
106.5589639999999889
21
-190.8626950000000022
0
LINE
8
BLACK
6
CONTINUOUS
10
106.5589639999999889
20
-190.8626950000000022
11
105.6065830000000005
21
-191.0531709999999919
0
LINE
8
BLACK
6
CONTINUOUS
10
108.2732499999999902
20
-191.7198379999999815
11
108.2732499999999902
21
-189.7198379999999815
0
LINE
8
BLACK
6
CONTINUOUS
10
108.2732499999999902
20
-191.6245999999999867
11
108.0827740000000006
21
-191.7198379999999815
0
LINE
8
BLACK
6
CONTINUOUS
10
108.0827740000000006
20
-191.7198379999999815
11
107.7018209999999954
21
-191.7198379999999815
0
LINE
8
BLACK
6
CONTINUOUS
10
107.7018209999999954
20
-191.7198379999999815
11
107.5113449999999915
21
-191.6245999999999867
0
LINE
8
BLACK
6
CONTINUOUS
10
107.5113449999999915
20
-191.6245999999999867
11
107.4161069999999967
21
-191.5293609999999944
0
LINE
8
BLACK
6
CONTINUOUS
10
107.4161069999999967
20
-191.5293609999999944
11
107.3208690000000018
21
-191.3388850000000048
0
LINE
8
BLACK
6
CONTINUOUS
10
107.3208690000000018
20
-191.3388850000000048
11
107.3208690000000018
21
-190.767456999999979
0
LINE
8
BLACK
6
CONTINUOUS
10
107.3208690000000018
20
-190.767456999999979
11
107.4161069999999967
21
-190.5769799999999918
0
LINE
8
BLACK
6
CONTINUOUS
10
107.4161069999999967
20
-190.5769799999999918
11
107.5113449999999915
21
-190.481741999999997
0
LINE
8
BLACK
6
CONTINUOUS
10
107.5113449999999915
20
-190.481741999999997
11
107.7018209999999954
21
-190.3865040000000022
0
LINE
8
BLACK
6
CONTINUOUS
10
107.7018209999999954
20
-190.3865040000000022
11
108.0827740000000006
21
-190.3865040000000022
0
LINE
8
BLACK
6
CONTINUOUS
10
108.0827740000000006
20
-190.3865040000000022
11
108.2732499999999902
21
-190.481741999999997
0
LINE
8
BLACK
6
CONTINUOUS
10
109.0351549999999889
20
-192.481741999999997
11
109.130392999999998
21
-192.3865040000000022
0
LINE
8
BLACK
6
CONTINUOUS
10
109.130392999999998
20
-192.3865040000000022
11
109.3208690000000018
21
-192.1007899999999893
0
LINE
8
BLACK
6
CONTINUOUS
10
109.3208690000000018
20
-192.1007899999999893
11
109.4161069999999967
21
-191.9103139999999996
0
LINE
8
BLACK
6
CONTINUOUS
10
109.4161069999999967
20
-191.9103139999999996
11
109.5113449999999915
21
-191.6245999999999867
0
LINE
8
BLACK
6
CONTINUOUS
10
109.5113449999999915
20
-191.6245999999999867
11
109.6065830000000005
21
-191.1484089999999867
0
LINE
8
BLACK
6
CONTINUOUS
10
109.6065830000000005
20
-191.1484089999999867
11
109.6065830000000005
21
-190.767456999999979
0
LINE
8
BLACK
6
CONTINUOUS
10
109.6065830000000005
20
-190.767456999999979
11
109.5113449999999915
21
-190.2912659999999789
0
LINE
8
BLACK
6
CONTINUOUS
10
109.5113449999999915
20
-190.2912659999999789
11
109.4161069999999967
21
-190.0055519999999945
0
LINE
8
BLACK
6
CONTINUOUS
10
109.4161069999999967
20
-190.0055519999999945
11
109.3208690000000018
21
-189.8150760000000048
0
LINE
8
BLACK
6
CONTINUOUS
10
109.3208690000000018
20
-189.8150760000000048
11
109.130392999999998
21
-189.5293609999999944
0
LINE
8
BLACK
6
CONTINUOUS
10
109.130392999999998
20
-189.5293609999999944
11
109.0351549999999889
21
-189.4341229999999996
  0
ENDSEC
  0
EOF
